#CHROM,POS,ID,REF,ALT,QUAL,FILTER,INFO,FORMAT,HG03928,HG03805,HG03916,HG03814,HG04158,HG03931,HG03607,HG04153,HG03800,HG03910,HG03802,HG03589,HG03009,HG03595,HG04188,HG03941,HG03598,HG03907,HG04176,HG03919,HG04177,HG03826,HG03603,HG04171,HG03913,HG03817,HG04186,HG04155,HG03803,HG03812,HG04140,HG03600,HG03920,HG03917,HG03937,HG03911,HG04161,HG03925,HG03793,HG04173,HG04185,HG03611,HG03830,HG04144,HG03821,HG03908,HG03824,HG03012,HG03616,HG04156,HG03922,HG03914,HG03796,HG03594,HG03823,HG03809,HG04131,HG03006,HG03902,HG04152,HG04182,HG03604,HG04180,HG03940,HG03593,HG03585,HG03829,HG04159,HG04141,HG03832,HG03905,HG03833,HG04195,HG04189,HG03615,HG04164,HG04194,HG03815,HG04146,HG03934,HG03007,HG04183,HG03926,HG04162,HG04134,HG03808
12,108880270,.,G,A,.,PASS,AC=48;AN=5096;DP=25983;AF=0.01;EAS_AF=0.04;EUR_AF=0;AFR_AF=0;AMR_AF=0;SAS_AF=0;VT=SNP;NS=2548,GT,0|0,0|0,0|0,0|0,0|0,0|0,0|0,0|0,0|0,0|0,0|0,0|0,0|0,0|0,0|0,0|0,0|0,0|0,0|0,0|0,0|0,0|0,0|0,0|0,0|0,0|0,0|0,0|0,0|0,0|0,0|1,0|0,0|0,0|0,0|0,0|0,0|0,0|0,0|0,0|0,0|0,0|0,0|0,0|0,0|0,0|0,0|0,0|0,0|0,0|0,0|0,0|0,0|0,0|0,0|0,0|0,0|0,0|0,0|0,0|0,0|0,0|0,0|0,0|0,0|0,0|0,0|0,0|0,0|0,0|0,0|0,0|0,0|0,0|1,0|0,0|0,0|0,0|0,0|0,0|0,0|0,0|0,0|0,0|0,0|0,0|0
12,108880633,.,T,TAAC,.,PASS,AC=3342;AN=5096;DP=21297;AF=0.66;EAS_AF=0.76;EUR_AF=0.55;AFR_AF=0.67;AMR_AF=0.71;SAS_AF=0.61;VT=INDEL;NS=2548,GT,0|1,1|0,1|1,1|0,1|1,1|1,0|1,1|1,1|0,0|1,0|1,1|1,0|1,0|1,1|1,1|0,1|1,0|1,1|1,1|0,0|1,1|1,1|1,1|1,1|1,1|1,0|0,0|1,1|0,1|1,1|0,1|1,1|0,1|1,1|1,1|1,1|1,0|1,1|0,1|0,0|0,0|1,0|0,1|1,1|1,0|1,0|1,1|1,1|1,1|0,1|0,1|0,0|1,1|0,0|0,1|0,0|1,0|1,1|1,0|0,0|1,0|1,1|0,1|0,1|1,1|0,1|1,1|1,0|1,1|0,0|0,1|1,0|1,1|0,1|1,0|1,0|0,0|1,1|1,1|1,0|1,1|0,1|0,0|1,0|0,1|0
12,108880714,.,A,AT,.,PASS,AC=1141;AN=5096;DP=21109;AF=0.22;EAS_AF=0.31;EUR_AF=0.1;AFR_AF=0.22;AMR_AF=0.37;SAS_AF=0.18;VT=INDEL;NS=2548,GT,0|0,0|0,0|0,0|0,1|0,0|0,0|0,0|1,0|0,0|1,0|1,0|0,0|0,0|0,0|0,1|0,0|0,0|0,0|0,1|0,0|1,0|0,1|0,0|0,0|0,1|0,0|0,0|1,0|0,0|1,1|0,1|0,0|0,0|0,1|1,0|0,0|0,0|1,1|0,0|0,0|0,0|0,0|0,0|0,1|1,0|0,0|0,0|0,1|0,0|0,0|0,0|0,0|1,0|0,0|0,0|0,0|1,0|0,1|1,0|0,0|0,0|0,0|0,0|0,1|1,0|0,0|1,0|0,0|1,0|0,0|0,0|1,0|1,0|0,0|0,0|0,0|0,0|0,1|0,1|0,0|0,0|0,0|0,0|1,0|0,1|0
12,108880764,.,G,A,.,PASS,AC=837;AN=5096;DP=21486;AF=0.16;EAS_AF=0.31;EUR_AF=0.09;AFR_AF=0.03;AMR_AF=0.36;SAS_AF=0.15;VT=SNP;NS=2548,GT,0|0,0|0,0|0,0|0,1|0,0|0,0|0,0|1,0|0,0|1,0|1,0|0,0|0,0|0,0|0,1|0,0|0,0|0,0|0,0|0,0|1,0|0,0|0,0|0,0|0,0|0,0|0,0|0,0|0,0|1,1|0,0|0,0|0,0|0,0|1,0|0,0|0,0|1,1|0,0|0,0|0,0|0,0|0,0|0,1|1,0|0,0|0,0|0,1|0,0|0,0|0,0|0,0|1,0|0,0|0,0|0,0|1,0|0,1|0,0|0,0|0,0|0,0|0,0|0,1|1,0|0,0|1,0|0,0|1,0|0,0|0,0|1,0|1,0|0,0|0,0|0,0|0,0|0,1|0,1|0,0|0,0|0,0|0,0|1,0|0,1|0
12,108881003,.,C,T,.,PASS,AC=905;AN=5096;DP=22455;AF=0.18;EAS_AF=0.3;EUR_AF=0.11;AFR_AF=0.04;AMR_AF=0.37;SAS_AF=0.17;VT=SNP;NS=2548,GT,0|0,0|0,0|0,0|0,0|0,0|0,0|0,0|1,0|0,0|1,0|1,0|0,0|0,0|0,0|0,1|0,0|0,0|0,0|0,1|0,0|1,0|0,1|0,0|0,0|0,1|0,1|0,0|1,0|0,0|1,1|0,1|0,0|0,0|0,1|1,0|0,0|0,0|1,1|0,0|0,0|0,0|0,0|0,0|0,1|1,0|0,0|0,0|0,1|0,0|0,0|0,0|0,0|1,0|0,0|0,0|0,0|0,0|0,1|1,0|0,0|0,0|0,0|0,0|0,1|1,0|0,0|1,0|0,0|1,0|0,0|0,0|1,0|1,0|0,0|0,0|0,0|0,0|0,1|0,1|0,0|0,0|0,0|0,0|1,0|0,1|0
12,108881023,.,G,A,.,PASS,AC=446;AN=5096;DP=21804;AF=0.09;EAS_AF=0.2;EUR_AF=0.05;AFR_AF=0.04;AMR_AF=0.03;SAS_AF=0.1;VT=SNP;NS=2548,GT,0|0,0|1,0|0,0|1,0|0,0|0,1|0,0|0,0|0,0|0,0|0,0|0,0|0,1|0,0|0,0|1,0|0,0|0,0|0,0|0,0|0,0|0,0|0,0|0,0|0,0|0,0|1,0|0,1|0,0|0,0|1,0|0,0|0,0|0,0|0,0|0,0|0,1|0,0|1,0|0,0|0,0|0,0|0,0|1,0|0,0|0,0|0,0|0,0|0,0|0,0|0,0|0,0|0,0|0,0|1,0|0,1|0,0|0,0|0,0|0,0|0,0|0,0|0,0|1,0|0,0|0,0|0,0|0,0|0,0|0,0|0,0|0,1|0,0|1,0|0,0|0,0|0,0|1,0|0,0|0,0|0,0|0,0|1,1|0,0|0,0|0
12,108881162,.,TCACA,T,.,PASS,AC=316;AN=5096;DP=20823;AF=0.06;EAS_AF=0.04;EUR_AF=0.11;AFR_AF=0.05;AMR_AF=0.05;SAS_AF=0.07;VT=INDEL;NS=2548,GT,0|0,0|0,0|0,0|0,0|0,0|0,0|0,0|0,0|0,0|0,0|0,0|0,0|0,0|1,0|0,0|0,0|0,0|0,0|0,0|0,1|0,1|0,0|0,0|1,0|1,0|1,0|0,0|0,0|0,0|0,0|0,0|0,0|0,0|0,0|0,0|0,0|0,0|0,0|0,0|0,0|0,0|0,0|0,0|0,0|0,0|0,0|0,0|0,0|0,0|0,0|0,0|0,0|0,0|0,0|0,0|0,0|0,0|1,0|0,0|0,0|0,0|0,0|0,0|0,0|0,0|0,0|0,0|1,0|0,0|0,0|0,0|0,0|0,1|0,0|1,0|0,0|0,0|0,0|0,0|0,0|1,0|0,0|0,0|0,0|0,0|0
12,108881286,.,G,A,.,PASS,AC=18;AN=5096;DP=22607;AF=0;EAS_AF=0;EUR_AF=0.01;AFR_AF=0;AMR_AF=0;SAS_AF=0.01;VT=SNP;NS=2548,GT,0|0,0|0,0|1,0|0,0|0,0|0,0|0,0|0,0|0,0|0,0|0,0|0,0|0,0|0,0|0,0|0,0|0,0|0,0|1,0|0,0|0,0|0,0|0,0|0,0|0,0|0,0|0,0|0,0|0,0|0,0|0,0|0,0|0,0|0,0|0,0|0,0|0,0|0,0|0,0|0,0|0,0|1,0|0,0|0,0|0,0|0,0|0,0|0,0|0,0|0,0|0,0|0,0|0,0|0,0|0,0|0,0|0,0|0,0|0,0|0,0|0,0|0,0|0,0|0,0|0,0|0,0|0,0|0,0|0,0|0,0|0,0|0,0|0,0|0,0|0,0|0,0|0,0|0,0|0,0|0,0|0,0|0,0|0,0|0,0|0,0|0
12,108881380,.,G,A,.,PASS,AC=5;AN=5096;DP=19912;AF=0;EAS_AF=0;EUR_AF=0;AFR_AF=0;AMR_AF=0;SAS_AF=0;VT=SNP;NS=2548,GT,0|0,0|0,0|0,0|0,0|0,0|0,0|0,0|0,0|0,0|0,0|0,0|0,0|0,0|0,0|0,0|0,0|0,0|0,0|0,0|0,0|0,0|0,0|0,0|0,0|0,0|1,0|0,0|0,0|0,0|0,0|0,0|0,0|0,0|0,0|0,0|0,0|0,0|0,0|0,0|0,0|0,0|0,0|0,0|0,0|0,0|0,0|0,0|0,0|0,0|0,0|0,0|0,0|0,0|0,0|0,0|0,0|0,0|0,0|0,0|0,0|0,0|0,0|0,0|0,0|0,0|0,0|0,0|0,0|0,0|0,0|0,0|0,0|0,0|0,0|0,0|0,0|0,0|0,0|0,0|0,0|0,0|0,0|0,0|0,0|0,0|0
12,108881434,.,G,T,.,PASS,AC=21;AN=5096;DP=16635;AF=0;EAS_AF=0;EUR_AF=0;AFR_AF=0;AMR_AF=0;SAS_AF=0.02;VT=SNP;NS=2548,GT,0|0,0|0,0|0,0|0,0|0,0|0,0|0,0|0,0|0,0|0,0|0,0|0,0|0,0|0,0|0,0|0,0|0,0|0,0|0,0|0,0|0,0|0,0|0,0|0,0|0,0|0,0|0,0|0,0|0,0|0,0|0,0|0,0|0,0|0,0|0,0|0,0|0,0|0,0|0,0|0,0|0,0|0,1|0,0|0,0|0,0|0,0|0,0|0,0|0,0|0,0|0,0|0,0|0,0|0,0|0,0|0,0|0,0|0,0|0,0|0,0|0,0|0,0|0,0|0,0|0,0|0,0|0,0|0,0|0,0|0,0|0,0|0,0|0,0|0,0|0,0|0,0|0,0|0,0|0,0|0,0|0,0|0,0|0,0|0,0|0,0|0
12,108881505,.,ACACACG,A,.,PASS,AC=476;AN=5096;DP=19330;AF=0.09;EAS_AF=0.02;EUR_AF=0.09;AFR_AF=0.13;AMR_AF=0.05;SAS_AF=0.15;VT=INDEL;NS=2548,GT,0|0,0|0,0|0,0|0,0|0,0|0,0|0,0|1,0|1,0|0,1|0,0|0,1|0,0|0,0|0,0|0,0|0,1|0,0|0,0|1,0|0,0|0,0|0,0|0,0|0,0|0,0|0,0|0,0|1,0|0,0|0,0|0,0|1,0|0,0|0,0|0,0|0,0|0,0|0,0|1,1|0,0|0,1|0,0|0,0|0,1|0,1|0,0|0,0|0,0|0,0|1,0|0,0|0,0|1,0|0,0|0,0|0,0|0,0|0,0|1,0|0,1|0,0|0,0|0,0|0,0|0,0|0,0|0,0|0,0|1,0|0,0|0,0|0,0|0,0|0,1|0,0|1,1|0,0|0,0|0,0|0,0|1,0|0,0|0,0|1,0|1
12,108881833,.,C,T,.,PASS,AC=2677;AN=5096;DP=11564;AF=0.53;EAS_AF=0.54;EUR_AF=0.28;AFR_AF=0.75;AMR_AF=0.52;SAS_AF=0.46;VT=SNP;NS=2548,GT,0|0,0|1,0|1,0|1,0|0,0|0,1|0,0|0,0|1,0|1,0|1,0|0,1|0,1|0,0|0,0|1,0|0,1|0,1|1,1|1,0|1,0|1,1|0,0|0,0|0,1|0,1|1,1|1,1|1,0|1,1|1,1|0,0|1,0|0,1|1,0|0,0|0,1|1,1|1,0|1,1|0,1|1,1|0,0|1,1|1,0|0,1|0,0|0,1|0,0|0,0|1,0|0,1|1,0|1,0|1,0|0,1|0,0|0,1|1,0|0,0|0,1|1,0|1,0|1,1|1,0|0,0|1,0|0,0|1,0|0,0|0,0|1,1|1,0|1,0|0,0|0,0|1,1|1,1|0,1|0,0|0,0|0,0|1,1|1,1|1,1|1
12,108881956,.,C,CATTTT,.,PASS,AC=6;AN=5096;DP=12720;AF=0;EAS_AF=0;EUR_AF=0;AFR_AF=0;AMR_AF=0;SAS_AF=0.01;VT=INDEL;NS=2548,GT,0|0,0|0,0|0,0|0,0|0,0|1,0|0,0|0,0|0,0|0,0|0,1|0,0|0,0|0,0|0,0|0,0|1,0|0,0|0,0|0,0|0,0|0,0|0,0|0,0|0,0|0,0|0,0|0,0|0,0|0,0|0,0|0,0|0,0|0,0|0,0|0,0|0,0|0,0|0,0|0,0|0,0|0,0|0,0|0,0|0,0|0,0|0,0|0,0|0,0|0,0|0,0|0,0|0,0|0,0|0,0|0,0|0,0|0,0|0,0|0,0|0,0|0,0|0,0|0,0|0,0|0,0|0,0|0,0|0,0|0,0|0,0|0,0|0,0|0,1|0,0|0,0|0,0|0,0|0,0|0,0|0,0|0,0|0,0|0,0|0,0|0
12,108882044,.,C,T,.,PASS,AC=1;AN=5096;DP=17291;AF=0;EAS_AF=0;EUR_AF=0;AFR_AF=0;AMR_AF=0;SAS_AF=0;VT=SNP;NS=2548,GT,0|0,0|0,0|0,0|0,0|0,0|0,0|0,0|1,0|0,0|0,0|0,0|0,0|0,0|0,0|0,0|0,0|0,0|0,0|0,0|0,0|0,0|0,0|0,0|0,0|0,0|0,0|0,0|0,0|0,0|0,0|0,0|0,0|0,0|0,0|0,0|0,0|0,0|0,0|0,0|0,0|0,0|0,0|0,0|0,0|0,0|0,0|0,0|0,0|0,0|0,0|0,0|0,0|0,0|0,0|0,0|0,0|0,0|0,0|0,0|0,0|0,0|0,0|0,0|0,0|0,0|0,0|0,0|0,0|0,0|0,0|0,0|0,0|0,0|0,0|0,0|0,0|0,0|0,0|0,0|0,0|0,0|0,0|0,0|0,0|0,0|0
12,108882195,.,G,C,.,PASS,AC=248;AN=5096;DP=16978;AF=0.05;EAS_AF=0;EUR_AF=0.04;AFR_AF=0.04;AMR_AF=0.02;SAS_AF=0.14;VT=SNP;NS=2548,GT,0|0,0|0,0|0,0|0,0|0,0|0,0|0,0|0,0|0,0|1,0|0,0|0,0|0,0|0,0|0,0|0,0|0,0|0,0|0,1|0,0|1,0|1,1|0,0|0,0|0,1|0,1|0,0|1,0|0,0|0,1|0,1|0,0|0,0|0,1|0,0|0,0|0,0|0,1|0,0|0,0|0,1|0,0|0,0|0,1|1,0|0,0|0,0|0,1|0,0|0,0|0,0|0,1|0,0|0,0|0,0|0,0|0,0|0,1|1,0|0,0|0,0|0,0|0,0|0,1|0,0|0,0|1,0|0,0|1,0|0,0|0,0|0,0|0,0|0,0|0,0|0,0|0,0|0,1|0,0|0,0|0,0|0,0|0,0|0,0|0,0|0
12,108882438,.,G,A,.,PASS,AC=1263;AN=5096;DP=25158;AF=0.25;EAS_AF=0.32;EUR_AF=0.16;AFR_AF=0.23;AMR_AF=0.42;SAS_AF=0.17;VT=SNP;NS=2548,GT,0|0,0|0,0|0,0|0,0|0,0|0,0|0,0|0,0|1,0|0,0|1,0|0,1|0,0|0,0|1,0|0,0|0,1|0,0|0,0|1,0|0,0|0,0|0,0|0,0|0,0|0,0|0,0|0,0|1,0|1,0|0,0|0,0|1,0|0,0|1,0|0,0|0,0|0,0|0,0|1,1|0,0|0,1|0,0|0,0|0,0|0,1|0,0|0,0|0,0|0,0|1,0|0,0|1,0|1,0|0,0|0,0|0,0|0,0|0,0|0,0|0,1|0,0|0,0|0,0|1,0|0,0|0,0|0,0|0,0|0,0|0,0|1,0|1,0|0,0|0,0|0,0|1,1|0,0|0,1|0,0|0,0|0,0|0,0|1,0|1,1|1
12,108882466,.,T,C,.,PASS,AC=1129;AN=5096;DP=24063;AF=0.22;EAS_AF=0.32;EUR_AF=0.16;AFR_AF=0.13;AMR_AF=0.41;SAS_AF=0.17;VT=SNP;NS=2548,GT,0|0,0|0,0|0,0|0,0|0,0|0,0|0,0|0,0|1,0|0,0|1,0|0,1|0,0|0,0|1,0|0,0|0,1|0,0|0,0|1,0|0,0|0,0|0,0|0,0|0,0|0,0|0,0|0,0|1,0|1,0|0,0|0,0|1,0|0,0|1,0|0,0|0,0|0,0|0,0|1,1|0,0|0,1|0,0|0,0|0,0|0,1|0,0|0,0|0,0|0,0|1,0|0,0|1,0|1,0|0,0|0,0|0,0|0,0|0,0|0,0|0,1|0,0|0,0|0,0|1,0|0,0|0,0|0,0|0,0|0,0|0,0|1,0|1,0|0,0|0,0|0,0|1,1|0,0|0,1|0,0|0,0|0,0|0,0|1,0|1,1|1
12,108882641,.,C,T,.,PASS,AC=1989;AN=5096;DP=21280;AF=0.39;EAS_AF=0.32;EUR_AF=0.21;AFR_AF=0.59;AMR_AF=0.47;SAS_AF=0.33;VT=SNP;NS=2548,GT,0|0,0|0,0|1,0|0,0|0,0|0,0|0,0|0,0|1,0|1,0|1,0|0,1|0,0|0,0|1,0|0,0|0,1|0,0|1,1|1,0|1,0|1,1|0,0|0,0|0,1|0,1|0,0|1,0|1,0|1,1|0,1|0,0|1,0|0,1|1,0|0,0|0,0|0,1|0,0|1,1|0,1|1,1|0,0|0,1|1,0|0,1|0,0|0,1|0,0|0,0|1,0|0,1|1,0|1,0|0,0|0,0|0,0|0,1|1,0|0,0|0,1|0,0|0,0|0,1|1,0|0,0|1,0|0,0|1,0|0,0|0,0|1,0|1,0|0,0|0,0|0,0|1,1|0,1|0,1|0,0|0,0|0,0|0,0|1,0|1,1|1
12,108882858,.,G,A,.,PASS,AC=1;AN=5096;DP=21939;AF=0;EAS_AF=0;EUR_AF=0;AFR_AF=0;AMR_AF=0;SAS_AF=0;VT=SNP;NS=2548,GT,0|0,0|0,0|0,0|0,0|0,0|0,0|0,0|0,0|0,0|0,0|0,0|0,0|0,0|0,0|0,0|0,0|0,0|0,0|0,0|0,0|0,0|0,0|0,0|0,0|0,0|0,0|0,0|0,0|0,0|0,0|0,0|0,0|0,0|0,0|0,0|0,0|0,0|0,0|0,0|0,0|0,0|0,0|0,0|0,0|0,0|0,0|0,0|0,0|0,0|0,0|0,0|0,0|0,0|0,0|0,0|0,0|0,0|0,0|0,0|0,0|0,0|0,0|0,0|0,0|0,0|0,0|0,0|0,0|0,0|0,0|0,0|0,0|0,0|0,0|0,0|0,0|0,0|0,0|0,1|0,0|0,0|0,0|0,0|0,0|0,0|0
12,108882859,.,G,T,.,PASS,AC=1;AN=5096;DP=21854;AF=0;EAS_AF=0;EUR_AF=0;AFR_AF=0;AMR_AF=0;SAS_AF=0;VT=SNP;NS=2548,GT,0|0,0|0,0|0,0|0,0|0,0|0,0|0,0|0,0|0,0|0,0|0,0|0,0|0,0|0,0|0,0|0,0|0,0|0,0|0,0|0,0|0,0|0,0|0,0|0,0|0,0|0,0|0,0|0,0|0,0|0,0|0,0|0,0|0,0|0,0|0,0|0,0|0,0|0,0|0,0|0,0|0,0|0,0|0,0|0,0|0,0|0,0|0,0|0,0|0,0|0,0|0,0|0,0|0,0|0,0|0,0|0,0|0,0|0,0|0,0|0,0|0,0|0,0|0,0|0,0|0,0|0,0|0,0|0,0|0,0|0,0|0,0|0,0|0,0|0,0|0,0|0,0|0,0|0,0|0,1|0,0|0,0|0,0|0,0|0,0|0,0|0
12,108882869,.,C,T,.,PASS,AC=1697;AN=5096;DP=21150;AF=0.33;EAS_AF=0.32;EUR_AF=0.18;AFR_AF=0.5;AMR_AF=0.46;SAS_AF=0.19;VT=SNP;NS=2548,GT,0|0,0|0,0|0,0|0,0|0,0|0,0|0,0|0,0|1,0|0,0|1,0|0,1|0,0|0,0|1,0|0,0|0,1|0,0|0,0|1,0|0,0|0,0|0,0|0,0|0,0|0,0|0,0|0,0|1,0|1,0|0,0|0,0|1,0|0,0|1,0|0,0|0,0|0,0|0,0|1,1|0,1|0,1|0,0|0,0|0,0|0,1|0,0|0,0|0,0|0,0|1,0|0,1|1,0|1,0|0,0|0,0|0,0|0,0|0,0|0,0|0,1|0,0|0,0|0,0|1,0|0,0|0,0|0,0|0,0|0,0|0,0|1,0|1,0|0,0|0,0|0,0|1,1|0,0|0,1|0,0|0,0|0,0|0,0|1,0|1,1|1
12,108883209,.,C,T,.,PASS,AC=144;AN=5096;DP=18570;AF=0.03;EAS_AF=0;EUR_AF=0.01;AFR_AF=0.06;AMR_AF=0.01;SAS_AF=0.04;VT=SNP;NS=2548,GT,0|0,0|0,0|1,0|0,0|0,0|0,0|0,0|0,0|0,0|0,0|0,0|0,0|0,0|0,0|0,0|1,0|0,0|0,0|1,0|0,0|0,0|0,0|0,0|0,0|0,0|0,0|0,0|0,0|0,0|0,0|0,0|0,0|0,0|0,0|0,0|0,0|0,1|1,0|0,0|0,0|0,0|1,0|0,0|0,0|0,0|0,0|0,0|0,0|0,0|0,0|0,0|0,0|0,0|0,0|0,0|0,1|0,0|0,0|0,0|0,0|0,0|0,0|0,0|0,0|0,0|0,0|0,0|0,0|0,0|0,0|0,0|0,1|0,0|0,0|0,0|0,0|0,0|0,0|0,0|0,0|0,0|0,0|0,0|0,0|0,0|0
12,108883406,.,G,A,.,PASS,AC=2673;AN=5096;DP=21592;AF=0.52;EAS_AF=0.55;EUR_AF=0.28;AFR_AF=0.75;AMR_AF=0.52;SAS_AF=0.46;VT=SNP;NS=2548,GT,0|0,0|1,0|1,0|1,0|0,0|0,1|0,0|0,0|1,0|1,0|1,0|0,1|0,1|0,0|1,0|1,0|0,1|0,1|1,1|1,0|1,0|1,1|0,1|0,0|0,1|0,1|1,1|1,1|1,0|1,1|1,1|0,0|1,0|0,1|1,0|0,0|0,1|1,1|1,0|1,1|0,1|1,1|0,0|1,1|1,0|0,1|0,0|0,1|0,0|0,0|1,0|0,1|1,0|1,0|1,0|0,1|0,0|0,1|1,0|0,0|0,1|1,0|1,0|1,1|1,0|0,0|1,0|0,0|1,0|0,0|0,0|1,1|1,0|1,0|0,0|0,0|1,1|1,1|0,1|0,0|0,0|0,0|1,1|1,1|1,1|1
12,108883698,.,TCCCTGAGAGGGG,T,.,PASS,AC=81;AN=5096;DP=24436;AF=0.02;EAS_AF=0;EUR_AF=0.02;AFR_AF=0.03;AMR_AF=0.02;SAS_AF=0.02;VT=INDEL;NS=2548,GT,0|0,0|0,0|0,0|0,0|0,0|0,0|0,0|0,0|0,0|0,0|0,0|0,0|0,0|0,0|0,0|0,0|0,0|0,0|0,0|0,0|0,0|0,0|0,0|0,0|0,0|0,0|0,0|0,0|0,0|0,0|0,0|0,0|0,0|0,0|0,0|0,0|0,0|0,0|0,0|0,0|0,1|0,0|0,0|0,0|0,0|0,0|0,0|0,0|0,0|0,0|0,0|0,1|0,0|0,0|0,0|0,0|0,0|0,0|0,0|0,0|0,0|0,0|0,0|0,0|0,0|0,0|0,0|0,0|0,0|0,0|0,0|0,0|0,0|0,0|0,0|0,0|0,0|0,0|0,0|0,0|0,0|0,0|0,0|0,0|0,0|0
12,108883716,.,C,A,.,PASS,AC=1265;AN=5096;DP=23857;AF=0.25;EAS_AF=0.32;EUR_AF=0.16;AFR_AF=0.23;AMR_AF=0.42;SAS_AF=0.17;VT=SNP;NS=2548,GT,0|0,0|0,0|0,0|0,0|0,0|0,0|0,0|0,0|1,0|0,0|1,0|0,1|0,0|0,0|1,0|0,0|0,1|0,0|0,0|1,0|0,0|0,0|0,0|0,0|0,0|0,0|0,0|0,0|1,0|1,0|0,0|0,0|1,0|0,0|1,0|0,0|0,0|0,0|0,0|1,1|0,0|0,1|0,0|0,0|0,0|0,1|0,0|0,0|0,0|0,0|1,0|0,0|1,0|1,0|0,0|0,0|0,0|0,0|0,0|0,0|0,1|0,0|0,0|0,0|1,0|0,0|0,0|0,0|0,0|0,0|0,0|1,0|1,0|0,0|0,0|0,0|1,1|0,0|0,1|0,0|0,0|0,0|0,0|1,0|1,1|1
12,108883944,.,G,A,.,PASS,AC=1542;AN=5096;DP=23802;AF=0.3;EAS_AF=0.32;EUR_AF=0.18;AFR_AF=0.39;AMR_AF=0.45;SAS_AF=0.19;VT=SNP;NS=2548,GT,0|0,0|0,0|0,0|0,0|0,0|0,0|0,0|0,0|1,0|0,0|1,0|0,1|0,0|0,0|1,0|0,0|0,1|0,0|0,0|1,0|0,0|0,0|0,0|0,0|0,0|0,0|0,0|0,0|1,0|1,0|0,0|0,0|1,0|0,0|1,0|0,0|0,0|0,0|0,0|1,1|0,1|0,1|0,0|0,0|0,0|0,1|0,0|0,0|0,0|0,0|1,0|0,1|1,0|1,0|0,0|0,0|0,0|0,0|0,0|0,0|0,1|0,0|0,0|0,0|1,0|0,0|0,0|0,0|0,0|0,0|0,0|1,0|1,0|0,0|0,0|0,0|1,1|0,0|0,1|0,0|0,0|0,0|0,0|1,0|1,1|1
12,108883967,.,T,G,.,PASS,AC=1985;AN=5096;DP=23673;AF=0.39;EAS_AF=0.32;EUR_AF=0.21;AFR_AF=0.59;AMR_AF=0.47;SAS_AF=0.33;VT=SNP;NS=2548,GT,0|0,0|0,0|1,0|0,0|0,0|0,0|0,0|0,0|1,0|1,0|1,0|0,1|0,0|0,0|1,0|0,0|0,1|0,0|1,1|1,0|1,0|1,1|0,0|0,0|0,1|0,1|0,0|1,0|1,0|1,1|0,1|0,0|1,0|0,1|1,0|0,0|0,0|0,1|0,0|1,1|0,1|1,1|0,0|0,1|1,0|0,1|0,0|0,1|0,0|0,0|1,0|0,1|1,0|1,0|0,0|0,0|0,0|0,1|1,0|0,0|0,1|0,0|0,0|0,1|1,0|0,0|1,0|0,0|1,0|0,0|0,0|1,0|1,0|0,0|0,0|0,0|1,1|0,1|0,1|0,0|0,0|0,0|0,0|1,0|1,1|1
12,108884115,.,T,C,.,PASS,AC=173;AN=5096;DP=25171;AF=0.03;EAS_AF=0;EUR_AF=0.02;AFR_AF=0.02;AMR_AF=0.01;SAS_AF=0.12;VT=SNP;NS=2548,GT,0|0,0|0,0|0,0|0,0|0,0|0,0|0,0|0,0|0,0|1,0|0,0|0,0|0,0|0,0|0,0|0,0|0,0|0,0|0,1|0,0|1,0|1,1|0,0|0,0|0,1|0,1|0,0|1,0|0,0|0,1|0,1|0,0|0,0|0,1|0,0|0,0|0,0|0,1|0,0|0,0|0,0|0,0|0,0|0,1|1,0|0,0|0,0|0,1|0,0|0,0|0,0|0,0|0,0|0,0|0,0|0,0|0,0|0,1|1,0|0,0|0,0|0,0|0,0|0,1|0,0|0,0|1,0|0,0|1,0|0,0|0,0|0,0|0,0|0,0|0,0|0,0|0,0|0,1|0,0|0,0|0,0|0,0|0,0|0,0|0,0|0
12,108884393,.,C,G,.,PASS,AC=2373;AN=5096;DP=25014;AF=0.47;EAS_AF=0.48;EUR_AF=0.28;AFR_AF=0.6;AMR_AF=0.51;SAS_AF=0.44;VT=SNP;NS=2548,GT,0|0,0|1,0|1,0|1,0|0,0|0,1|0,0|0,0|1,0|1,0|1,0|0,1|0,1|0,0|1,0|1,0|0,1|0,1|1,1|1,0|1,0|1,1|0,0|0,0|0,1|0,1|1,0|1,1|1,0|1,1|1,1|0,0|1,0|0,1|1,0|0,0|0,1|1,1|1,0|1,1|0,1|1,1|0,0|1,1|1,0|0,1|0,0|0,1|0,0|0,0|1,0|0,1|1,0|1,0|1,0|0,1|0,0|0,1|1,0|0,0|0,1|1,0|0,0|1,1|1,0|0,0|1,0|0,0|1,0|0,0|0,0|1,1|1,0|1,0|0,0|0,0|1,1|1,1|0,1|0,0|0,0|0,0|1,1|1,0|1,1|1
12,108884399,.,T,C,.,PASS,AC=2;AN=5096;DP=25426;AF=0;EAS_AF=0;EUR_AF=0;AFR_AF=0;AMR_AF=0;SAS_AF=0;VT=SNP;NS=2548,GT,0|0,0|0,0|0,0|0,0|0,0|0,0|0,0|0,0|0,0|0,1|0,0|0,0|0,0|0,0|0,0|0,0|0,0|0,0|0,0|0,0|0,0|0,0|0,0|0,0|0,0|0,0|0,0|0,0|0,0|0,0|0,0|0,0|0,0|0,0|0,0|0,0|0,0|0,0|0,0|0,0|0,0|0,0|0,0|0,0|0,0|0,0|0,0|0,0|0,0|0,0|0,0|0,0|0,0|0,0|0,0|0,0|0,0|0,0|0,0|1,0|0,0|0,0|0,0|0,0|0,0|0,0|0,0|0,0|0,0|0,0|0,0|0,0|0,0|0,0|0,0|0,0|0,0|0,0|0,0|0,0|0,0|0,0|0,0|0,0|0,0|0
12,108884493,.,T,C,.,PASS,AC=2;AN=5096;DP=28890;AF=0;EAS_AF=0;EUR_AF=0;AFR_AF=0;AMR_AF=0;SAS_AF=0;VT=SNP;NS=2548,GT,0|0,0|0,0|0,0|0,0|0,0|0,0|0,0|0,0|0,0|0,0|0,0|0,0|0,1|0,0|0,0|0,0|0,0|0,0|0,0|0,0|0,0|0,0|0,0|0,0|0,0|0,0|0,0|0,0|0,0|0,0|0,0|0,0|0,0|0,0|0,0|0,0|0,0|0,0|1,0|0,0|0,0|0,0|0,0|0,0|0,0|0,0|0,0|0,0|0,0|0,0|0,0|0,0|0,0|0,0|0,0|0,0|0,0|0,0|0,0|0,0|0,0|0,0|0,0|0,0|0,0|0,0|0,0|0,0|0,0|0,0|0,0|0,0|0,0|0,0|0,0|0,0|0,0|0,0|0,0|0,0|0,0|0,0|0,0|0,0|0,0|0
12,108884547,.,C,T,.,PASS,AC=239;AN=5096;DP=28253;AF=0.05;EAS_AF=0;EUR_AF=0.14;AFR_AF=0;AMR_AF=0.07;SAS_AF=0.05;VT=SNP;NS=2548,GT,0|0,0|0,0|0,0|0,0|1,0|0,0|0,0|0,0|0,0|0,0|0,0|1,0|1,0|0,0|0,0|0,1|0,0|0,0|0,0|0,1|0,0|0,0|0,0|0,0|0,0|0,0|0,0|0,0|0,0|0,0|0,0|1,0|0,0|0,0|0,1|0,0|0,0|0,0|0,0|0,0|0,0|0,0|0,0|0,0|0,0|0,0|1,1|0,0|0,0|0,1|0,0|0,0|0,0|0,0|0,0|0,0|1,0|0,0|0,0|0,0|0,0|0,0|0,1|0,0|0,0|1,0|0,0|0,0|0,0|0,0|0,0|0,0|0,0|0,0|0,0|0,0|0,0|0,0|0,0|0,0|0,0|0,0|0,0|0,0|0,0|0
12,108884971,.,T,G,.,PASS,AC=2479;AN=5096;DP=229390;AF=0.49;EAS_AF=0.48;EUR_AF=0.33;AFR_AF=0.6;AMR_AF=0.55;SAS_AF=0.46;EX_TARGET;VT=SNP;NS=2548,GT,0|0,0|1,0|1,0|1,0|0,1|0,1|0,0|0,0|1,0|1,0|1,0|0,1|0,1|0,0|1,0|1,0|0,1|0,1|1,1|1,0|1,0|1,1|0,0|0,0|0,1|1,1|1,0|1,1|1,0|1,1|1,1|0,0|1,1|0,1|1,0|1,0|0,1|1,1|1,0|1,1|0,1|1,1|0,0|1,1|1,0|0,1|0,0|0,1|0,1|0,0|1,0|0,1|1,0|1,0|1,1|0,1|0,0|0,1|1,0|0,0|0,1|1,0|0,0|1,1|1,0|0,0|1,0|0,0|1,0|0,0|0,0|1,1|1,0|1,0|0,0|0,0|1,1|1,1|0,1|0,0|0,0|0,0|1,1|1,0|1,1|1
12,108885395,.,G,A,.,PASS,AC=11;AN=5096;DP=33716;AF=0;EAS_AF=0;EUR_AF=0;AFR_AF=0;AMR_AF=0;SAS_AF=0.01;VT=SNP;NS=2548,GT,0|0,0|0,0|0,0|0,0|0,0|0,0|0,0|0,0|1,0|0,0|0,0|0,0|0,0|0,0|0,0|0,0|0,0|0,0|0,0|1,0|0,0|0,0|0,0|0,0|0,0|0,0|0,0|0,0|0,0|0,0|0,0|0,0|0,0|0,0|0,0|0,0|0,0|0,0|0,0|0,0|0,0|0,0|0,0|0,0|0,0|0,0|0,0|0,0|0,0|0,0|0,0|0,0|0,0|0,0|0,0|0,0|0,0|0,0|0,0|0,0|0,0|0,0|0,0|0,0|0,0|0,0|0,0|0,0|0,0|0,0|0,0|0,0|0,0|0,0|0,0|0,0|0,0|0,0|0,0|0,0|0,0|0,0|0,0|0,0|0,0|0
12,108885425,.,G,A,.,PASS,AC=7;AN=5096;DP=28769;AF=0;EAS_AF=0;EUR_AF=0;AFR_AF=0;AMR_AF=0;SAS_AF=0.01;VT=SNP;NS=2548,GT,0|1,0|0,0|0,0|0,0|0,0|0,0|0,0|0,0|0,0|0,0|0,0|0,0|0,0|0,0|0,0|0,0|0,0|0,0|0,0|0,0|0,0|0,0|0,0|0,0|0,0|0,0|0,0|0,0|0,0|0,0|0,0|0,0|0,0|0,0|0,0|0,0|0,0|0,0|0,0|0,0|0,0|0,0|0,0|0,0|0,0|0,0|0,0|0,0|0,0|0,0|0,0|0,0|0,0|0,0|0,0|0,0|0,0|0,0|0,0|0,0|0,0|0,0|0,0|0,0|0,0|0,0|0,0|0,0|0,0|0,0|0,0|0,0|0,0|0,0|0,0|0,0|0,0|0,0|0,0|0,0|0,0|0,0|0,0|0,0|0,0|0
12,108885760,.,T,A,.,PASS,AC=1249;AN=5096;DP=18004;AF=0.25;EAS_AF=0.47;EUR_AF=0.19;AFR_AF=0.05;AMR_AF=0.42;SAS_AF=0.21;VT=SNP;NS=2548,GT,0|0,0|1,0|0,0|1,0|0,0|0,1|0,0|0,0|0,0|0,0|1,0|0,1|0,1|0,0|0,0|1,0|0,0|0,1|0,0|0,0|0,0|0,0|0,0|0,0|0,0|1,0|1,0|0,1|1,0|1,0|1,0|0,0|1,0|0,0|1,0|0,0|0,1|1,0|1,0|1,0|0,0|0,0|0,0|1,0|0,0|0,0|0,0|0,0|0,0|0,0|0,0|0,0|1,0|0,0|1,0|0,1|0,0|0,0|0,0|0,0|0,0|1,0|0,0|0,0|1,0|0,0|0,0|0,0|0,0|0,0|0,0|1,1|1,0|1,0|0,0|0,0|1,0|1,0|0,1|0,0|0,0|0,0|1,1|1,0|0,1|1
12,108886498,.,T,A,.,PASS,AC=2;AN=5096;DP=20640;AF=0;EAS_AF=0;EUR_AF=0;AFR_AF=0;AMR_AF=0;SAS_AF=0;VT=SNP;NS=2548,GT,0|0,0|0,0|0,0|0,0|0,0|0,0|0,0|0,0|0,0|0,0|0,0|0,0|0,0|0,0|0,0|0,0|0,0|0,0|0,0|0,0|0,0|0,0|0,0|0,0|0,0|0,0|0,0|0,0|0,0|0,0|0,0|0,0|0,0|0,0|0,0|0,0|0,0|0,0|0,0|0,0|0,0|0,0|0,0|0,0|0,0|0,0|0,0|0,0|0,0|0,0|0,0|0,0|0,0|0,0|0,0|1,0|0,0|0,0|0,0|0,0|0,0|0,0|0,0|0,0|0,0|0,0|0,0|0,0|0,0|0,0|0,0|0,0|0,0|0,0|0,0|0,0|0,0|0,0|0,0|0,0|0,0|0,0|0,0|0,0|0,0|0
12,108886759,.,A,C,.,PASS,AC=4416;AN=5096;DP=21348;AF=0.87;EAS_AF=1;EUR_AF=0.72;AFR_AF=0.92;AMR_AF=0.83;SAS_AF=0.85;VT=SNP;NS=2548,GT,0|1,1|1,1|1,1|1,1|1,1|1,1|1,1|1,1|0,0|1,1|1,1|1,1|1,1|1,1|0,1|1,1|1,0|1,1|1,1|0,1|1,1|1,1|1,1|1,1|1,1|1,1|1,1|1,1|1,1|1,1|1,1|1,1|1,1|1,1|1,1|1,1|1,1|1,1|1,1|1,0|0,1|1,0|0,1|1,1|1,1|1,1|1,1|1,1|0,1|0,1|0,1|0,1|1,1|1,0|1,1|1,1|1,0|1,1|1,0|1,0|1,0|1,1|1,1|1,1|1,1|1,1|1,1|1,0|1,1|1,0|0,1|1,1|1,1|1,1|1,1|1,0|1,1|1,1|1,1|1,0|1,1|1,1|1,1|1,1|1,1|1
12,108886824,.,C,CA,.,PASS,AC=2191;AN=5096;DP=24017;AF=0.43;EAS_AF=0.47;EUR_AF=0.27;AFR_AF=0.53;AMR_AF=0.5;SAS_AF=0.37;VT=INDEL;NS=2548,GT,0|0,0|1,0|0,0|1,0|0,0|0,1|0,0|0,0|0,0|1,0|1,0|0,1|0,1|0,0|0,0|1,0|0,0|0,1|0,1|0,0|1,0|1,1|0,0|0,0|0,1|1,1|1,0|1,1|1,0|1,1|1,1|0,0|1,0|0,1|1,0|0,0|0,1|1,1|1,0|1,0|0,1|0,0|0,0|1,1|1,0|0,1|0,0|0,1|0,0|0,0|0,0|0,1|1,0|0,0|1,0|0,1|0,0|0,1|1,0|0,0|0,0|1,0|0,0|0,1|1,0|0,0|1,0|0,0|1,0|0,0|0,0|1,1|1,0|1,0|0,0|0,0|1,1|1,1|0,1|0,0|0,0|0,0|1,1|1,0|1,1|1
12,108887062,.,C,T,.,PASS,AC=250;AN=5096;DP=27877;AF=0.05;EAS_AF=0;EUR_AF=0.04;AFR_AF=0.04;AMR_AF=0.02;SAS_AF=0.14;VT=SNP;NS=2548,GT,0|0,0|0,0|0,0|0,0|0,0|0,0|0,0|0,0|0,0|1,0|0,0|0,0|0,0|0,0|0,0|0,0|0,0|0,0|0,1|0,0|1,0|1,1|0,0|0,0|0,1|0,1|0,0|1,0|0,0|0,1|0,1|0,0|0,0|0,1|0,0|0,0|0,0|0,1|0,0|0,0|0,1|0,0|0,0|0,1|1,0|0,0|0,0|0,1|0,0|0,0|0,0|0,1|0,0|0,0|0,0|0,0|0,0|0,1|1,0|0,0|0,0|0,0|0,0|0,1|0,0|0,0|1,0|0,0|1,0|0,0|0,0|0,0|0,0|0,0|0,0|0,0|0,0|0,1|0,0|0,0|0,0|0,0|0,0|0,0|0,0|0
12,108887224,.,A,G,.,PASS,AC=1;AN=5096;DP=63345;AF=0;EAS_AF=0;EUR_AF=0;AFR_AF=0;AMR_AF=0;SAS_AF=0;VT=SNP;NS=2548,GT,0|0,0|0,0|0,0|0,0|0,0|0,0|0,0|0,0|0,0|0,0|0,0|0,0|0,0|0,0|0,0|0,0|0,0|0,0|0,0|0,0|0,0|0,0|0,0|0,0|0,0|0,0|0,0|0,0|0,0|0,0|0,0|0,0|0,0|0,0|0,0|0,0|0,0|0,0|0,0|0,0|0,0|0,0|0,0|0,0|0,0|0,0|0,0|0,0|0,0|0,0|0,0|0,0|0,0|0,0|0,0|0,0|0,0|0,0|0,0|0,0|0,0|0,0|0,0|1,0|0,0|0,0|0,0|0,0|0,0|0,0|0,0|0,0|0,0|0,0|0,0|0,0|0,0|0,0|0,0|0,0|0,0|0,0|0,0|0,0|0,0|0
12,108887351,.,C,T,.,PASS,AC=349;AN=5096;DP=246284;AF=0.07;EAS_AF=0;EUR_AF=0.02;AFR_AF=0.22;AMR_AF=0.02;SAS_AF=0.02;VT=SNP;NS=2548,GT,0|0,0|0,0|0,0|0,0|0,0|0,0|0,0|0,0|0,0|0,0|0,0|0,0|0,0|0,0|0,0|0,0|0,0|0,0|0,0|0,0|0,0|0,0|0,0|0,0|0,0|0,0|0,0|0,0|0,0|0,0|0,0|0,0|0,0|0,0|0,0|0,0|0,0|0,0|0,0|0,0|0,0|0,0|0,0|0,0|0,0|0,1|0,0|0,0|0,0|0,0|0,0|0,0|0,0|0,0|0,0|0,0|0,0|0,0|0,0|0,0|0,0|0,0|0,0|0,0|0,0|0,0|0,0|0,0|0,0|0,0|0,0|0,0|0,0|0,0|0,0|0,0|0,1|0,0|0,0|0,0|0,0|0,0|0,0|0,0|1,0|0
12,108887534,.,G,A,.,PASS,AC=739;AN=5096;DP=523478;AF=0.15;EAS_AF=0;EUR_AF=0.08;AFR_AF=0.33;AMR_AF=0.07;SAS_AF=0.16;EX_TARGET;VT=SNP;NS=2548,GT,0|0,0|0,0|0,0|0,0|0,0|0,0|0,0|0,0|0,0|1,0|0,0|0,0|0,0|0,0|0,0|0,0|0,0|0,0|0,1|0,0|1,0|1,1|0,0|0,0|0,1|0,1|0,0|1,0|0,0|0,1|0,1|0,0|0,0|0,1|0,0|0,0|0,0|0,1|0,0|0,0|0,1|0,0|0,0|0,1|1,0|0,1|0,0|0,1|0,0|0,0|0,0|0,1|0,0|0,0|0,0|0,0|0,0|0,1|1,0|0,0|0,0|0,0|0,0|0,1|0,0|0,0|1,0|0,0|1,0|0,0|0,0|0,0|0,0|0,0|0,0|0,0|0,1|0,1|0,0|0,0|0,0|0,0|0,0|0,0|1,0|0
12,108887702,.,G,C,.,PASS,AC=105;AN=5096;DP=125884;AF=0.02;EAS_AF=0.07;EUR_AF=0;AFR_AF=0.02;AMR_AF=0;SAS_AF=0.01;VT=SNP;NS=2548,GT,0|0,0|0,0|0,0|0,0|0,0|0,0|0,0|0,0|0,0|0,0|0,0|0,0|0,0|0,0|0,0|0,0|0,0|0,0|0,0|0,0|0,0|0,0|0,1|0,0|0,0|0,0|0,0|0,0|0,0|0,0|0,0|0,0|0,0|0,0|0,0|0,0|0,0|0,0|0,0|0,0|0,0|0,0|0,0|0,0|0,0|0,0|0,0|0,0|0,0|0,0|0,0|0,0|0,0|1,0|0,0|0,0|0,0|0,0|0,0|0,0|0,0|0,0|0,0|0,0|0,0|0,0|0,0|0,0|0,0|0,0|0,0|0,0|0,0|0,0|0,0|0,0|0,0|0,0|0,0|0,0|0,0|0,0|0,0|0,1|0,0|0
12,108887841,.,C,G,.,PASS,AC=7;AN=5096;DP=29663;AF=0;EAS_AF=0;EUR_AF=0;AFR_AF=0;AMR_AF=0;SAS_AF=0.01;VT=SNP;NS=2548,GT,0|0,0|0,0|0,0|0,0|0,0|0,0|0,0|0,0|0,0|0,0|0,0|0,0|0,0|0,0|0,0|0,0|0,0|0,0|0,0|0,0|0,0|0,0|0,0|0,0|0,0|0,0|0,0|0,0|0,0|0,0|0,0|0,0|0,0|0,0|0,0|0,0|0,0|0,0|0,0|0,0|0,0|0,0|0,0|0,0|1,0|0,0|0,0|0,0|0,0|0,0|0,0|0,0|0,0|0,0|0,0|0,0|0,0|0,0|0,0|0,0|0,0|0,0|0,0|0,0|0,0|0,0|0,0|0,0|0,0|0,0|0,0|0,0|0,0|0,0|0,0|0,0|0,0|0,0|0,0|0,0|0,0|0,0|0,0|0,0|0,0|0
12,108887901,.,A,G,.,PASS,AC=389;AN=5096;DP=24614;AF=0.08;EAS_AF=0;EUR_AF=0.04;AFR_AF=0.23;AMR_AF=0.03;SAS_AF=0.02;VT=SNP;NS=2548,GT,0|0,0|0,0|0,0|0,0|0,0|0,0|0,0|0,0|0,0|0,0|0,0|0,0|0,0|0,0|0,0|0,0|0,0|0,0|0,0|0,0|0,0|0,0|0,0|0,0|0,0|0,0|0,0|0,0|0,0|0,0|0,0|0,0|0,0|0,0|0,0|0,0|0,0|0,0|0,0|0,0|0,0|0,0|0,0|0,0|0,0|0,1|0,0|0,0|0,0|0,0|0,0|0,0|0,0|0,0|0,0|0,0|0,0|0,0|0,0|0,0|0,0|0,0|0,0|0,0|0,0|0,0|0,0|0,0|0,0|0,0|0,0|0,0|0,0|0,0|0,0|0,0|0,1|0,0|0,0|0,0|0,0|0,0|0,0|0,0|1,0|0
12,108887919,.,G,A,.,PASS,AC=2187;AN=5096;DP=23307;AF=0.43;EAS_AF=0.47;EUR_AF=0.27;AFR_AF=0.52;AMR_AF=0.5;SAS_AF=0.37;VT=SNP;NS=2548,GT,0|0,0|1,0|0,0|1,0|0,0|0,1|0,0|0,0|0,0|1,0|1,0|0,1|0,1|0,0|0,0|1,0|0,0|0,1|0,1|0,0|1,0|1,1|0,0|0,0|0,1|1,1|1,0|1,1|1,0|1,1|1,1|0,0|1,0|0,1|1,0|0,0|0,1|1,1|1,0|1,0|0,1|0,0|0,0|1,1|1,0|0,1|0,0|0,1|0,0|0,0|0,0|0,1|1,0|0,0|1,0|0,1|0,0|0,1|1,0|0,0|0,0|1,0|0,0|0,1|1,0|0,0|1,0|0,0|1,0|0,0|0,0|1,1|1,0|1,0|0,0|0,0|1,1|1,1|0,1|0,0|0,0|0,0|1,1|1,0|1,1|1
12,108887972,.,T,C,.,PASS,AC=2561;AN=5096;DP=22644;AF=0.5;EAS_AF=0.54;EUR_AF=0.27;AFR_AF=0.74;AMR_AF=0.52;SAS_AF=0.38;VT=SNP;NS=2548,GT,0|0,0|1,0|0,0|1,0|0,0|0,1|0,0|0,0|0,0|1,0|1,0|0,1|0,1|0,0|0,0|1,0|0,0|0,0|1,1|0,0|1,0|1,1|0,1|0,0|0,1|1,1|1,0|1,1|1,0|1,1|1,1|0,0|1,0|0,1|1,0|0,0|0,1|1,1|1,0|1,0|0,1|0,0|0,0|1,1|1,0|0,1|0,0|0,1|0,0|0,0|0,0|0,1|1,0|1,0|1,0|0,1|0,0|0,1|1,0|0,0|0,0|1,0|0,0|0,1|1,0|0,0|1,0|0,0|1,0|0,0|0,0|1,1|1,0|1,0|0,0|0,0|1,1|1,1|0,1|0,0|0,0|0,0|1,1|1,1|1,1|1
12,108888108,.,G,A,.,PASS,AC=2186;AN=5096;DP=21295;AF=0.43;EAS_AF=0.47;EUR_AF=0.27;AFR_AF=0.52;AMR_AF=0.5;SAS_AF=0.37;VT=SNP;NS=2548,GT,0|0,0|1,0|0,0|1,0|0,0|0,1|0,0|0,0|0,0|1,0|1,0|0,1|0,1|0,0|0,0|1,0|0,0|0,0|1,1|0,0|1,0|1,1|0,0|0,0|0,1|1,1|1,0|1,1|1,0|1,1|1,1|0,0|1,0|0,1|1,0|0,0|0,1|1,1|1,0|1,0|0,1|0,0|0,0|1,1|1,0|0,1|0,0|0,1|0,0|0,0|0,0|0,1|1,0|0,0|1,0|0,1|0,0|0,1|1,0|0,0|0,0|1,0|0,0|0,1|1,0|0,0|1,0|0,0|1,0|0,0|0,0|1,1|1,0|1,0|0,0|0,0|1,1|1,1|0,1|0,0|0,0|0,0|1,1|1,0|1,1|1
12,108888421,.,T,C,.,PASS,AC=2192;AN=5096;DP=20820;AF=0.43;EAS_AF=0.47;EUR_AF=0.27;AFR_AF=0.53;AMR_AF=0.5;SAS_AF=0.37;VT=SNP;NS=2548,GT,0|0,0|1,0|0,0|1,0|0,0|0,1|0,0|0,0|0,0|1,0|1,0|0,1|0,1|0,0|0,0|1,0|0,0|0,0|1,1|0,0|1,0|1,1|0,0|0,0|0,1|1,1|1,0|1,1|1,0|1,1|1,1|0,0|1,0|0,1|1,0|0,0|0,1|1,1|1,0|1,0|0,1|0,0|0,0|1,1|1,0|0,1|0,0|0,1|0,0|0,0|0,0|0,1|1,0|0,0|1,0|0,1|0,0|0,1|1,0|0,0|0,0|1,0|0,0|0,1|1,0|0,0|1,0|0,0|1,0|0,0|0,0|1,1|1,0|1,0|0,0|0,0|1,1|1,1|0,1|0,0|0,0|0,0|1,1|1,0|1,1|1
12,108888732,.,T,C,.,PASS,AC=1256;AN=5096;DP=22606;AF=0.25;EAS_AF=0.47;EUR_AF=0.19;AFR_AF=0.05;AMR_AF=0.42;SAS_AF=0.21;VT=SNP;NS=2548,GT,0|0,0|1,0|0,0|1,0|0,0|0,1|0,0|0,0|0,0|0,0|1,0|0,1|0,1|0,0|0,0|1,0|0,0|0,0|1,0|0,0|0,0|0,0|0,0|0,0|0,0|1,0|1,0|0,1|1,0|1,0|1,0|0,0|1,0|0,0|1,0|0,0|0,1|1,0|1,0|1,0|0,0|0,0|0,0|1,0|0,0|0,0|0,0|0,0|0,0|0,0|0,0|0,0|1,0|0,0|1,0|0,1|0,0|0,0|0,0|0,0|0,0|1,0|0,0|0,0|1,0|0,0|0,0|0,0|0,0|0,0|0,0|1,1|1,0|1,0|0,0|0,0|1,0|1,0|0,1|0,0|0,0|0,0|1,1|1,0|0,1|1
12,108888909,.,C,T,.,PASS,AC=1578;AN=5096;DP=22530;AF=0.31;EAS_AF=0.47;EUR_AF=0.23;AFR_AF=0.14;AMR_AF=0.45;SAS_AF=0.35;VT=SNP;NS=2548,GT,0|0,0|1,0|0,0|1,0|0,0|0,1|0,0|0,0|0,0|1,0|1,0|0,1|0,1|0,0|0,0|1,0|0,0|0,0|1,1|0,0|1,0|1,1|0,0|0,0|0,1|1,1|1,0|1,1|1,0|1,1|1,1|0,0|1,0|0,1|1,0|0,0|0,1|1,1|1,0|1,0|0,1|0,0|0,0|1,1|1,0|0,0|0,0|0,1|0,0|0,0|0,0|0,1|1,0|0,0|1,0|0,1|0,0|0,1|1,0|0,0|0,0|1,0|0,0|0,1|1,0|0,0|1,0|0,0|1,0|0,0|0,0|1,1|1,0|1,0|0,0|0,0|1,0|1,1|0,1|0,0|0,0|0,0|1,1|1,0|0,1|1
12,108889109,.,AT,A,.,PASS,AC=2555;AN=5096;DP=23177;AF=0.5;EAS_AF=0.55;EUR_AF=0.3;AFR_AF=0.71;AMR_AF=0.52;SAS_AF=0.37;VT=INDEL;NS=2548,GT,0|0,0|1,0|0,0|1,0|0,0|0,1|0,0|0,0|0,0|1,0|1,0|0,1|0,1|0,0|0,0|1,0|0,0|0,0|1,1|0,0|1,0|1,0|0,1|0,0|0,0|1,1|1,0|1,1|1,0|1,1|1,0|0,0|1,0|0,0|1,0|0,0|0,1|1,0|1,0|1,0|0,1|0,0|1,0|1,1|1,0|0,1|0,0|0,1|0,0|0,0|0,0|0,1|1,0|1,0|1,0|0,1|0,0|1,1|0,0|0,0|0,0|1,0|0,0|0,1|1,0|0,0|0,0|0,0|1,0|0,0|0,0|1,1|1,0|1,0|0,0|0,0|1,1|1,1|0,1|0,0|0,0|0,0|1,1|1,1|1,1|1
12,108889750,.,C,T,.,PASS,AC=24;AN=5096;DP=52022;AF=0;EAS_AF=0;EUR_AF=0.01;AFR_AF=0;AMR_AF=0;SAS_AF=0.01;VT=SNP;NS=2548,GT,0|0,0|0,0|0,0|0,0|0,0|0,0|0,0|0,0|0,0|0,0|0,0|0,0|0,0|0,0|0,0|0,0|0,0|0,0|0,0|0,0|0,0|0,0|0,0|0,0|0,0|0,0|0,0|0,0|0,0|0,0|0,0|0,0|0,0|0,0|0,0|0,0|0,0|0,0|0,0|0,0|0,0|0,0|0,0|0,0|0,0|0,0|0,0|0,0|0,0|0,0|0,0|0,0|0,0|0,1|0,0|0,0|0,0|0,0|0,0|0,1|0,0|0,0|0,0|0,0|0,0|0,0|0,0|0,0|0,0|0,0|0,0|0,0|0,0|0,0|0,0|0,0|0,0|0,0|0,0|0,0|0,0|0,0|0,0|0,0|0,0|0
12,108889796,.,T,G,.,PASS,AC=106;AN=5096;DP=39312;AF=0.02;EAS_AF=0.07;EUR_AF=0;AFR_AF=0.02;AMR_AF=0;SAS_AF=0.01;VT=SNP;NS=2548,GT,0|0,0|0,0|0,0|0,0|0,0|0,0|0,0|0,0|0,0|0,0|0,0|0,0|0,0|0,0|0,0|0,0|0,0|0,0|0,0|0,0|0,0|0,0|0,1|0,0|0,0|0,0|0,0|0,0|0,0|0,0|0,0|0,0|0,0|0,0|0,0|0,0|0,0|0,0|0,0|0,0|0,0|0,0|0,0|0,0|0,0|0,0|0,0|0,0|0,0|0,0|0,0|0,0|0,0|1,0|0,0|0,0|0,0|0,0|0,0|0,0|0,0|0,0|0,0|0,0|0,0|0,0|0,0|0,0|0,0|0,0|0,0|0,0|0,0|0,0|0,0|0,0|0,0|0,0|0,0|0,0|0,0|0,0|0,0|0,1|0,0|0
12,108889827,.,A,C,.,PASS,AC=1603;AN=5096;DP=35693;AF=0.31;EAS_AF=0.45;EUR_AF=0.44;AFR_AF=0.02;AMR_AF=0.28;SAS_AF=0.47;VT=SNP;NS=2548,GT,0|1,1|0,1|1,1|0,1|1,1|1,0|1,1|1,1|0,0|0,1|0,1|1,0|1,0|1,1|0,1|0,1|1,0|1,1|0,0|0,1|0,1|0,0|1,0|1,1|1,0|0,0|0,1|0,0|0,1|0,0|0,0|1,1|0,1|1,0|0,1|1,1|1,0|0,0|0,1|0,0|0,0|1,0|0,1|0,0|0,1|1,0|1,1|1,0|0,1|0,1|0,1|0,0|0,1|0,0|0,1|1,0|1,0|1,0|0,0|1,0|1,0|0,1|1,1|1,0|0,1|1,1|0,1|1,0|0,1|1,0|0,1|0,0|0,1|0,1|1,1|1,0|0,0|0,0|1,0|1,0|1,1|1,1|0,0|0,0|0,0|0
12,108890310,.,C,A,.,PASS,AC=37;AN=5096;DP=244017;AF=0.01;EAS_AF=0.03;EUR_AF=0;AFR_AF=0;AMR_AF=0;SAS_AF=0;VT=SNP;NS=2548,GT,0|0,0|0,0|0,0|0,0|0,0|0,0|0,0|0,0|0,0|0,0|0,0|0,0|0,0|1,0|0,0|0,0|0,0|0,0|0,0|0,0|0,0|0,0|0,0|0,0|0,0|0,0|0,0|0,0|0,0|0,0|0,0|0,0|0,0|0,0|0,0|0,0|0,0|0,0|0,0|0,0|0,0|0,0|0,0|0,0|0,0|0,0|0,0|0,0|0,0|0,0|0,0|0,0|0,0|0,0|0,0|0,0|0,0|0,0|0,0|0,0|0,0|0,0|0,0|0,0|0,0|0,0|0,0|0,0|0,0|0,0|0,0|0,0|0,0|0,0|0,0|0,0|0,0|0,0|0,0|0,0|0,0|0,0|0,0|0,0|0,0|0
12,108890686,.,C,CAGAT,.,PASS,AC=2;AN=5096;DP=25601;AF=0;EAS_AF=0;EUR_AF=0;AFR_AF=0;AMR_AF=0;SAS_AF=0;VT=INDEL;NS=2548,GT,0|0,0|0,0|0,0|0,0|0,0|0,0|0,0|0,0|0,0|0,0|0,0|0,0|0,0|0,0|0,0|0,0|0,0|0,0|0,0|0,0|0,0|0,0|0,0|0,0|0,0|0,0|0,0|0,0|0,0|0,0|0,0|0,0|1,0|0,0|0,0|0,0|0,0|0,0|0,0|0,0|0,0|0,0|0,0|0,0|0,0|0,0|0,0|0,0|0,0|0,0|0,0|0,0|0,0|0,0|0,0|0,0|0,0|0,0|0,0|0,0|0,0|0,0|0,0|0,0|0,0|0,0|0,0|0,0|0,0|0,0|0,0|0,0|0,0|0,0|0,0|0,0|0,0|0,0|0,0|0,0|0,0|0,0|0,0|0,0|0,0|0
12,108890702,.,G,T,.,PASS,AC=2537;AN=5096;DP=25520;AF=0.5;EAS_AF=0.54;EUR_AF=0.27;AFR_AF=0.73;AMR_AF=0.52;SAS_AF=0.36;VT=SNP;NS=2548,GT,0|0,0|1,0|0,0|1,0|0,0|0,1|0,0|0,0|0,0|1,0|1,0|0,1|0,1|0,0|0,0|1,0|0,0|0,0|1,1|0,0|1,0|1,1|0,1|0,0|0,1|1,1|1,0|1,1|1,0|1,1|1,1|0,0|1,0|0,1|1,0|0,0|0,1|1,1|1,0|1,0|0,1|0,0|0,0|1,1|1,0|0,0|0,0|0,1|0,0|0,0|0,0|0,1|1,0|1,0|1,0|0,1|0,0|0,1|1,0|0,0|0,0|1,0|0,0|0,1|1,0|0,0|1,0|0,0|1,0|0,0|0,0|1,1|1,0|1,0|0,0|0,0|1,0|1,1|0,1|0,0|0,0|0,0|1,1|1,1|0,1|1
12,108890829,.,G,T,.,PASS,AC=19;AN=5096;DP=21636;AF=0;EAS_AF=0;EUR_AF=0.01;AFR_AF=0;AMR_AF=0.01;SAS_AF=0;VT=SNP;NS=2548,GT,1|0,0|0,0|0,0|0,0|0,0|0,0|0,0|0,0|0,0|0,0|0,0|0,0|0,0|0,0|0,0|0,0|0,0|0,0|0,0|0,0|0,0|0,0|0,0|0,0|0,0|0,0|0,0|0,0|0,0|0,0|0,0|0,0|0,0|0,0|0,0|0,0|0,0|0,0|0,0|0,0|0,0|0,0|0,0|0,0|0,0|0,0|0,0|0,0|0,0|0,0|0,0|1,0|0,0|0,0|0,0|0,0|0,0|0,0|0,0|0,0|0,0|0,0|0,0|0,0|0,0|0,0|0,0|0,0|0,0|0,0|0,0|0,0|0,0|0,0|0,0|0,0|0,0|0,0|0,0|0,0|0,0|0,0|0,0|0,0|0,0|0
12,108891167,.,G,A,.,PASS,AC=27;AN=5096;DP=18282;AF=0.01;EAS_AF=0;EUR_AF=0.01;AFR_AF=0;AMR_AF=0;SAS_AF=0.01;VT=SNP;NS=2548,GT,0|0,0|0,0|0,0|0,0|0,0|0,0|0,0|0,0|0,0|0,0|0,0|0,0|0,0|0,0|0,0|0,0|0,0|0,0|0,0|0,0|0,0|0,0|0,0|0,0|0,0|0,0|0,0|0,0|0,0|0,0|0,0|0,0|0,0|0,0|0,0|0,0|0,0|0,0|0,0|0,0|0,0|0,0|0,0|0,0|0,0|0,0|0,0|0,0|0,0|0,0|0,0|0,0|0,0|0,0|0,0|0,0|0,0|0,0|0,0|0,0|0,0|0,0|0,0|0,0|1,0|0,0|0,0|0,0|0,0|0,0|0,0|0,0|1,0|0,0|0,0|0,0|0,0|0,0|0,0|0,0|0,0|0,0|0,0|1,0|0,0|0
12,108891204,.,A,T,.,PASS,AC=2567;AN=5096;DP=18802;AF=0.5;EAS_AF=0.54;EUR_AF=0.27;AFR_AF=0.74;AMR_AF=0.52;SAS_AF=0.38;VT=SNP;NS=2548,GT,0|0,0|1,0|0,0|1,0|0,0|0,1|0,0|0,0|0,0|1,0|1,0|0,1|0,1|0,0|0,0|1,0|0,0|0,0|1,1|0,0|1,0|1,1|0,1|0,0|0,1|1,1|1,0|1,1|1,0|1,1|1,1|0,0|1,0|0,1|1,0|0,0|0,1|1,1|1,0|1,0|0,1|0,0|0,0|1,1|1,0|0,1|0,0|0,1|0,0|0,0|0,0|0,1|1,0|1,0|1,0|0,1|0,0|0,1|1,0|0,0|0,0|1,0|0,0|0,1|1,0|0,0|1,0|0,0|1,0|0,0|0,0|1,1|1,0|1,0|0,0|0,0|1,1|1,1|0,1|0,0|0,0|0,0|1,1|1,1|1,1|1
12,108891410,.,A,G,.,PASS,AC=14;AN=5096;DP=14570;AF=0;EAS_AF=0;EUR_AF=0;AFR_AF=0;AMR_AF=0;SAS_AF=0.01;VT=SNP;NS=2548,GT,0|0,0|0,0|0,0|0,0|0,0|0,0|0,0|0,0|0,0|0,0|0,0|0,0|0,0|0,0|0,0|0,0|0,0|0,0|0,1|0,0|0,0|0,0|0,0|0,0|0,0|0,0|0,0|1,0|0,0|0,0|0,0|0,0|0,0|0,0|0,0|0,0|0,0|0,0|0,0|0,0|0,0|0,0|0,0|0,0|0,0|0,0|0,0|0,0|0,0|0,0|0,0|0,0|0,0|0,0|0,0|0,0|0,0|0,0|0,0|0,0|0,0|0,0|0,0|0,0|0,0|0,0|0,0|0,0|0,0|0,0|0,0|0,0|0,0|0,0|0,0|0,0|0,0|0,0|0,0|0,0|0,0|0,0|0,0|0,0|0,0|0
12,108891418,.,C,T,.,PASS,AC=1;AN=5096;DP=14886;AF=0;EAS_AF=0;EUR_AF=0;AFR_AF=0;AMR_AF=0;SAS_AF=0;VT=SNP;NS=2548,GT,0|0,0|0,0|0,0|0,0|0,0|0,0|0,0|0,0|0,0|0,0|0,0|0,0|0,0|0,0|0,0|0,0|0,0|0,0|0,0|0,0|0,0|0,0|0,0|0,0|0,0|0,0|0,0|0,0|0,0|0,0|0,0|0,0|0,0|0,0|0,0|0,0|0,0|0,0|0,0|0,0|0,0|0,0|0,0|0,0|0,0|0,0|0,1|0,0|0,0|0,0|0,0|0,0|0,0|0,0|0,0|0,0|0,0|0,0|0,0|0,0|0,0|0,0|0,0|0,0|0,0|0,0|0,0|0,0|0,0|0,0|0,0|0,0|0,0|0,0|0,0|0,0|0,0|0,0|0,0|0,0|0,0|0,0|0,0|0,0|0,0|0
12,108891700,.,G,A,.,PASS,AC=1358;AN=5096;DP=18596;AF=0.27;EAS_AF=0.47;EUR_AF=0.19;AFR_AF=0.12;AMR_AF=0.43;SAS_AF=0.21;VT=SNP;NS=2548,GT,0|0,0|1,0|0,0|1,0|0,0|0,1|0,0|0,0|0,0|0,0|1,0|0,1|0,1|0,0|0,0|1,0|0,0|0,0|1,0|0,0|0,0|0,0|0,0|0,0|0,0|1,0|1,0|0,1|1,0|1,0|1,0|0,0|1,0|0,0|1,0|0,0|0,1|1,0|1,0|1,0|0,0|0,0|0,0|1,0|0,0|0,0|0,0|0,0|0,0|0,0|0,0|0,0|1,0|0,0|1,0|0,1|0,0|0,0|0,0|0,0|0,0|1,0|0,0|0,0|1,0|0,0|0,0|0,0|0,0|0,0|0,0|1,1|1,0|1,0|0,0|0,0|1,0|1,0|0,1|0,0|0,0|0,0|1,1|1,0|0,1|1
12,108891705,.,G,C,.,PASS,AC=2569;AN=5096;DP=18459;AF=0.5;EAS_AF=0.54;EUR_AF=0.27;AFR_AF=0.74;AMR_AF=0.52;SAS_AF=0.38;VT=SNP;NS=2548,GT,0|0,0|1,0|0,0|1,0|0,0|0,1|0,0|0,0|0,0|1,0|1,0|0,1|0,1|0,0|0,0|1,0|0,0|0,0|1,1|0,0|1,0|1,1|0,1|0,0|0,1|1,1|1,0|1,1|1,0|1,1|1,1|0,0|1,0|0,1|1,0|0,0|0,1|1,1|1,0|1,0|0,1|0,0|0,0|1,1|1,0|0,1|0,0|0,1|0,0|0,0|0,0|0,1|1,0|1,0|1,0|0,1|0,0|0,1|1,0|0,0|0,0|1,0|0,0|0,1|1,0|0,0|1,0|0,0|1,0|0,0|0,0|1,1|1,0|1,0|0,0|0,0|1,1|1,1|0,1|0,0|0,0|0,0|1,1|1,1|1,1|1
12,108891843,.,T,C,.,PASS,AC=250;AN=5096;DP=21172;AF=0.05;EAS_AF=0.07;EUR_AF=0;AFR_AF=0.13;AMR_AF=0.01;SAS_AF=0.01;VT=SNP;NS=2548,GT,0|0,0|0,0|0,0|0,0|0,0|0,0|0,0|0,0|0,0|0,0|0,0|0,0|0,0|0,0|0,0|0,0|0,0|0,0|0,0|0,0|0,0|0,0|0,1|0,0|0,0|0,0|0,0|0,0|0,0|0,0|0,0|0,0|0,0|0,0|0,0|0,0|0,0|0,0|0,0|0,0|0,0|0,0|0,0|0,0|0,0|0,0|0,0|0,0|0,0|0,0|0,0|0,0|0,0|1,0|0,0|0,0|0,0|0,0|0,0|0,0|0,0|0,0|0,0|0,0|0,0|0,0|0,0|0,0|0,0|0,0|0,0|0,0|0,0|0,0|0,0|0,0|0,0|0,0|0,0|0,0|0,0|0,0|0,0|0,1|0,0|0
12,108892053,.,A,C,.,PASS,AC=12;AN=5096;DP=20564;AF=0;EAS_AF=0;EUR_AF=0;AFR_AF=0;AMR_AF=0;SAS_AF=0.01;VT=SNP;NS=2548,GT,0|0,0|0,0|0,0|0,0|0,0|0,0|0,0|0,0|0,0|0,0|0,0|0,0|0,0|0,0|1,0|0,0|0,0|0,0|0,0|0,0|0,0|0,0|0,0|0,0|0,0|0,0|0,0|0,0|0,0|0,0|0,0|0,0|0,0|0,0|0,0|0,0|0,0|0,0|0,0|0,1|0,0|0,0|0,0|0,0|0,0|0,0|0,0|0,0|0,0|0,0|1,0|0,0|0,0|0,0|0,0|0,0|0,0|0,0|0,0|0,0|0,1|0,0|0,0|0,0|0,0|0,0|0,0|0,0|0,0|0,0|0,0|0,0|0,0|0,0|0,0|0,0|0,0|0,0|0,0|0,0|0,0|0,0|0,0|0,0|0,0|0
12,108892122,.,G,C,.,PASS,AC=3;AN=5096;DP=19621;AF=0;EAS_AF=0;EUR_AF=0;AFR_AF=0;AMR_AF=0;SAS_AF=0;VT=SNP;NS=2548,GT,0|0,0|0,0|0,0|0,0|0,0|0,0|0,0|0,0|0,0|0,0|0,0|0,0|0,0|0,0|0,0|0,0|0,0|0,0|0,0|0,0|0,0|0,0|0,0|0,0|0,0|0,0|0,0|0,0|0,0|0,0|0,0|0,0|0,0|0,0|0,0|0,0|0,0|0,0|0,0|0,0|0,0|0,0|0,0|0,0|0,0|0,0|0,0|0,0|0,0|0,0|0,0|0,0|0,0|0,0|0,0|0,0|0,0|0,0|0,0|0,0|0,0|0,1|0,0|0,0|0,0|0,0|0,0|0,0|0,0|0,0|0,0|0,0|0,0|0,0|0,0|0,0|0,0|0,0|0,0|0,0|0,0|0,0|0,0|0,0|0,0|0
12,108892215,.,A,T,.,PASS,AC=2563;AN=5096;DP=13888;AF=0.5;EAS_AF=0.55;EUR_AF=0.27;AFR_AF=0.73;AMR_AF=0.52;SAS_AF=0.38;VT=SNP;NS=2548,GT,0|0,0|1,0|0,0|1,0|0,0|0,1|0,0|0,0|0,0|1,0|1,0|0,1|0,1|0,0|0,0|1,0|0,0|0,0|1,1|0,0|1,0|1,1|0,1|0,0|0,1|1,1|1,0|1,1|1,0|1,1|1,1|0,0|1,0|0,1|1,0|0,0|0,1|1,1|1,0|1,0|0,1|0,0|0,0|1,1|1,0|0,1|0,0|0,1|0,0|0,0|0,0|0,1|1,0|1,0|1,0|0,1|0,0|0,1|1,0|0,0|0,0|1,0|0,0|0,1|1,0|0,0|1,0|0,0|1,0|0,0|0,0|1,1|1,0|1,0|0,0|0,0|1,1|1,1|0,1|0,0|0,0|0,0|1,1|1,1|1,1|1
12,108892370,.,C,G,.,PASS,AC=2569;AN=5096;DP=18216;AF=0.5;EAS_AF=0.55;EUR_AF=0.27;AFR_AF=0.74;AMR_AF=0.52;SAS_AF=0.38;VT=SNP;NS=2548,GT,0|0,0|1,0|0,0|1,0|0,0|0,1|0,0|0,0|0,0|1,0|1,0|0,1|0,1|0,0|0,0|1,0|0,0|0,0|1,1|0,0|1,0|1,1|0,1|0,0|0,1|1,1|1,0|1,1|1,0|1,1|1,1|0,0|1,0|0,1|1,0|0,0|0,1|1,1|1,0|1,0|0,1|0,0|0,0|1,1|1,0|0,1|0,0|0,1|0,0|0,0|0,0|0,1|1,0|1,0|1,0|0,1|0,0|0,1|1,0|0,0|0,0|1,0|0,0|0,1|1,0|0,0|1,0|0,0|1,0|0,0|0,0|1,1|1,0|1,0|0,0|0,0|1,1|1,1|0,1|0,0|0,0|0,0|1,1|1,1|1,1|1
12,108892445,.,C,T,.,PASS,AC=9;AN=5096;DP=21219;AF=0;EAS_AF=0;EUR_AF=0;AFR_AF=0;AMR_AF=0;SAS_AF=0.01;VT=SNP;NS=2548,GT,0|0,0|0,0|0,0|0,0|0,0|0,0|0,0|0,0|0,0|0,0|0,0|0,0|0,0|0,0|0,0|0,0|0,0|0,0|0,0|0,0|0,0|0,0|0,0|0,0|1,0|0,0|0,0|0,0|0,0|0,0|0,0|0,0|0,0|0,0|0,0|0,0|0,0|0,0|0,0|0,0|0,0|0,0|0,0|0,0|0,0|0,0|0,0|0,0|0,0|0,0|0,0|0,0|0,0|0,0|0,0|0,0|0,0|0,0|0,0|0,0|0,0|0,0|0,0|0,0|0,0|0,0|0,0|0,0|0,0|0,0|0,0|0,0|0,0|0,0|0,0|0,0|0,0|0,0|0,0|0,0|0,0|0,0|0,0|0,0|0,0|0
12,108892457,.,C,T,.,PASS,AC=1;AN=5096;DP=21921;AF=0;EAS_AF=0;EUR_AF=0;AFR_AF=0;AMR_AF=0;SAS_AF=0;VT=SNP;NS=2548,GT,0|0,0|0,0|0,0|0,0|0,0|0,0|0,0|0,0|0,0|0,0|0,0|0,0|0,0|0,0|0,0|0,0|0,0|0,0|0,0|0,0|0,0|0,0|0,0|0,0|0,0|0,0|0,0|0,0|0,0|0,0|1,0|0,0|0,0|0,0|0,0|0,0|0,0|0,0|0,0|0,0|0,0|0,0|0,0|0,0|0,0|0,0|0,0|0,0|0,0|0,0|0,0|0,0|0,0|0,0|0,0|0,0|0,0|0,0|0,0|0,0|0,0|0,0|0,0|0,0|0,0|0,0|0,0|0,0|0,0|0,0|0,0|0,0|0,0|0,0|0,0|0,0|0,0|0,0|0,0|0,0|0,0|0,0|0,0|0,0|0,0|0
12,108892603,.,T,G,.,PASS,AC=131;AN=5096;DP=30265;AF=0.03;EAS_AF=0.07;EUR_AF=0;AFR_AF=0.04;AMR_AF=0;SAS_AF=0.01;VT=SNP;NS=2548,GT,0|0,0|0,0|0,0|0,0|0,0|0,0|0,0|0,0|0,0|0,0|0,0|0,0|0,0|0,0|0,0|0,0|0,0|0,0|0,0|0,0|0,0|0,0|0,1|0,0|0,0|0,0|0,0|0,0|0,0|0,0|0,0|0,0|0,0|0,0|0,0|0,0|0,0|0,0|0,0|0,0|0,0|0,0|0,0|0,0|0,0|0,0|0,0|0,0|0,0|0,0|0,0|0,0|0,0|1,0|0,0|0,0|0,0|0,0|0,0|0,0|0,0|0,0|0,0|0,0|0,0|0,0|0,0|0,0|0,0|0,0|0,0|0,0|0,0|0,0|0,0|0,0|0,0|0,0|0,0|0,0|0,0|0,0|0,0|0,1|0,0|0
12,108892621,.,A,G,.,PASS,AC=1;AN=5096;DP=31684;AF=0;EAS_AF=0;EUR_AF=0;AFR_AF=0;AMR_AF=0;SAS_AF=0;VT=SNP;NS=2548,GT,0|0,0|0,0|0,0|0,0|0,0|0,0|0,0|0,0|0,0|0,0|0,0|0,0|0,0|0,0|0,0|0,0|0,0|0,0|0,0|0,0|0,0|0,0|0,0|0,0|0,0|0,0|0,0|0,0|0,0|0,0|0,0|0,0|0,0|0,0|0,0|0,0|0,0|0,0|0,0|0,0|0,0|0,0|0,0|0,0|0,0|0,0|0,0|0,0|0,1|0,0|0,0|0,0|0,0|0,0|0,0|0,0|0,0|0,0|0,0|0,0|0,0|0,0|0,0|0,0|0,0|0,0|0,0|0,0|0,0|0,0|0,0|0,0|0,0|0,0|0,0|0,0|0,0|0,0|0,0|0,0|0,0|0,0|0,0|0,0|0,0|0
12,108892623,.,C,T,.,PASS,AC=1363;AN=5096;DP=31857;AF=0.27;EAS_AF=0.47;EUR_AF=0.19;AFR_AF=0.12;AMR_AF=0.43;SAS_AF=0.21;VT=SNP;NS=2548,GT,0|0,0|1,0|0,0|1,0|0,0|0,1|0,0|0,0|0,0|0,0|1,0|0,1|0,1|0,0|0,0|1,0|0,0|0,0|1,0|0,0|0,0|0,0|0,0|0,0|0,0|1,0|1,0|0,1|1,0|1,0|1,0|0,0|1,0|0,0|1,0|0,0|0,1|1,0|1,0|1,0|0,0|0,0|0,0|1,0|0,0|0,0|0,0|0,0|0,0|0,0|0,0|0,0|1,0|0,0|1,0|0,1|0,0|0,0|0,0|0,0|0,0|1,0|0,0|0,0|1,0|0,0|0,0|0,0|0,0|0,0|0,0|1,1|1,0|1,0|0,0|0,0|1,0|1,0|0,1|0,0|0,0|0,0|1,1|1,0|0,1|1
12,108892800,.,G,C,.,PASS,AC=1362;AN=5096;DP=117775;AF=0.27;EAS_AF=0.47;EUR_AF=0.19;AFR_AF=0.12;AMR_AF=0.43;SAS_AF=0.21;VT=SNP;NS=2548,GT,0|0,0|1,0|0,0|1,0|0,0|0,1|0,0|0,0|0,0|0,0|1,0|0,1|0,1|0,0|0,0|1,0|0,0|0,0|1,0|0,0|0,0|0,0|0,0|0,0|0,0|1,0|1,0|0,1|1,0|1,0|1,0|0,0|1,0|0,0|1,0|0,0|0,1|1,0|1,0|1,0|0,0|0,0|0,0|1,0|0,0|0,0|0,0|0,0|0,0|0,0|0,0|0,0|1,0|0,0|1,0|0,1|0,0|0,0|0,0|0,0|0,0|1,0|0,0|0,0|1,0|0,0|0,0|0,0|0,0|0,0|0,0|1,1|1,0|1,0|0,0|0,0|1,0|1,0|0,1|0,0|0,0|0,0|1,1|1,0|0,1|1
12,108893134,.,G,A,.,PASS,AC=250;AN=5096;DP=208131;AF=0.05;EAS_AF=0.07;EUR_AF=0;AFR_AF=0.13;AMR_AF=0.01;SAS_AF=0.01;VT=SNP;NS=2548,GT,0|0,0|0,0|0,0|0,0|0,0|0,0|0,0|0,0|0,0|0,0|0,0|0,0|0,0|0,0|0,0|0,0|0,0|0,0|0,0|0,0|0,0|0,0|0,1|0,0|0,0|0,0|0,0|0,0|0,0|0,0|0,0|0,0|0,0|0,0|0,0|0,0|0,0|0,0|0,0|0,0|0,0|0,0|0,0|0,0|0,0|0,0|0,0|0,0|0,0|0,0|0,0|0,0|0,0|1,0|0,0|0,0|0,0|0,0|0,0|0,0|0,0|0,0|0,0|0,0|0,0|0,0|0,0|0,0|0,0|0,0|0,0|0,0|0,0|0,0|0,0|0,0|0,0|0,0|0,0|0,0|0,0|0,0|0,0|0,1|0,0|0
12,108893390,.,A,G,.,PASS,AC=23;AN=5096;DP=34308;AF=0;EAS_AF=0;EUR_AF=0;AFR_AF=0;AMR_AF=0;SAS_AF=0.02;VT=SNP;NS=2548,GT,0|0,0|0,0|0,0|0,0|0,0|0,0|0,0|0,0|0,0|0,0|0,0|0,0|0,0|0,0|0,0|0,0|0,0|0,0|0,0|0,0|1,0|0,0|0,0|0,0|0,0|0,0|0,0|0,0|0,0|0,0|0,0|0,0|0,0|0,0|0,0|0,0|0,0|0,0|0,0|0,0|0,0|0,0|0,0|0,0|0,0|0,0|0,0|0,0|0,0|0,0|0,0|0,0|0,0|0,0|0,0|0,0|0,0|0,0|0,0|0,0|0,0|0,0|0,0|0,0|0,0|0,0|0,0|0,0|0,0|0,0|0,0|0,0|0,0|0,0|0,0|0,0|0,0|0,1|0,0|0,0|0,0|0,0|0,0|0,0|0,0|0
12,108893952,.,T,C,.,PASS,AC=834;AN=5096;DP=26550;AF=0.16;EAS_AF=0;EUR_AF=0.08;AFR_AF=0.4;AMR_AF=0.08;SAS_AF=0.16;VT=SNP;NS=2548,GT,0|0,0|0,0|0,0|0,0|0,0|0,0|0,0|0,0|0,0|1,0|0,0|0,0|0,0|0,0|0,0|0,0|0,0|0,0|0,1|0,0|1,0|1,1|0,0|0,0|0,1|0,1|0,0|1,0|0,0|0,1|0,1|0,0|0,0|0,1|0,0|0,0|0,0|0,1|0,0|0,0|0,1|0,0|0,0|0,1|1,0|0,1|0,0|0,1|0,0|0,0|0,0|0,1|0,0|0,0|0,0|0,0|0,0|0,1|1,0|0,0|0,0|0,0|0,0|0,1|0,0|0,0|1,0|0,0|1,0|0,0|0,0|0,0|0,0|0,0|0,0|0,0|0,1|0,1|0,0|0,0|0,0|0,0|0,0|0,0|1,0|0
12,108894068,.,T,G,.,PASS,AC=14;AN=5096;DP=44300;AF=0;EAS_AF=0;EUR_AF=0;AFR_AF=0;AMR_AF=0;SAS_AF=0.01;VT=SNP;NS=2548,GT,0|0,0|0,0|0,0|0,0|0,0|0,0|0,0|0,0|0,0|0,0|0,0|0,0|0,0|0,0|0,0|0,0|0,0|1,0|0,0|0,0|0,0|0,0|0,0|0,0|1,0|0,0|0,0|0,0|0,0|0,0|0,0|0,0|0,0|0,0|0,0|0,0|0,0|0,0|0,0|0,0|0,0|0,0|0,0|0,0|0,0|0,0|0,0|0,0|0,0|0,0|0,0|0,0|0,0|0,0|0,0|0,0|0,0|0,0|0,0|0,0|0,0|0,0|0,0|0,0|0,0|0,0|0,0|0,0|0,0|0,0|0,0|0,0|0,0|0,0|0,0|0,0|0,0|0,0|0,0|0,0|0,0|0,0|0,0|0,0|0,0|0
12,108894082,.,C,T,.,PASS,AC=25;AN=5096;DP=48712;AF=0;EAS_AF=0;EUR_AF=0.01;AFR_AF=0;AMR_AF=0;SAS_AF=0.01;VT=SNP;NS=2548,GT,0|0,0|0,0|0,0|0,0|0,0|0,0|0,0|0,0|0,0|0,0|0,0|0,0|0,0|0,0|0,0|0,0|0,0|0,0|0,0|0,0|0,0|0,0|0,0|0,0|0,0|0,0|0,0|0,0|0,0|0,0|0,0|0,0|0,0|0,0|0,0|0,0|0,0|0,0|0,0|0,0|0,0|0,0|0,0|0,0|0,0|0,0|0,0|0,0|0,0|0,0|0,0|0,0|0,0|0,1|0,0|0,0|0,0|0,0|0,0|0,1|0,0|0,0|0,0|0,0|0,0|0,0|0,0|0,0|0,0|0,0|0,0|0,0|0,0|0,0|0,0|0,0|0,0|0,0|0,0|0,0|0,0|0,0|0,0|0,0|0,0|0
12,108894208,.,A,G,.,PASS,AC=1358;AN=5096;DP=137466;AF=0.27;EAS_AF=0.47;EUR_AF=0.19;AFR_AF=0.12;AMR_AF=0.43;SAS_AF=0.21;VT=SNP;NS=2548,GT,0|0,0|1,0|0,0|1,0|0,0|0,1|0,0|0,0|0,0|0,0|1,0|0,1|0,1|0,0|0,0|1,0|0,0|0,0|1,0|0,0|0,0|0,0|0,0|0,0|0,0|1,0|1,0|0,1|1,0|1,0|1,0|0,0|1,0|0,0|1,0|0,0|0,1|1,0|1,0|1,0|0,0|0,0|0,0|1,0|0,0|0,0|0,0|0,0|0,0|0,0|0,0|0,0|1,0|0,0|1,0|0,1|0,0|0,0|0,0|0,0|0,0|1,0|0,0|0,0|1,0|0,0|0,0|0,0|0,0|0,0|0,0|1,1|1,0|1,0|0,0|0,0|1,0|1,0|0,1|0,0|0,0|0,0|1,1|1,0|0,1|1
12,108894445,.,T,C,.,PASS,AC=10;AN=5096;DP=90117;AF=0;EAS_AF=0;EUR_AF=0;AFR_AF=0;AMR_AF=0;SAS_AF=0.01;VT=SNP;NS=2548,GT,0|0,0|0,0|0,0|0,0|0,0|0,0|0,0|0,0|0,0|0,0|0,0|0,0|0,0|0,0|0,0|0,0|0,0|0,0|0,0|0,0|0,0|0,0|0,0|0,0|0,0|0,0|0,0|0,0|0,0|0,0|0,0|0,0|0,0|0,0|0,0|0,0|0,0|0,0|0,0|0,0|0,0|0,0|0,0|0,0|0,0|0,0|0,0|0,0|0,0|0,0|0,0|0,1|0,0|0,0|0,0|0,0|0,0|0,0|0,0|0,0|0,0|0,0|0,0|0,0|0,0|0,0|0,0|0,0|0,0|0,0|0,0|0,0|0,0|0,0|0,0|0,0|0,0|0,0|0,0|0,0|0,0|0,0|0,0|0,0|0,0|0
12,108894577,.,C,T,.,PASS,AC=25;AN=5096;DP=32104;AF=0;EAS_AF=0;EUR_AF=0;AFR_AF=0;AMR_AF=0;SAS_AF=0.02;VT=SNP;NS=2548,GT,0|0,0|0,0|0,0|0,0|0,0|0,0|0,0|0,0|0,0|0,0|0,0|0,0|0,0|0,0|0,0|0,0|0,0|0,0|0,0|0,0|0,0|0,0|0,0|0,0|0,0|0,1|0,0|0,0|0,0|0,0|0,0|0,0|0,0|0,0|0,0|0,0|0,0|0,0|0,0|0,0|0,0|0,0|0,0|0,1|1,0|0,0|0,0|0,1|0,0|0,0|0,0|0,0|0,0|0,0|0,0|0,0|0,0|0,0|0,0|0,0|0,0|0,0|0,0|0,0|0,0|0,0|0,0|0,0|1,0|0,0|0,0|0,0|0,0|0,0|0,0|0,0|0,0|0,0|0,0|0,0|0,0|0,0|0,0|0,0|0,0|0
12,108895329,.,G,A,.,PASS,AC=105;AN=5096;DP=34528;AF=0.02;EAS_AF=0.07;EUR_AF=0;AFR_AF=0.02;AMR_AF=0;SAS_AF=0.01;VT=SNP;NS=2548,GT,0|0,0|0,0|0,0|0,0|0,0|0,0|0,0|0,0|0,0|0,0|0,0|0,0|0,0|0,0|0,0|0,0|0,0|0,0|0,0|0,0|0,0|0,0|0,1|0,0|0,0|0,0|0,0|0,0|0,0|0,0|0,0|0,0|0,0|0,0|0,0|0,0|0,0|0,0|0,0|0,0|0,0|0,0|0,0|0,0|0,0|0,0|0,0|0,0|0,0|0,0|0,0|0,0|0,0|1,0|0,0|0,0|0,0|0,0|0,0|0,0|0,0|0,0|0,0|0,0|0,0|0,0|0,0|0,0|0,0|0,0|0,0|0,0|0,0|0,0|0,0|0,0|0,0|0,0|0,0|0,0|0,0|0,0|0,0|0,1|0,0|0
12,108895361,.,G,A,.,PASS,AC=58;AN=5096;DP=33848;AF=0.01;EAS_AF=0.05;EUR_AF=0;AFR_AF=0;AMR_AF=0;SAS_AF=0;VT=SNP;NS=2548,GT,0|0,0|0,0|0,0|0,0|0,0|0,0|0,0|0,0|0,0|0,0|1,0|0,0|0,0|0,0|0,0|0,0|0,0|0,0|0,0|0,0|0,0|0,0|0,0|0,0|0,0|0,0|0,0|0,0|0,0|0,0|0,0|0,0|0,0|0,0|0,0|0,0|0,0|0,0|0,0|0,0|0,0|0,0|0,0|0,0|0,0|0,0|0,0|0,0|0,0|0,0|0,0|0,0|0,0|0,0|0,0|0,0|0,0|0,0|0,0|0,0|0,0|0,0|0,0|0,0|0,0|0,0|0,0|0,0|0,0|0,0|0,0|0,0|0,0|0,0|0,0|0,0|0,0|0,0|0,0|0,0|0,0|0,0|0,0|0,0|0,1|0
12,108895443,.,C,T,.,PASS,AC=2217;AN=5096;DP=32500;AF=0.44;EAS_AF=0.47;EUR_AF=0.31;AFR_AF=0.49;AMR_AF=0.54;SAS_AF=0.37;VT=SNP;NS=2548,GT,1|0,0|1,0|0,0|1,0|0,0|0,1|0,0|0,0|0,0|1,0|1,0|0,1|0,1|0,0|0,0|1,0|0,0|0,0|1,1|0,0|1,0|1,1|0,0|0,0|0,1|1,1|1,0|1,1|1,0|1,1|1,1|0,0|1,0|0,1|1,0|0,0|0,1|1,1|1,0|1,0|0,1|0,0|0,0|1,1|1,0|0,1|0,0|0,1|0,0|0,0|0,0|1,1|1,0|0,0|1,0|0,1|0,0|0,1|1,0|0,0|0,0|1,0|0,0|0,1|1,0|0,0|1,0|0,0|1,0|0,0|0,0|1,1|1,0|1,0|0,0|0,0|1,1|1,1|0,1|0,0|0,0|0,0|1,1|1,0|1,1|1
12,108895535,.,A,AG,.,PASS,AC=2121;AN=5096;DP=33525;AF=0.42;EAS_AF=0.47;EUR_AF=0.27;AFR_AF=0.47;AMR_AF=0.5;SAS_AF=0.36;VT=INDEL;NS=2548,GT,0|0,0|1,0|0,0|1,0|0,0|0,1|0,0|0,0|0,0|1,0|1,0|0,1|0,1|0,0|0,0|1,0|0,0|0,0|1,1|0,0|1,0|1,1|0,0|0,0|0,1|1,1|1,0|1,1|1,0|1,1|1,1|0,0|1,0|0,1|1,0|0,0|0,1|1,1|1,0|1,0|0,1|0,0|0,0|1,1|1,0|0,1|0,0|0,1|0,0|0,0|0,0|0,1|1,0|0,0|1,0|0,1|0,0|0,1|1,0|0,0|0,0|1,0|0,0|0,1|1,0|0,0|1,0|0,0|1,0|0,0|0,0|1,1|1,0|1,0|0,0|0,0|1,1|1,1|0,1|0,0|0,0|0,0|1,1|1,0|1,1|1
12,108895617,.,A,G,.,PASS,AC=2564;AN=5096;DP=34483;AF=0.5;EAS_AF=0.54;EUR_AF=0.27;AFR_AF=0.73;AMR_AF=0.52;SAS_AF=0.38;VT=SNP;NS=2548,GT,0|0,0|1,0|0,0|1,0|0,0|0,1|0,0|0,0|0,0|1,0|1,0|0,1|0,1|0,0|0,0|1,0|0,0|0,0|1,1|0,0|1,0|1,1|0,1|0,0|0,1|1,1|1,0|1,1|1,0|1,1|1,1|0,0|1,0|0,1|1,0|0,0|0,1|1,1|1,0|1,0|0,1|0,0|0,0|1,1|1,0|0,1|0,0|0,1|0,0|0,0|0,0|0,1|1,0|1,0|1,0|0,1|0,0|0,1|1,0|0,0|0,0|1,0|0,0|0,1|1,0|0,0|1,0|0,0|1,0|0,0|0,0|1,1|1,0|1,0|0,0|0,0|1,1|1,1|0,1|0,0|0,0|0,0|1,1|1,1|1,1|1
12,108895692,.,G,A,.,PASS,AC=2119;AN=5096;DP=33476;AF=0.42;EAS_AF=0.47;EUR_AF=0.27;AFR_AF=0.47;AMR_AF=0.5;SAS_AF=0.36;VT=SNP;NS=2548,GT,0|0,0|1,0|0,0|1,0|0,0|0,1|0,0|0,0|0,0|1,0|1,0|0,1|0,1|0,0|0,0|1,0|0,0|0,0|1,1|0,0|1,0|1,1|0,0|0,0|0,1|1,1|1,0|1,1|1,0|1,1|1,1|0,0|1,0|0,1|1,0|0,0|0,1|1,1|1,0|1,0|0,1|0,0|0,0|1,1|1,0|0,1|0,0|0,1|0,0|0,0|0,0|0,1|1,0|0,0|1,0|0,1|0,0|0,1|1,0|0,0|0,0|1,0|0,0|0,1|1,0|0,0|1,0|0,0|1,0|0,0|0,0|1,1|1,0|1,0|0,0|0,0|1,1|1,1|0,1|0,0|0,0|0,0|1,1|1,0|1,1|1
12,108895734,.,GGT,G,.,PASS,AC=760;AN=5096;DP=31386;AF=0.15;EAS_AF=0;EUR_AF=0.08;AFR_AF=0.35;AMR_AF=0.07;SAS_AF=0.15;VT=INDEL;NS=2548,GT,0|0,0|0,0|0,0|0,0|0,0|0,0|0,0|0,0|0,0|1,0|0,0|0,0|0,0|0,0|0,0|0,0|0,0|0,0|0,1|0,0|1,0|1,1|0,0|0,0|0,1|0,1|0,0|1,0|0,0|0,1|0,1|0,0|0,0|0,1|0,0|0,0|0,0|0,1|0,0|0,0|0,1|0,0|0,0|0,1|1,0|0,1|0,0|0,1|0,0|0,0|0,0|0,1|0,0|0,0|0,0|0,0|0,0|0,1|1,0|0,0|0,0|0,0|0,0|0,1|0,0|0,0|1,0|0,0|1,0|0,0|0,0|0,0|0,0|0,0|0,0|0,0|0,1|0,1|0,0|0,0|0,0|0,0|0,0|0,0|1,0|0
12,108895799,.,A,G,.,PASS,AC=2567;AN=5096;DP=28616;AF=0.5;EAS_AF=0.54;EUR_AF=0.27;AFR_AF=0.74;AMR_AF=0.52;SAS_AF=0.38;VT=SNP;NS=2548,GT,0|0,0|1,0|0,0|1,0|0,0|0,1|0,0|0,0|0,0|1,0|1,0|0,1|0,1|0,0|0,0|1,0|0,0|0,0|1,1|0,0|1,0|1,1|0,1|0,0|0,1|1,1|1,0|1,1|1,0|1,1|1,1|0,0|1,0|0,1|1,0|0,0|0,1|1,1|1,0|1,0|0,1|0,0|0,0|1,1|1,0|0,1|0,0|0,1|0,0|0,0|0,0|0,1|1,0|1,0|1,0|0,1|0,0|0,1|1,0|0,0|0,0|1,0|0,0|0,1|1,0|0,0|1,0|0,0|1,0|0,0|0,0|1,1|1,0|1,0|0,0|0,0|1,1|1,1|0,1|0,0|0,0|0,0|1,1|1,1|1,1|1
12,108895919,.,G,A,.,PASS,AC=1;AN=5096;DP=24256;AF=0;EAS_AF=0;EUR_AF=0;AFR_AF=0;AMR_AF=0;SAS_AF=0;VT=SNP;NS=2548,GT,0|0,0|0,0|0,1|0,0|0,0|0,0|0,0|0,0|0,0|0,0|0,0|0,0|0,0|0,0|0,0|0,0|0,0|0,0|0,0|0,0|0,0|0,0|0,0|0,0|0,0|0,0|0,0|0,0|0,0|0,0|0,0|0,0|0,0|0,0|0,0|0,0|0,0|0,0|0,0|0,0|0,0|0,0|0,0|0,0|0,0|0,0|0,0|0,0|0,0|0,0|0,0|0,0|0,0|0,0|0,0|0,0|0,0|0,0|0,0|0,0|0,0|0,0|0,0|0,0|0,0|0,0|0,0|0,0|0,0|0,0|0,0|0,0|0,0|0,0|0,0|0,0|0,0|0,0|0,0|0,0|0,0|0,0|0,0|0,0|0,0|0
12,108895945,.,G,A,.,PASS,AC=38;AN=5096;DP=24178;AF=0.01;EAS_AF=0.01;EUR_AF=0.01;AFR_AF=0;AMR_AF=0;SAS_AF=0.01;VT=SNP;NS=2548,GT,0|0,0|0,0|0,0|0,0|0,0|0,0|0,0|0,0|0,0|0,0|0,0|0,0|0,0|0,0|0,0|0,0|0,0|0,0|0,0|0,0|0,0|0,0|0,0|0,0|0,0|0,0|0,0|0,1|0,0|1,0|0,0|0,0|0,0|0,0|1,0|0,0|0,0|0,0|0,0|0,0|0,0|0,0|0,0|0,0|0,0|0,0|0,0|0,0|0,0|0,0|0,0|0,0|0,0|0,0|0,0|0,0|0,0|0,0|0,0|0,0|0,0|0,0|0,0|0,0|0,0|0,0|0,0|0,0|0,0|0,0|0,0|0,0|0,0|0,0|0,0|0,0|0,0|1,0|0,0|0,0|0,0|0,0|0,0|0,0|0,0|0
12,108896034,.,T,TA,.,PASS,AC=2099;AN=5096;DP=22059;AF=0.41;EAS_AF=0.46;EUR_AF=0.27;AFR_AF=0.47;AMR_AF=0.51;SAS_AF=0.36;VT=INDEL;NS=2548,GT,0|0,0|1,0|0,0|1,0|0,0|0,1|0,0|0,0|0,0|1,0|1,0|0,1|0,1|0,0|0,0|1,0|0,0|0,0|1,1|0,0|1,0|1,1|0,0|0,0|0,1|1,1|1,0|1,1|1,0|1,1|1,1|0,0|1,0|0,1|1,0|0,0|0,1|1,1|1,0|1,0|0,1|0,0|0,0|1,1|1,0|0,1|0,0|0,1|0,0|0,0|0,0|0,1|1,0|0,0|1,0|0,1|0,0|0,1|1,0|0,0|0,0|1,0|0,0|0,1|1,0|0,0|1,0|0,0|1,0|0,0|0,0|1,1|1,0|1,0|0,0|0,0|1,1|1,1|0,1|0,0|0,0|0,0|1,1|1,0|1,1|1
12,108896219,.,C,T,.,PASS,AC=1366;AN=5096;DP=17195;AF=0.27;EAS_AF=0.48;EUR_AF=0.2;AFR_AF=0.12;AMR_AF=0.43;SAS_AF=0.21;VT=SNP;NS=2548,GT,0|0,0|1,0|0,0|1,0|0,0|0,1|0,0|0,0|0,0|0,0|1,0|0,1|0,1|0,0|0,0|1,0|0,0|0,0|1,0|0,0|0,0|0,0|0,0|0,0|0,0|1,0|1,0|0,1|1,0|1,0|1,0|0,0|1,0|0,0|1,0|0,0|0,1|1,0|1,0|1,0|0,0|0,0|0,0|1,0|0,0|0,0|0,0|1,0|0,0|0,0|0,0|0,0|1,0|0,0|1,0|0,1|0,0|0,0|0,0|0,0|0,0|1,0|0,0|0,0|1,0|0,0|0,0|0,0|0,0|0,0|0,0|1,1|1,0|1,0|0,0|0,0|1,0|1,0|0,1|0,0|0,0|0,0|1,1|1,0|0,1|1
12,108896292,.,A,G,.,PASS,AC=2140;AN=5096;DP=14999;AF=0.42;EAS_AF=0.48;EUR_AF=0.27;AFR_AF=0.48;AMR_AF=0.5;SAS_AF=0.36;VT=SNP;NS=2548,GT,0|0,0|1,0|0,0|1,0|0,0|0,1|0,0|0,0|0,0|1,0|1,0|0,1|0,1|0,0|0,0|1,0|0,0|0,0|1,1|0,0|1,0|1,1|0,0|0,0|0,1|1,1|1,0|1,1|1,0|1,1|1,1|0,0|1,0|0,1|1,0|0,0|0,1|1,1|1,0|1,0|0,1|0,0|0,0|1,1|1,0|0,1|0,0|1,1|0,0|0,0|0,0|0,1|1,0|0,0|1,0|0,1|0,0|0,1|1,0|0,0|0,0|1,0|0,0|0,1|1,0|0,0|1,0|0,0|1,0|0,0|0,0|1,1|1,0|1,0|0,0|0,0|1,1|1,1|0,1|0,0|0,0|0,0|1,1|1,0|1,1|1
12,108896342,.,GA,G,.,PASS,AC=28;AN=5096;DP=17871;AF=0.01;EAS_AF=0.01;EUR_AF=0.01;AFR_AF=0;AMR_AF=0;SAS_AF=0;VT=INDEL;NS=2548,GT,0|0,0|0,0|0,0|0,0|0,0|0,0|0,0|0,0|0,0|0,0|0,0|0,0|0,0|0,0|0,0|0,0|0,0|0,0|0,0|0,0|0,0|0,0|0,0|0,0|0,0|0,0|0,0|0,0|0,0|0,0|0,0|0,0|0,0|0,0|0,0|0,0|0,0|0,0|0,0|0,0|0,0|0,0|0,0|0,0|0,0|0,0|0,0|0,0|0,0|0,0|0,0|0,0|0,0|0,0|0,0|0,0|0,0|0,0|0,0|0,0|0,0|0,0|0,0|0,0|0,0|0,0|0,0|0,0|0,0|0,0|0,0|0,0|0,0|0,0|0,0|0,0|0,0|0,0|0,0|0,0|0,0|0,1|0,0|0,0|0,0|0
12,108896409,.,G,A,.,PASS,AC=1369;AN=5096;DP=12094;AF=0.27;EAS_AF=0.48;EUR_AF=0.2;AFR_AF=0.12;AMR_AF=0.43;SAS_AF=0.21;VT=SNP;NS=2548,GT,0|0,0|1,0|0,0|1,0|0,0|0,1|0,0|0,0|0,0|0,0|1,0|0,1|0,1|0,0|0,0|1,0|0,0|0,0|1,0|0,0|0,0|0,0|0,0|0,0|0,0|1,0|1,0|0,1|1,0|1,0|1,0|0,0|1,0|0,0|1,0|0,0|0,1|1,0|1,0|1,0|0,0|0,0|0,0|1,0|0,0|0,0|0,0|1,0|0,0|0,0|0,0|0,0|1,0|0,0|1,0|0,1|0,0|0,0|0,0|0,0|0,0|1,0|0,0|0,0|1,0|0,0|0,0|0,0|0,0|0,0|0,0|1,1|1,0|1,0|0,0|0,0|1,0|1,0|0,1|0,0|0,0|0,0|1,1|1,0|0,1|1
12,108896442,.,A,AAAT,.,PASS,AC=433;AN=5096;DP=20444;AF=0.08;EAS_AF=0.14;EUR_AF=0.04;AFR_AF=0.06;AMR_AF=0.14;SAS_AF=0.07;VT=INDEL;NS=2548,GT,0|0,0|0,0|0,0|0,0|0,0|0,0|0,0|0,0|0,0|0,0|1,0|0,0|0,0|0,0|0,0|0,0|0,0|0,0|0,0|0,0|0,0|0,0|0,0|0,0|0,0|0,0|1,0|0,0|1,0|0,0|0,0|0,0|0,0|0,0|0,0|0,0|0,0|0,1|0,0|1,0|0,0|0,0|0,0|0,0|0,0|0,0|0,0|0,0|0,0|0,0|0,0|0,0|1,0|1,0|0,0|0,0|0,0|0,0|0,0|0,0|0,0|0,0|0,0|0,0|0,0|0,0|0,0|0,0|0,0|0,0|0,0|0,0|1,0|1,0|0,0|0,0|0,0|0,0|0,0|0,0|0,0|0,0|0,0|1,0|0,0|0
12,108896734,.,G,A,.,PASS,AC=9;AN=5096;DP=36786;AF=0;EAS_AF=0;EUR_AF=0;AFR_AF=0;AMR_AF=0;SAS_AF=0.01;VT=SNP;NS=2548,GT,0|0,0|0,0|0,0|0,0|0,0|0,0|0,0|0,0|0,0|0,0|0,0|0,0|0,0|0,0|0,0|0,0|0,0|0,0|0,0|0,0|0,0|0,0|0,0|0,0|0,0|0,0|0,0|0,0|0,0|0,0|0,0|0,0|0,0|0,0|0,0|0,0|0,0|0,0|0,0|0,0|0,0|0,0|0,0|0,0|0,0|0,0|0,0|0,0|0,0|0,0|0,0|0,0|0,0|0,0|0,0|0,0|0,0|0,0|0,0|0,0|0,0|0,0|0,0|0,0|0,0|0,0|0,0|0,0|0,0|0,0|0,1|0,0|0,0|0,0|0,0|0,0|0,0|0,0|0,0|0,0|0,0|0,0|0,0|0,0|0,0|0
12,108897646,.,G,A,.,PASS,AC=270;AN=5096;DP=25142;AF=0.05;EAS_AF=0;EUR_AF=0.02;AFR_AF=0.16;AMR_AF=0.03;SAS_AF=0.01;VT=SNP;NS=2548,GT,0|0,0|0,0|0,0|0,0|0,0|0,0|0,0|0,0|0,0|0,0|0,0|0,0|0,0|0,0|0,0|0,0|0,0|0,0|0,0|0,0|0,0|0,0|0,0|0,0|0,0|0,0|0,0|0,0|0,0|0,0|0,0|0,0|0,0|0,0|0,0|0,0|0,0|0,0|0,0|0,0|0,0|0,0|0,0|0,0|0,0|0,1|0,0|0,0|0,0|0,0|0,0|0,0|0,0|0,0|0,0|0,0|0,0|0,0|0,0|0,0|0,0|0,0|0,0|0,0|0,0|0,0|0,0|0,0|0,0|0,0|0,0|0,0|0,0|0,0|0,0|0,0|0,1|0,0|0,0|0,0|0,0|0,0|0,0|0,0|1,0|0
12,108897803,.,C,T,.,PASS,AC=1;AN=5096;DP=20753;AF=0;EAS_AF=0;EUR_AF=0;AFR_AF=0;AMR_AF=0;SAS_AF=0;VT=SNP;NS=2548,GT,0|0,0|0,0|0,0|0,0|0,0|0,0|0,0|0,0|0,0|0,0|0,0|0,0|0,0|0,0|0,0|0,0|0,0|0,0|0,0|0,0|0,0|0,0|0,0|0,0|0,0|0,0|0,0|0,0|0,0|0,0|0,0|0,0|0,0|0,0|0,0|0,0|0,0|0,0|0,0|0,0|0,0|0,0|0,0|0,0|0,0|0,0|0,0|0,0|0,0|0,0|0,0|0,0|0,0|0,0|0,0|0,0|0,0|0,0|0,0|0,0|0,0|0,0|0,0|0,0|0,0|0,0|0,0|0,0|0,0|0,0|0,0|0,1|0,0|0,0|0,0|0,0|0,0|0,0|0,0|0,0|0,0|0,0|0,0|0,0|0,0|0
12,108897807,.,C,T,.,PASS,AC=5;AN=5096;DP=20817;AF=0;EAS_AF=0;EUR_AF=0;AFR_AF=0;AMR_AF=0;SAS_AF=0.01;VT=SNP;NS=2548,GT,0|0,0|0,0|0,0|0,0|0,0|0,0|0,0|0,0|0,0|0,0|0,0|0,0|0,0|0,0|0,0|0,0|0,0|0,0|0,0|0,0|0,0|0,0|0,0|0,0|0,0|0,0|0,0|0,0|0,0|0,0|0,0|0,0|0,0|0,0|0,0|0,0|0,0|0,0|0,0|0,0|0,0|0,0|0,0|0,1|0,0|0,0|0,0|0,0|0,0|0,0|0,0|0,0|0,0|0,0|0,0|0,0|0,0|0,0|0,0|0,0|0,0|0,0|0,0|0,0|0,0|0,0|0,0|0,0|1,0|0,0|0,0|0,0|0,0|0,0|0,0|0,0|0,0|0,0|0,0|0,0|0,0|0,0|0,0|0,0|0,0|0
12,108897863,.,C,G,.,PASS,AC=46;AN=5096;DP=24132;AF=0.01;EAS_AF=0;EUR_AF=0.02;AFR_AF=0;AMR_AF=0.02;SAS_AF=0.02;VT=SNP;NS=2548,GT,0|0,0|0,0|0,0|0,0|0,0|0,0|0,0|0,0|0,0|0,0|0,0|0,0|0,0|0,0|0,0|0,0|0,0|0,0|0,0|0,0|0,0|0,0|0,0|0,0|0,0|0,0|0,0|0,0|0,0|0,0|0,0|0,0|0,0|0,0|0,0|0,0|0,0|0,0|0,0|0,0|0,1|0,0|0,0|0,0|0,0|0,0|0,0|0,0|0,0|0,0|0,0|0,1|0,0|0,0|0,0|0,0|0,0|0,0|0,0|0,0|0,0|0,0|0,0|0,0|0,0|0,0|0,0|0,0|0,0|0,0|0,0|0,0|0,0|0,0|0,0|0,0|0,0|0,0|0,0|0,0|0,0|0,0|0,0|0,0|0,0|0
12,108897946,.,CA,C,.,PASS,AC=1224;AN=5096;DP=23483;AF=0.24;EAS_AF=0.35;EUR_AF=0.18;AFR_AF=0.18;AMR_AF=0.41;SAS_AF=0.15;VT=INDEL;NS=2548,GT,0|0,0|0,0|0,0|0,1|0,0|0,0|0,0|0,0|0,1|0,0|1,0|0,1|0,0|0,0|0,0|0,0|0,0|0,0|0,0|0,0|0,0|0,0|0,1|0,0|0,0|1,0|0,0|0,0|1,0|1,0|0,0|0,0|1,0|0,0|1,0|0,1|0,0|0,0|0,0|1,0|1,0|0,0|0,0|0,0|0,0|0,0|0,0|1,0|0,0|0,0|0,0|0,0|1,0|0,0|0,0|0,0|0,1|0,0|0,0|0,0|0,0|0,0|0,0|0,0|1,0|0,0|0,0|0,1|0,0|0,0|0,0|1,0|1,0|0,0|1,0|0,0|1,0|0,0|0,1|0,0|1,0|0,0|0,0|1,0|0,1|1
12,108898098,.,G,A,.,PASS,AC=2060;AN=5096;DP=31818;AF=0.4;EAS_AF=0.47;EUR_AF=0.3;AFR_AF=0.39;AMR_AF=0.55;SAS_AF=0.37;VT=SNP;NS=2548,GT,0|0,0|1,0|0,0|1,0|0,0|0,1|0,0|0,0|0,0|1,0|1,0|0,1|0,1|0,0|0,0|1,0|0,0|0,0|1,1|0,0|1,0|1,1|0,0|0,0|0,1|1,1|1,0|1,1|1,0|1,1|0,1|0,0|1,0|0,1|1,0|0,0|0,1|1,1|1,0|1,0|0,1|0,0|0,0|1,1|1,0|0,1|0,0|1,1|0,0|0,0|0,0|0,1|1,0|0,0|1,0|0,1|0,0|0,1|1,0|0,0|0,0|1,0|0,0|0,1|1,0|0,0|1,0|0,0|1,0|0,0|0,0|1,1|1,0|0,0|0,0|0,0|1,1|1,1|0,1|0,0|0,0|0,0|1,1|1,0|1,1|1
12,108898303,.,T,C,.,PASS,AC=7;AN=5096;DP=37740;AF=0;EAS_AF=0;EUR_AF=0;AFR_AF=0;AMR_AF=0;SAS_AF=0.01;VT=SNP;NS=2548,GT,0|0,0|0,0|0,0|0,0|0,0|0,0|0,0|0,0|0,0|0,0|0,0|0,0|0,0|0,0|0,0|0,0|0,1|0,0|0,0|0,0|0,0|0,0|0,0|0,0|0,0|0,0|0,0|0,0|0,0|0,0|0,0|0,0|0,0|0,0|0,0|0,0|0,0|0,0|0,0|0,0|0,0|0,0|0,0|0,0|0,0|0,0|0,0|0,0|0,0|0,0|0,0|0,0|0,0|0,0|0,0|0,0|0,0|0,0|0,0|0,0|0,0|0,0|0,0|0,0|0,0|0,0|0,0|0,0|0,0|0,0|0,0|0,0|0,0|0,0|0,0|0,0|0,0|0,0|0,0|0,0|0,0|0,0|0,0|0,0|0,0|0
12,108898508,.,A,C,.,PASS,AC=8;AN=5096;DP=88828;AF=0;EAS_AF=0;EUR_AF=0;AFR_AF=0;AMR_AF=0;SAS_AF=0.01;VT=SNP;NS=2548,GT,0|0,0|0,0|0,0|0,0|0,0|0,0|0,0|1,0|0,0|0,0|0,0|0,0|0,0|0,0|0,0|0,0|0,0|0,0|0,0|0,0|0,0|0,0|0,0|0,0|0,0|0,0|0,0|0,0|0,0|0,0|0,0|0,0|0,0|0,0|0,0|0,0|0,0|0,0|0,0|0,0|0,0|0,0|0,0|0,0|0,0|0,0|0,0|0,0|0,0|0,0|0,0|0,0|0,0|0,0|0,0|0,0|0,0|0,0|0,0|0,0|0,0|0,0|0,0|0,0|0,0|0,0|0,0|0,0|0,0|0,0|0,0|0,0|0,0|0,0|0,1|0,0|0,0|0,0|0,0|0,0|0,0|0,0|0,0|0,0|0,0|0
12,108898654,.,C,T,.,PASS,AC=386;AN=5096;DP=323522;AF=0.08;EAS_AF=0.15;EUR_AF=0.05;AFR_AF=0;AMR_AF=0.04;SAS_AF=0.15;EX_TARGET;VT=SNP;NS=2548,GT,0|0,0|1,0|0,0|1,0|0,0|0,1|0,0|0,0|0,0|0,0|0,0|0,0|0,1|0,0|0,0|1,0|0,0|0,0|1,1|0,0|0,0|1,1|0,0|0,0|0,1|0,0|1,0|1,1|0,0|0,1|0,1|0,0|0,0|0,1|0,0|0,0|0,1|1,1|1,0|0,0|0,0|0,0|0,0|1,0|0,0|0,0|0,0|0,0|0,0|0,0|0,0|0,0|0,0|0,0|1,0|0,1|0,0|0,0|1,0|0,0|0,0|1,0|0,0|0,0|0,0|0,0|1,0|0,0|0,0|0,0|0,0|0,1|0,0|0,0|0,0|0,0|0,0|1,0|0,0|0,0|0,0|0,0|1,1|0,0|0,0|0
12,108898842,.,G,A,.,PASS,AC=1;AN=5096;DP=173879;AF=0;EAS_AF=0;EUR_AF=0;AFR_AF=0;AMR_AF=0;SAS_AF=0;EX_TARGET;VT=SNP;NS=2548,GT,0|0,0|0,0|0,0|0,0|0,0|0,0|0,0|0,0|0,0|0,0|0,0|0,0|0,0|0,0|0,0|0,0|0,0|0,0|0,0|0,0|0,0|0,0|0,0|0,0|0,0|0,0|0,0|0,0|0,0|0,0|0,0|0,0|0,0|0,0|0,0|0,0|0,0|0,0|0,0|0,0|0,0|0,0|0,0|0,0|0,0|0,0|0,0|1,0|0,0|0,0|0,0|0,0|0,0|0,0|0,0|0,0|0,0|0,0|0,0|0,0|0,0|0,0|0,0|0,0|0,0|0,0|0,0|0,0|0,0|0,0|0,0|0,0|0,0|0,0|0,0|0,0|0,0|0,0|0,0|0,0|0,0|0,0|0,0|0,0|0,0|0
12,108898868,.,G,A,.,PASS,AC=45;AN=5096;DP=140495;AF=0.01;EAS_AF=0;EUR_AF=0.02;AFR_AF=0;AMR_AF=0.02;SAS_AF=0.02;VT=SNP;NS=2548,GT,0|0,0|0,0|0,0|0,0|0,0|0,0|0,0|0,0|0,0|0,0|0,0|0,0|0,0|0,0|0,0|0,0|0,0|0,0|0,0|0,0|0,0|0,0|0,0|0,0|0,0|0,0|0,0|0,0|0,0|0,0|0,0|0,0|0,0|0,0|0,0|0,0|0,0|0,0|0,0|0,0|0,1|0,0|0,0|0,0|0,0|0,0|0,0|0,0|0,0|0,0|0,0|0,1|0,0|0,0|0,0|0,0|0,0|0,0|0,0|0,0|0,0|0,0|0,0|0,0|0,0|0,0|0,0|0,0|0,0|0,0|0,0|0,0|0,0|0,0|0,0|0,0|0,0|0,0|0,0|0,0|0,0|0,0|0,0|0,0|0,0|0
12,108899197,.,A,G,.,PASS,AC=174;AN=5096;DP=44112;AF=0.03;EAS_AF=0;EUR_AF=0.07;AFR_AF=0;AMR_AF=0.06;SAS_AF=0.06;VT=SNP;NS=2548,GT,0|0,0|0,1|0,0|0,0|0,0|0,0|0,0|0,0|0,0|0,0|0,0|0,0|0,0|0,0|0,0|0,0|0,0|0,0|0,0|0,0|0,0|0,0|0,0|0,1|0,0|0,0|0,0|0,0|0,0|0,0|0,0|0,0|0,0|0,0|0,0|0,0|0,0|0,0|0,1|0,0|0,0|0,0|0,1|0,0|0,0|0,0|0,0|0,0|0,0|0,0|0,0|0,0|0,0|0,0|0,0|0,0|0,0|0,0|0,0|0,0|0,0|0,0|0,0|0,0|0,1|0,1|0,1|0,0|0,0|0,0|0,0|0,0|0,0|0,0|0,0|0,0|0,0|0,0|0,0|0,0|0,1|0,0|0,0|0,0|0,0|0
12,108899507,.,T,C,.,PASS,AC=104;AN=5096;DP=121898;AF=0.02;EAS_AF=0;EUR_AF=0.05;AFR_AF=0;AMR_AF=0.04;SAS_AF=0.02;VT=SNP;NS=2548,GT,0|0,0|0,1|0,0|0,0|0,0|0,0|0,0|0,0|0,0|0,0|0,0|0,0|0,0|0,0|0,0|0,0|0,0|0,0|0,0|0,0|0,0|0,0|0,0|0,0|0,0|0,0|0,0|0,0|0,0|0,0|0,0|0,0|0,0|0,0|0,0|0,0|0,0|0,0|0,0|0,0|0,0|0,0|0,1|0,0|0,0|0,0|0,0|0,0|0,0|0,0|0,0|0,0|0,0|0,0|0,0|0,0|0,0|0,0|0,0|0,0|0,0|0,0|0,0|0,0|0,0|0,1|0,0|0,0|0,0|0,0|0,0|0,0|0,0|0,0|0,0|0,0|0,0|0,0|0,0|0,0|0,0|0,0|0,0|0,0|0,0|0
12,108899544,.,A,G,.,PASS,AC=2095;AN=5096;DP=88836;AF=0.41;EAS_AF=0.47;EUR_AF=0.3;AFR_AF=0.42;AMR_AF=0.55;SAS_AF=0.37;VT=SNP;NS=2548,GT,0|0,0|1,0|0,0|1,0|0,0|0,1|0,0|0,0|0,0|1,0|1,0|0,1|0,1|0,0|0,0|1,0|0,0|0,0|1,1|0,0|1,0|1,1|0,0|0,0|0,1|1,1|1,0|1,1|1,0|1,1|0,1|0,0|1,0|0,1|1,0|0,0|0,1|1,1|1,0|1,0|0,1|0,0|0,0|1,1|1,0|0,1|0,0|1,1|0,0|0,0|0,0|0,1|1,0|0,0|1,0|0,1|0,0|0,1|1,0|0,0|0,0|1,0|0,0|0,1|1,0|0,0|1,0|0,0|1,0|0,0|0,0|1,1|1,0|0,0|0,0|0,0|1,1|1,1|0,1|0,0|0,0|0,0|1,1|1,0|1,1|1
12,108899550,.,A,G,.,PASS,AC=26;AN=5096;DP=85453;AF=0.01;EAS_AF=0;EUR_AF=0;AFR_AF=0.01;AMR_AF=0;SAS_AF=0.01;VT=SNP;NS=2548,GT,0|0,0|0,0|0,0|0,0|0,0|0,0|0,0|0,0|0,0|0,0|0,0|0,0|0,0|0,0|0,0|0,0|0,0|0,0|0,0|0,0|0,0|0,0|0,0|0,0|0,0|0,0|0,0|0,0|0,0|0,0|0,0|0,0|0,0|0,0|0,0|0,0|0,0|0,0|0,0|0,0|0,0|0,0|0,0|0,0|0,0|0,1|0,0|0,0|0,0|0,0|0,0|0,0|0,0|0,0|0,0|0,0|0,0|0,0|0,0|0,0|0,0|0,0|0,0|0,0|0,0|0,0|0,0|0,0|0,0|0,0|0,0|0,0|0,0|0,0|0,0|0,0|0,1|0,0|0,0|0,0|0,0|0,0|0,0|0,0|1,0|0
12,108899607,.,T,C,.,PASS,AC=102;AN=5096;DP=57971;AF=0.02;EAS_AF=0.07;EUR_AF=0;AFR_AF=0.02;AMR_AF=0;SAS_AF=0.01;VT=SNP;NS=2548,GT,0|0,0|0,0|0,0|0,0|0,0|0,0|0,0|0,0|0,0|0,0|0,0|0,0|0,0|0,0|0,0|0,0|0,0|0,0|0,0|0,0|0,0|0,0|0,1|0,0|0,0|0,0|0,0|0,0|0,0|0,0|0,0|0,0|0,0|0,0|0,0|0,0|0,0|0,0|0,0|0,0|0,0|0,0|0,0|0,0|0,0|0,0|0,0|0,0|0,0|0,0|0,0|0,0|0,0|1,0|0,0|0,0|0,0|0,0|0,0|0,0|0,0|0,0|0,0|0,0|0,0|0,0|0,0|0,0|0,0|0,0|0,0|0,0|0,0|0,0|0,0|0,0|0,0|0,0|0,0|0,0|0,0|0,0|0,0|0,1|0,0|0
12,108899641,.,C,T,.,PASS,AC=290;AN=5096;DP=47772;AF=0.06;EAS_AF=0;EUR_AF=0.06;AFR_AF=0.12;AMR_AF=0.06;SAS_AF=0.02;VT=SNP;NS=2548,GT,0|0,0|0,0|0,0|0,0|0,0|0,0|0,0|0,0|0,0|0,0|0,0|0,0|0,0|0,0|0,0|0,0|0,0|0,0|0,0|0,0|0,0|0,0|0,0|0,0|0,0|0,0|0,0|0,0|0,0|0,0|0,0|0,0|0,0|0,0|0,0|0,0|0,0|0,0|0,0|0,0|0,0|0,0|0,0|0,0|0,0|0,1|0,0|0,0|0,0|0,0|0,0|0,0|0,0|0,0|0,0|0,0|0,0|0,0|0,0|0,0|0,0|0,0|0,0|0,0|0,0|0,0|0,0|0,0|0,0|0,0|0,0|0,0|0,0|0,0|0,0|0,0|0,1|0,0|0,0|0,0|0,0|0,0|0,0|0,0|1,0|0
12,108899719,.,A,T,.,PASS,AC=1;AN=5096;DP=37568;AF=0;EAS_AF=0;EUR_AF=0;AFR_AF=0;AMR_AF=0;SAS_AF=0;VT=SNP;NS=2548,GT,0|0,0|0,0|0,0|0,0|0,0|0,0|0,0|0,0|0,0|0,0|0,0|0,0|0,0|0,0|0,0|0,0|0,0|0,0|0,0|0,0|0,0|0,0|0,0|0,0|0,0|0,0|0,0|0,0|0,0|0,0|0,0|0,0|0,0|0,0|0,0|0,0|0,0|0,0|0,0|0,0|0,0|0,0|0,0|0,0|0,0|1,0|0,0|0,0|0,0|0,0|0,0|0,0|0,0|0,0|0,0|0,0|0,0|0,0|0,0|0,0|0,0|0,0|0,0|0,0|0,0|0,0|0,0|0,0|0,0|0,0|0,0|0,0|0,0|0,0|0,0|0,0|0,0|0,0|0,0|0,0|0,0|0,0|0,0|0,0|0,0|0
12,108900231,.,C,T,.,PASS,AC=21;AN=5096;DP=55706;AF=0;EAS_AF=0;EUR_AF=0;AFR_AF=0;AMR_AF=0;SAS_AF=0.02;VT=SNP;NS=2548,GT,0|0,0|0,0|0,0|0,0|0,0|0,0|0,0|0,0|0,0|0,0|0,0|0,0|0,0|0,0|0,0|0,0|0,0|0,0|0,0|0,0|0,0|0,0|0,0|0,0|0,0|0,0|0,0|0,0|0,0|0,0|0,0|0,0|0,0|0,0|0,0|0,0|0,0|0,0|0,0|0,0|0,0|0,1|0,0|0,0|0,0|0,0|0,0|0,0|0,0|0,0|0,0|0,0|0,0|0,0|0,0|0,0|0,0|0,0|0,0|0,0|0,0|0,0|0,0|0,0|0,0|0,0|0,0|0,0|0,0|0,0|0,0|0,0|0,0|0,0|0,0|0,0|0,0|0,0|0,0|0,0|0,0|0,0|0,0|0,0|0,0|0
12,108900275,.,G,A,.,PASS,AC=2264;AN=5096;DP=82794;AF=0.44;EAS_AF=0.47;EUR_AF=0.3;AFR_AF=0.54;AMR_AF=0.55;SAS_AF=0.37;VT=SNP;NS=2548,GT,0|0,0|1,0|0,0|1,0|0,0|0,1|0,0|0,0|0,0|1,0|1,0|0,1|0,1|0,0|0,0|1,0|0,0|0,0|1,1|0,0|1,0|1,1|0,0|0,0|0,1|1,1|1,0|1,1|1,0|1,1|0,1|0,0|1,0|0,1|1,0|0,0|0,1|1,1|1,0|1,0|0,1|0,0|0,0|1,1|1,0|0,1|0,0|1,1|0,0|0,0|0,0|0,1|1,0|0,0|1,0|0,1|0,0|0,1|1,0|0,0|0,0|1,0|0,0|0,1|1,0|0,0|1,0|0,0|1,0|0,0|0,0|1,1|1,0|0,0|0,0|0,0|1,1|1,1|0,1|0,0|0,0|0,0|1,1|1,0|1,1|1
12,108900370,.,C,T,.,PASS,AC=3;AN=5096;DP=260610;AF=0;EAS_AF=0;EUR_AF=0;AFR_AF=0;AMR_AF=0;SAS_AF=0;EX_TARGET;VT=SNP;NS=2548,GT,0|0,0|0,0|0,0|0,0|0,0|0,0|0,0|0,0|0,0|0,0|0,0|0,0|0,0|0,0|0,0|0,0|0,0|0,0|0,0|0,0|0,0|0,0|0,0|0,0|0,0|0,0|0,0|0,0|0,0|0,0|0,0|0,0|1,0|0,0|0,0|0,0|0,0|0,0|0,0|0,0|0,0|0,0|0,0|0,0|0,0|0,0|0,0|0,0|0,0|0,0|0,0|0,0|0,0|0,0|0,0|0,0|0,0|0,0|0,0|0,0|0,0|0,0|0,0|0,0|0,0|0,0|0,0|0,0|0,0|0,0|0,0|0,0|0,0|0,0|0,0|0,0|0,0|0,0|0,0|0,0|0,0|0,0|0,0|0,0|0,0|0
12,108900943,.,T,C,.,PASS,AC=1535;AN=5096;DP=26553;AF=0.3;EAS_AF=0.46;EUR_AF=0.19;AFR_AF=0.22;AMR_AF=0.44;SAS_AF=0.26;VT=SNP;NS=2548,GT,0|0,0|1,0|0,0|1,0|0,0|0,1|0,0|0,0|0,0|0,0|1,0|0,1|0,1|0,0|0,0|1,0|0,0|0,0|1,1|0,0|0,0|1,1|0,0|0,0|0,1|1,0|1,0|1,1|1,0|1,1|0,1|0,0|1,0|0,1|1,0|0,0|0,1|1,1|1,0|1,0|0,0|0,0|0,0|1,0|0,0|0,0|0,0|1,0|0,0|0,0|0,0|0,0|1,0|0,0|1,0|0,1|0,0|0,0|1,0|0,0|0,0|1,0|0,0|0,0|1,0|0,0|1,0|0,0|0,0|0,0|0,0|1,1|1,0|0,0|0,0|0,0|1,0|1,0|0,1|0,0|0,0|0,0|1,1|1,0|0,1|1
