#CHROM,POS,ID,REF,ALT,QUAL,FILTER,INFO,FORMAT,HG03727,HG03967,HG03869,HG03874,HG04098,HG04200,HG04211,HG04206,HG03965,HG03742,HG04214,HG03977,HG03775,HG04020,HG04017,HG04225,HG04062,HG03785,HG04023,HG04059,HG04014,HG04002,HG03782,HG04238,HG04212,HG04015,HG03866,HG03974,HG03968,HG03870,HG03789,HG03731,HG03864,HG03729,HG04061,HG04093,HG03969,HG03771,HG03717,HG04239,HG04022,HG03730,HG03960,HG04216,HG03971,HG03867,HG04096,HG03720,HG03777,HG04025,HG04094,HG03779,HG04063,HG03976,HG04060,HG04219,HG03861,HG04070,HG03770,HG03882,HG03784,HG03862,HG04090,HG03718,HG03714,HG03774,HG04056,HG04076,HG03780,HG03713,HG04054,HG04018,HG03772,HG04198,HG03787,HG04080,HG03781,HG03868,HG04209,HG03778,HG03871,HG03790,HG03872,HG04019,HG03716,HG04001,HG03786,HG03963,HG03863,HG04118,HG03773,HG03973,HG03792,HG03873,HG03875,HG04235,HG04202,HG04026,HG04222,HG03978,HG03788
22,23766101,.,C,G,.,PASS,AC=3724;AN=5096;DP=148004;AF=0.73;EAS_AF=0.66;EUR_AF=0.84;AFR_AF=0.76;AMR_AF=0.85;SAS_AF=0.58;EX_TARGET;VT=SNP;NS=2548,GT,1|1,1|0,0|0,1|1,0|0,0|1,1|0,0|0,0|0,1|0,1|1,0|1,0|0,1|1,0|0,1|0,0|0,1|0,1|1,1|0,1|1,1|1,1|1,1|1,1|0,1|1,0|1,1|1,1|0,1|0,1|0,0|1,1|0,0|1,1|0,1|1,0|0,1|1,1|1,1|1,1|0,1|1,0|1,1|1,1|1,0|0,0|0,0|1,1|0,1|0,1|1,0|0,1|0,0|1,0|0,0|0,1|1,0|0,0|1,0|1,1|1,0|1,0|1,1|0,1|1,1|0,0|0,1|0,1|1,1|1,1|1,0|1,0|1,1|1,0|1,1|1,1|0,0|1,0|0,1|1,1|0,0|0,0|0,0|0,1|0,0|1,0|0,0|1,1|0,0|1,0|1,1|0,1|1,1|0,1|1,1|1,0|0,1|0,1|1,1|0,0|1
22,23766225,.,G,A,.,PASS,AC=3723;AN=5096;DP=96345;AF=0.73;EAS_AF=0.66;EUR_AF=0.84;AFR_AF=0.76;AMR_AF=0.85;SAS_AF=0.57;EX_TARGET;VT=SNP;NS=2548,GT,1|1,1|0,0|0,1|1,0|0,0|1,1|0,0|0,0|0,1|0,1|1,0|1,0|0,1|1,0|0,1|0,0|0,1|0,1|1,1|0,1|1,1|1,1|1,1|1,1|0,1|1,0|1,1|1,1|0,1|0,1|0,0|1,1|0,0|1,1|0,1|1,0|0,1|1,1|1,1|1,1|0,1|1,0|1,1|1,1|1,0|0,0|0,0|1,1|0,1|0,1|1,0|0,1|0,0|1,0|0,0|0,1|1,0|0,0|1,0|1,1|1,0|1,0|1,1|0,1|1,1|0,0|0,1|0,1|1,1|1,1|1,0|1,0|1,1|1,0|1,1|1,1|0,0|1,0|0,1|1,1|0,0|0,0|0,0|0,1|0,0|1,0|0,0|1,1|0,0|1,0|1,1|0,1|1,1|0,1|1,1|1,0|0,1|0,1|1,1|0,0|1
22,23766424,.,C,T,.,PASS,AC=60;AN=5096;DP=16104;AF=0.01;EAS_AF=0;EUR_AF=0.01;AFR_AF=0;AMR_AF=0;SAS_AF=0.04;VT=SNP;NS=2548,GT,0|0,0|0,1|1,0|0,0|0,1|0,0|1,0|0,0|0,0|0,0|0,0|0,0|0,0|0,0|0,0|0,0|0,0|0,0|0,0|0,0|0,0|0,0|0,0|0,0|0,0|0,0|0,0|0,0|0,0|0,0|0,0|0,0|0,0|0,0|0,0|0,0|0,0|0,0|0,0|0,0|0,0|0,0|0,0|0,0|0,0|0,0|0,0|0,0|0,0|0,0|0,0|0,0|0,0|0,1|0,0|0,0|0,0|0,0|0,0|0,0|0,0|0,1|0,0|0,0|0,0|0,0|0,0|0,0|0,0|0,0|0,0|0,0|0,0|0,0|0,0|0,0|0,0|0,0|0,0|0,0|0,0|0,0|0,0|0,0|0,0|0,0|0,0|0,0|1,1|0,0|0,0|0,0|0,0|0,0|0,0|0,0|1,0|0,0|0,0|0,0|0
22,23766514,.,G,A,.,PASS,AC=395;AN=5096;DP=12360;AF=0.08;EAS_AF=0.05;EUR_AF=0.08;AFR_AF=0.1;AMR_AF=0.03;SAS_AF=0.1;VT=SNP;NS=2548,GT,0|0,0|0,0|0,0|0,0|0,0|0,0|0,1|0,0|0,0|1,0|0,1|0,0|0,0|0,0|0,0|0,0|0,0|0,0|0,0|1,0|0,0|0,0|0,0|0,0|0,0|0,1|0,0|0,0|0,0|0,0|0,0|0,0|0,0|0,0|0,0|0,0|0,0|0,0|0,0|0,0|1,0|0,0|0,0|0,0|0,0|0,1|0,0|0,0|0,0|1,0|0,0|0,0|0,0|0,0|0,0|0,0|0,0|1,0|0,0|0,0|0,0|0,0|0,0|0,0|0,0|0,0|1,0|0,0|0,0|0,0|0,1|0,0|0,0|0,1|0,0|0,0|0,0|0,0|0,0|0,0|0,0|0,0|0,1|1,0|0,0|0,0|0,0|0,0|0,0|0,0|0,0|0,0|0,0|1,0|0,0|0,0|0,0|1,0|0,0|1,0|0
22,23766569,.,T,C,.,PASS,AC=3732;AN=5096;DP=14749;AF=0.73;EAS_AF=0.66;EUR_AF=0.84;AFR_AF=0.76;AMR_AF=0.85;SAS_AF=0.57;VT=SNP;NS=2548,GT,1|1,1|0,0|0,1|1,0|0,0|1,1|0,0|0,0|0,1|0,1|1,0|1,0|0,1|1,0|0,1|0,0|0,1|0,1|1,1|0,1|1,1|1,1|1,1|1,1|0,1|1,0|1,1|1,1|0,1|0,1|0,0|1,1|0,0|1,1|0,1|1,0|0,1|1,1|1,0|1,1|0,1|1,0|1,1|1,1|1,0|0,0|0,0|1,1|0,1|0,1|1,0|0,1|0,0|1,0|0,0|0,1|1,0|0,0|1,0|1,1|1,0|1,0|1,1|0,1|1,1|0,0|0,1|0,1|1,1|1,1|1,0|1,0|1,1|1,0|1,1|1,1|1,0|1,0|0,1|1,1|0,0|0,0|0,0|0,1|0,0|1,0|0,0|1,1|0,0|1,0|1,0|0,1|1,1|0,1|1,1|1,0|0,1|0,1|1,1|0,0|1
22,23766790,.,A,G,.,PASS,AC=4064;AN=5096;DP=20069;AF=0.8;EAS_AF=0.7;EUR_AF=0.84;AFR_AF=0.88;AMR_AF=0.86;SAS_AF=0.7;VT=SNP;NS=2548,GT,1|1,1|1,0|0,1|1,1|0,0|1,1|0,0|1,0|1,1|0,1|1,0|1,0|1,1|1,0|0,1|0,0|1,1|0,1|1,1|0,1|1,1|1,1|1,1|1,1|1,1|1,0|1,1|1,1|1,1|1,1|1,0|1,1|1,0|1,1|0,1|1,0|1,1|1,1|1,1|1,1|0,1|1,0|1,1|1,1|1,0|1,0|0,1|1,1|1,1|0,1|1,1|1,1|1,0|1,0|0,1|1,1|1,0|0,0|1,0|1,1|1,1|1,0|1,1|1,1|1,1|1,0|0,1|0,1|1,1|1,1|1,0|1,0|1,1|1,0|1,1|1,1|1,1|1,0|0,1|1,1|1,0|0,0|1,0|0,1|0,0|1,1|0,0|1,1|0,0|1,0|1,1|1,1|1,1|0,1|1,1|1,1|0,1|0,1|1,1|0,1|1
22,23766880,.,G,T,.,PASS,AC=1;AN=5096;DP=22069;AF=0;EAS_AF=0;EUR_AF=0;AFR_AF=0;AMR_AF=0;SAS_AF=0;VT=SNP;NS=2548,GT,0|0,0|0,0|0,0|0,0|0,0|0,0|0,0|0,0|0,0|0,0|0,0|0,0|0,0|0,0|0,0|0,0|0,0|0,0|0,0|0,0|0,0|0,0|0,0|0,0|0,0|0,0|0,0|0,0|0,0|0,0|0,0|0,0|0,0|0,0|0,0|0,0|0,0|0,0|0,0|0,0|0,0|0,0|0,0|0,0|0,0|0,0|0,1|0,0|0,0|0,0|0,0|0,0|0,0|0,0|0,0|0,0|0,0|0,0|0,0|0,0|0,0|0,0|0,0|0,0|0,0|0,0|0,0|0,0|0,0|0,0|0,0|0,0|0,0|0,0|0,0|0,0|0,0|0,0|0,0|0,0|0,0|0,0|0,0|0,0|0,0|0,0|0,0|0,0|0,0|0,0|0,0|0,0|0,0|0,0|0,0|0,0|0,0|0,0|0,0|0,0|0
22,23767098,.,G,A,.,PASS,AC=731;AN=5096;DP=23600;AF=0.14;EAS_AF=0.02;EUR_AF=0.16;AFR_AF=0.32;AMR_AF=0.13;SAS_AF=0.03;VT=SNP;NS=2548,GT,0|0,0|0,0|0,0|1,0|0,0|0,0|0,0|0,0|0,0|0,0|0,0|1,0|0,0|0,0|0,0|0,0|0,0|0,0|0,0|0,0|0,0|0,1|0,1|0,0|0,0|0,0|0,0|0,0|0,0|0,0|0,0|0,0|0,0|0,0|0,0|0,0|0,0|0,0|0,0|0,0|0,0|0,0|0,0|0,0|0,0|0,0|0,0|0,0|0,0|0,0|0,0|0,0|0,0|0,0|0,0|0,0|0,0|0,0|0,0|0,0|0,0|0,0|0,0|0,0|0,0|0,0|0,0|0,0|0,0|0,0|0,0|0,0|0,0|0,0|0,0|0,0|0,0|0,0|0,0|0,0|0,0|0,0|0,0|0,0|0,0|0,0|0,0|0,0|0,0|1,0|0,0|0,0|0,0|0,0|0,0|0,0|0,0|0,0|0,0|0,0|0
22,23767222,.,C,T,.,PASS,AC=346;AN=5096;DP=33845;AF=0.07;EAS_AF=0.02;EUR_AF=0.16;AFR_AF=0.05;AMR_AF=0.11;SAS_AF=0.03;VT=SNP;NS=2548,GT,0|0,0|0,0|0,0|1,0|0,0|0,0|0,0|0,0|0,0|0,0|0,0|0,0|0,0|0,0|0,0|0,0|0,0|0,0|0,0|0,0|0,0|0,1|0,1|0,0|0,0|0,0|0,0|0,0|0,0|0,0|0,0|0,0|0,0|0,0|0,0|0,0|0,0|0,0|0,0|0,0|0,0|0,0|0,0|0,0|0,0|0,0|0,0|0,0|0,0|0,0|0,0|0,0|0,0|0,0|0,0|0,0|0,0|0,0|0,0|0,0|0,0|0,0|0,0|0,0|0,0|0,0|0,0|0,0|0,0|0,0|0,0|0,0|0,0|0,0|0,0|0,0|0,0|0,0|0,0|0,0|0,0|0,0|0,0|0,0|0,0|0,0|0,0|0,0|0,0|1,0|0,0|0,0|0,0|0,0|0,0|0,0|0,0|0,0|0,0|0,0|0
22,23767275,.,T,C,.,PASS,AC=1631;AN=5096;DP=50216;AF=0.32;EAS_AF=0.2;EUR_AF=0.53;AFR_AF=0.13;AMR_AF=0.56;SAS_AF=0.31;VT=SNP;NS=2548,GT,0|1,1|0,0|0,1|0,0|0,0|1,0|0,0|0,0|0,1|0,1|1,0|0,0|0,1|1,0|0,0|0,0|0,1|0,1|0,0|0,0|1,0|0,0|0,0|1,0|0,0|1,0|1,1|0,1|0,0|0,0|0,0|1,1|0,1|0,1|0,1|1,0|0,1|0,1|1,0|1,1|0,1|0,0|0,0|1,0|0,0|0,0|0,0|0,1|0,1|0,0|0,0|0,0|0,0|1,0|0,0|0,0|0,0|0,0|0,0|1,1|1,0|0,0|1,1|0,1|1,0|0,1|0,1|0,1|1,1|0,1|1,0|1,0|1,0|1,0|1,0|0,1|0,0|0,0|0,1|1,0|0,0|0,0|0,1|0,1|0,0|0,0|0,0|0,1|0,0|0,0|1,0|0,1|0,1|0,0|0,0|1,0|0,0|0,1|0,0|0,0|1
22,23767363,.,T,C,.,PASS,AC=4435;AN=5096;DP=87052;AF=0.87;EAS_AF=0.73;EUR_AF=0.91;AFR_AF=0.99;AMR_AF=0.88;SAS_AF=0.8;EX_TARGET;VT=SNP;NS=2548,GT,0|1,1|1,0|0,1|1,1|1,0|1,1|0,1|1,0|1,1|1,1|1,1|1,0|1,1|1,0|0,1|1,0|1,1|0,1|1,1|1,1|1,1|0,1|1,1|1,1|1,1|1,1|1,1|0,1|1,0|1,1|1,0|1,1|1,1|0,1|0,1|1,0|1,1|1,1|1,1|1,1|1,0|1,0|1,1|1,1|1,0|1,1|0,1|1,1|1,1|1,1|1,1|1,1|1,0|1,0|0,1|0,1|1,0|1,0|1,0|1,1|1,0|1,0|1,1|1,1|1,1|1,1|1,1|0,1|1,1|1,1|1,1|1,0|1,1|1,1|1,1|1,1|1,1|1,0|0,1|1,1|1,0|0,0|1,1|1,1|0,0|1,1|0,1|1,1|0,0|1,0|1,1|1,1|0,1|1,1|1,1|1,1|0,1|1,1|1,1|1,1|1
22,23767587,.,T,G,.,PASS,AC=4428;AN=5096;DP=9736;AF=0.87;EAS_AF=0.75;EUR_AF=0.91;AFR_AF=0.98;AMR_AF=0.87;SAS_AF=0.8;EX_TARGET;VT=SNP;NS=2548,GT,0|1,1|1,0|0,1|1,1|1,1|0,1|1,1|1,0|1,1|1,1|1,1|1,0|1,1|1,0|0,1|1,0|1,1|0,1|1,1|1,1|1,1|0,1|1,1|1,1|1,1|1,1|0,1|0,1|1,0|1,1|1,1|1,1|1,1|0,1|0,0|1,0|1,0|1,1|1,1|1,1|1,1|1,0|1,1|1,1|1,0|1,1|0,1|1,1|1,1|1,1|1,1|1,1|1,0|1,1|0,1|0,1|1,0|1,0|1,0|1,1|1,0|1,1|1,1|1,0|1,1|1,1|1,1|0,1|1,0|1,1|1,1|1,0|1,1|1,1|1,1|1,1|1,1|1,0|0,1|1,1|1,0|0,0|1,1|1,1|0,0|1,1|0,1|1,0|1,0|1,0|1,1|1,1|0,1|1,1|1,1|0,1|1,1|1,1|0,1|1,1|1
22,23767795,.,C,T,.,PASS,AC=31;AN=5096;DP=44997;AF=0.01;EAS_AF=0;EUR_AF=0;AFR_AF=0;AMR_AF=0;SAS_AF=0.03;EX_TARGET;VT=SNP;NS=2548,GT,0|0,0|0,0|0,0|0,0|0,0|0,0|0,0|0,0|0,0|0,0|0,0|0,0|0,0|0,1|0,0|0,0|0,0|0,0|0,0|0,0|0,0|0,0|0,0|0,0|0,0|0,0|0,0|0,0|0,0|0,0|0,0|0,0|0,0|0,0|1,0|0,0|0,0|0,0|0,0|0,0|0,0|0,0|0,0|0,0|0,0|0,0|1,0|0,0|0,0|0,0|0,0|0,0|0,0|0,0|0,0|0,0|0,0|0,1|0,1|0,0|0,0|0,0|0,0|0,0|0,0|0,0|0,0|0,0|0,0|0,0|0,0|0,0|0,0|0,0|0,0|0,0|0,0|0,0|0,0|0,0|0,0|1,0|0,0|0,0|0,0|0,0|0,0|0,0|0,0|0,1|0,0|0,0|0,0|0,0|0,0|0,0|0,0|0,0|0,0|0,0|0
