#CHROM,POS,ID,REF,ALT,QUAL,FILTER,INFO,FORMAT,NA19025,NA19474,NA19461,NA19472,NA19462,NA19475,NA19440,NA19017,NA19454,NA19375,NA19452,NA19431,NA19468,NA19327,NA19446,NA19319,NA19023,NA19307,NA19428,NA19397,NA19435,NA19434,NA19024,NA19044,NA19338,NA19324,NA19038,NA19377,NA19028,NA19449,NA19360,NA19351,NA19401,NA19399,NA19315,NA19385,NA19334,NA19448,NA19372,NA19467,NA19310,NA19355,NA19346,NA19371,NA19473,NA19390,NA19378,NA19457,NA19443,NA19347,NA19026,NA19430,NA19019,NA19451,NA19321,NA19331,NA19455,NA19384,NA19439,NA19350,NA19438,NA19394,NA19316,NA19436,NA19332,NA19314,NA19323,NA19037,NA19429,NA19391,NA19456,NA19471,NA19020,NA19318,NA19466,NA19030,NA19031,NA19317,NA19309,NA19308,NA19374,NA19445,NA19041,NA19393,NA19463,NA19437,NA19398,NA19376,NA19395,NA19379,NA19403,NA19312,NA19035,NA19027,NA19380,NA19036,NA19404,NA19359
22,29480385,.,T,C,.,PASS,AC=356;AN=5096;DP=21237;AF=0.07;EAS_AF=0;EUR_AF=0;AFR_AF=0.26;AMR_AF=0.01;SAS_AF=0;EX_TARGET;VT=SNP;NS=2548,GT,1|1,0|0,0|0,0|0,0|1,0|0,1|0,0|0,0|0,0|0,1|0,0|0,0|0,0|0,0|0,0|1,0|0,1|0,0|1,0|0,0|0,0|0,0|0,1|0,1|0,0|0,0|0,0|0,0|0,1|1,0|0,0|0,0|0,0|0,1|0,0|0,0|1,0|1,1|0,0|0,0|0,0|0,0|0,0|0,0|0,0|0,0|1,1|0,0|0,0|0,0|0,1|0,0|0,0|0,1|0,0|1,0|0,0|1,1|0,0|0,0|0,1|0,1|0,0|0,0|1,1|0,0|0,0|0,1|0,0|0,1|0,0|0,0|0,0|1,0|0,0|0,0|0,1|0,0|0,0|0,0|0,0|0,0|0,0|0,0|0,1|0,0|0,0|0,0|0,1|0,0|1,0|0,1|0,0|0,0|0,0|0,1|0,0|0
22,29480559,.,G,A,.,PASS,AC=356;AN=5096;DP=24597;AF=0.07;EAS_AF=0;EUR_AF=0;AFR_AF=0.26;AMR_AF=0.01;SAS_AF=0;EX_TARGET;VT=SNP;NS=2548,GT,1|1,0|0,0|0,0|0,0|1,0|0,1|0,0|0,0|0,0|0,1|0,0|0,0|0,0|0,0|0,0|1,0|0,1|0,0|1,0|0,0|0,0|0,0|0,1|0,1|0,0|0,0|0,0|0,0|0,1|1,0|0,0|0,0|0,0|0,1|0,0|0,0|1,0|1,1|0,0|0,0|0,0|0,0|0,0|0,0|0,0|0,0|1,1|0,0|0,0|0,0|0,1|0,0|0,0|0,1|0,0|1,0|0,0|1,1|0,0|0,0|0,1|0,1|0,0|0,0|1,1|0,0|0,0|0,1|0,0|0,1|0,0|0,0|0,0|1,0|0,0|0,0|0,1|0,0|0,0|0,0|0,0|0,0|0,0|0,0|0,1|0,0|0,0|0,0|0,1|0,0|1,0|0,1|0,0|0,0|0,0|0,1|0,0|0
22,29480574,.,G,A,.,PASS,AC=12;AN=5096;DP=25929;AF=0;EAS_AF=0;EUR_AF=0;AFR_AF=0.01;AMR_AF=0;SAS_AF=0;EX_TARGET;VT=SNP;NS=2548,GT,0|0,0|0,0|0,0|0,0|0,0|0,0|0,0|0,0|0,0|0,0|0,0|0,0|0,0|0,0|0,0|0,0|0,0|0,0|0,0|0,0|1,0|0,0|0,0|0,0|0,0|0,0|0,0|0,0|0,0|0,0|0,0|0,0|0,0|0,0|0,0|0,0|0,1|0,0|0,0|0,0|0,1|0,1|0,0|0,0|0,0|0,1|0,0|0,0|0,0|0,0|0,0|0,0|0,0|0,0|0,0|0,0|0,0|0,0|0,0|0,0|0,0|0,0|1,0|0,0|0,0|0,0|0,0|0,0|0,0|0,0|0,0|0,0|0,0|0,0|0,0|0,0|0,0|0,0|0,0|0,0|0,0|0,0|0,0|0,0|0,0|0,0|0,0|0,0|0,0|0,0|0,0|0,0|0,0|0,0|0,0|0,0|0,0|0
22,29480603,.,A,C,.,PASS,AC=1;AN=5096;DP=27720;AF=0;EAS_AF=0;EUR_AF=0;AFR_AF=0;AMR_AF=0;SAS_AF=0;EX_TARGET;VT=SNP;NS=2548,GT,0|0,0|0,0|0,0|0,0|0,0|0,0|0,0|0,0|0,0|0,0|0,0|0,0|0,0|0,0|0,0|0,0|0,0|0,0|0,0|0,0|0,0|0,0|0,0|0,0|0,0|0,0|0,0|0,0|0,0|0,0|0,0|0,0|0,0|0,0|0,0|0,0|0,0|0,0|0,0|0,0|0,0|0,0|0,0|0,0|0,0|0,0|0,0|0,0|0,0|0,0|1,0|0,0|0,0|0,0|0,0|0,0|0,0|0,0|0,0|0,0|0,0|0,0|0,0|0,0|0,0|0,0|0,0|0,0|0,0|0,0|0,0|0,0|0,0|0,0|0,0|0,0|0,0|0,0|0,0|0,0|0,0|0,0|0,0|0,0|0,0|0,0|0,0|0,0|0,0|0,0|0,0|0,0|0,0|0,0|0,0|0,0|0,0|0
22,29480817,.,A,C,.,PASS,AC=357;AN=5096;DP=12596;AF=0.07;EAS_AF=0;EUR_AF=0;AFR_AF=0.26;AMR_AF=0.01;SAS_AF=0;EX_TARGET;VT=SNP;NS=2548,GT,1|1,0|0,0|0,0|0,0|1,0|0,1|0,0|0,0|0,0|0,1|0,0|0,0|0,0|0,0|0,0|1,0|0,1|0,0|1,0|0,0|0,0|0,0|0,1|0,1|0,0|0,0|0,0|0,0|0,1|1,0|0,0|0,0|0,0|0,1|0,0|0,0|1,0|1,1|0,0|0,0|0,0|0,0|0,0|0,0|0,0|0,0|1,1|0,0|0,0|0,0|0,1|0,0|0,0|0,1|0,0|1,0|1,0|1,1|0,0|0,0|0,1|0,1|0,0|0,0|1,1|0,0|0,0|0,1|0,0|0,1|0,0|0,0|0,0|1,0|0,0|0,0|0,1|0,0|0,0|0,0|0,0|0,0|0,0|0,0|0,1|0,0|0,0|0,0|0,1|0,0|1,0|0,1|0,0|0,0|0,0|0,1|0,0|0
22,29481021,.,G,T,.,PASS,AC=356;AN=5096;DP=15919;AF=0.07;EAS_AF=0;EUR_AF=0;AFR_AF=0.26;AMR_AF=0.01;SAS_AF=0;EX_TARGET;VT=SNP;NS=2548,GT,1|1,0|0,0|0,0|0,0|1,0|0,1|0,0|0,0|0,0|0,1|0,0|0,0|0,0|0,0|0,0|1,0|0,1|0,0|1,0|0,0|0,0|0,0|0,1|0,1|0,0|0,0|0,0|0,0|0,1|1,0|0,0|0,0|0,0|0,1|0,0|0,0|1,0|1,1|0,0|0,0|0,0|0,0|0,0|0,0|0,0|0,0|1,1|0,0|0,0|0,0|0,1|0,0|0,0|0,1|0,0|1,0|0,0|1,1|0,0|0,0|0,1|0,1|0,0|0,0|1,1|0,0|0,0|0,1|0,0|0,1|0,0|0,0|0,0|1,0|0,0|0,0|0,1|0,0|0,0|0,0|0,0|0,0|0,0|0,0|0,1|0,0|0,0|0,0|0,1|0,0|1,0|0,1|0,0|0,0|0,0|0,1|0,0|0
22,29481202,.,T,C,.,PASS,AC=356;AN=5096;DP=16365;AF=0.07;EAS_AF=0;EUR_AF=0;AFR_AF=0.26;AMR_AF=0.01;SAS_AF=0;VT=SNP;NS=2548,GT,1|1,0|0,0|0,0|0,0|1,0|0,1|0,0|0,0|0,0|0,1|0,0|0,0|0,0|0,0|0,0|1,0|0,1|0,0|1,0|0,0|0,0|0,0|0,1|0,1|0,0|0,0|0,0|0,0|0,1|1,0|0,0|0,0|0,0|0,1|0,0|0,0|1,0|1,1|0,0|0,0|0,0|0,0|0,0|0,0|0,0|0,0|1,1|0,0|0,0|0,0|0,1|0,0|0,0|0,1|0,0|1,0|0,0|1,1|0,0|0,0|0,1|0,1|0,0|0,0|1,1|0,0|0,0|0,1|0,0|0,1|0,0|0,0|0,0|1,0|0,0|0,0|0,1|0,0|0,0|0,0|0,0|0,0|0,0|0,0|0,1|0,0|0,0|0,0|0,1|0,0|1,0|0,1|0,0|0,0|0,0|0,1|0,0|0
22,29481274,.,A,G,.,PASS,AC=56;AN=5096;DP=18768;AF=0.01;EAS_AF=0;EUR_AF=0;AFR_AF=0.04;AMR_AF=0;SAS_AF=0;VT=SNP;NS=2548,GT,0|0,0|0,0|0,0|0,0|0,0|0,0|0,0|0,0|0,0|0,0|0,0|0,0|0,1|0,0|0,0|0,0|0,0|0,0|0,1|0,0|0,0|1,0|0,0|0,0|0,0|0,0|0,0|0,0|0,0|0,0|0,0|0,1|1,0|0,0|0,0|0,0|0,0|0,0|0,0|0,0|0,0|0,0|0,0|0,0|0,0|0,0|0,0|0,0|0,0|0,0|0,0|0,1|0,0|0,0|0,0|0,0|0,0|0,0|0,0|0,0|0,0|0,0|0,0|0,0|0,0|0,0|0,0|0,0|0,0|0,0|0,0|0,0|0,1|0,0|0,0|0,0|0,0|0,0|0,0|1,0|0,1|0,0|0,0|0,0|0,0|0,0|0,1|0,0|0,0|0,0|0,0|0,0|0,0|0,0|0,0|0,0|0,0|0
22,29481378,.,G,A,.,PASS,AC=191;AN=5096;DP=18418;AF=0.04;EAS_AF=0;EUR_AF=0.11;AFR_AF=0;AMR_AF=0.06;SAS_AF=0.02;VT=SNP;NS=2548,GT,0|0,0|0,0|0,0|0,0|0,0|0,0|0,0|0,0|0,0|0,0|0,0|0,0|0,0|0,0|0,0|0,0|0,0|0,0|0,0|0,0|0,0|0,0|0,0|0,0|0,0|0,0|0,0|1,0|0,0|0,0|0,0|0,0|0,0|0,0|0,0|0,0|0,0|0,0|0,0|0,0|0,0|0,0|0,0|0,0|0,0|0,0|0,0|0,0|0,0|0,0|0,0|0,0|0,0|0,0|0,0|0,0|0,0|0,0|0,0|0,0|0,0|0,0|0,0|0,0|0,0|0,0|0,0|0,0|0,0|0,0|0,0|0,0|0,0|0,0|0,0|0,0|0,0|0,0|0,0|0,0|0,0|0,0|0,0|0,0|0,0|0,0|0,0|0,0|0,0|0,0|0,0|0,0|0,0|0,0|0,0|0,0|0,0|0
22,29481428,.,C,T,.,PASS,AC=462;AN=5096;DP=18141;AF=0.09;EAS_AF=0.05;EUR_AF=0.15;AFR_AF=0.02;AMR_AF=0.12;SAS_AF=0.15;VT=SNP;NS=2548,GT,0|0,0|0,0|0,0|0,0|0,0|0,0|0,0|0,0|0,0|1,0|0,0|1,0|0,0|0,1|0,0|0,0|0,0|0,0|0,0|0,0|0,0|0,0|0,0|0,0|0,0|0,0|0,1|0,0|0,0|0,0|0,0|0,0|0,1|0,0|0,0|0,0|0,0|0,0|0,0|0,0|0,0|0,0|0,0|0,0|0,1|0,0|0,0|0,0|0,0|0,0|0,0|0,0|0,0|0,0|0,0|0,0|0,0|0,0|0,1|0,0|0,0|0,0|0,0|0,0|0,0|0,0|0,0|0,0|0,0|0,0|0,0|0,0|0,0|0,0|0,1|0,0|0,0|0,0|0,0|0,0|0,0|0,0|1,0|1,0|1,0|0,0|0,0|0,0|0,0|0,0|0,0|0,0|0,0|0,0|0,0|0,0|0,0|0
22,29481452,.,C,G,.,PASS,AC=41;AN=5096;DP=18661;AF=0.01;EAS_AF=0;EUR_AF=0;AFR_AF=0.03;AMR_AF=0.01;SAS_AF=0;VT=SNP;NS=2548,GT,0|0,0|0,0|0,0|0,0|0,0|0,0|0,0|0,0|0,0|0,0|0,0|0,0|1,0|0,0|0,0|0,0|0,0|0,0|0,0|0,0|0,0|0,0|0,0|0,0|0,0|0,1|0,0|0,0|0,0|0,0|0,0|0,0|0,0|0,0|0,0|0,0|0,0|0,0|0,1|0,0|0,0|0,0|0,0|0,0|0,0|0,0|0,0|0,0|0,0|0,0|0,0|1,0|0,0|0,0|0,0|0,0|0,0|0,0|0,0|0,0|0,0|0,0|0,1|0,0|0,0|0,0|0,0|0,0|0,0|1,0|0,0|0,0|0,0|0,0|0,0|0,0|0,0|0,0|0,0|0,0|0,0|0,0|0,0|0,0|0,0|0,0|0,0|0,0|0,0|0,0|0,0|0,0|0,0|0,0|0,0|0,0|0,0|0
22,29481556,.,A,G,.,PASS,AC=244;AN=5096;DP=19785;AF=0.05;EAS_AF=0;EUR_AF=0;AFR_AF=0.18;AMR_AF=0.01;SAS_AF=0;VT=SNP;NS=2548,GT,0|1,0|0,0|0,0|0,0|1,0|0,1|0,0|0,0|0,0|0,1|0,0|0,0|0,0|0,0|0,0|0,0|0,1|0,0|1,0|0,0|0,0|0,0|0,1|0,1|0,0|0,0|0,0|0,0|0,0|0,0|0,0|0,0|0,0|0,0|0,0|0,0|1,0|1,0|0,0|0,0|0,0|0,0|0,0|0,0|0,0|0,0|1,0|0,0|0,0|0,0|0,1|0,0|0,0|0,1|0,0|1,0|0,0|1,1|0,0|0,0|0,1|0,1|0,0|0,0|0,1|0,0|0,0|0,1|0,0|0,0|0,0|0,0|0,0|0,0|0,0|0,0|0,1|0,0|0,0|0,0|0,0|0,0|0,0|0,0|0,1|0,0|0,0|0,0|0,1|0,0|0,0|0,1|0,0|0,0|0,0|0,1|0,0|0
22,29481568,.,C,T,.,PASS,AC=464;AN=5096;DP=20034;AF=0.09;EAS_AF=0.05;EUR_AF=0.15;AFR_AF=0.02;AMR_AF=0.12;SAS_AF=0.15;VT=SNP;NS=2548,GT,0|0,0|0,0|0,0|0,0|0,0|0,0|0,0|0,0|0,0|1,0|0,0|1,0|0,0|0,1|0,0|0,0|0,0|0,0|0,0|0,0|0,0|0,0|0,0|0,0|0,0|0,0|0,1|0,0|0,0|0,0|0,0|0,0|0,1|0,0|0,0|0,0|0,0|0,0|0,0|0,0|0,0|0,0|0,0|0,0|0,1|0,0|0,0|0,0|0,0|0,0|1,0|0,0|0,0|0,0|0,0|0,0|0,0|0,0|0,1|0,0|0,0|0,0|0,0|0,0|0,0|0,0|0,0|0,0|0,0|0,0|0,0|0,0|0,0|0,0|0,1|0,0|0,0|0,0|0,0|0,0|0,0|0,0|1,0|1,0|1,0|0,0|0,0|0,0|0,0|0,0|0,0|0,0|0,0|0,0|0,0|0,0|0,0|0
22,29481576,.,A,G,.,PASS,AC=4415;AN=5096;DP=19564;AF=0.87;EAS_AF=0.62;EUR_AF=0.91;AFR_AF=0.97;AMR_AF=0.88;SAS_AF=0.93;VT=SNP;NS=2548,GT,1|1,1|1,1|1,1|1,1|1,1|1,1|1,1|1,1|1,1|1,1|1,1|1,1|1,1|1,1|1,1|1,1|1,1|1,1|1,1|1,1|1,1|1,1|1,1|1,1|1,1|1,1|1,1|1,1|0,1|1,1|1,1|1,1|1,1|1,1|1,1|1,1|1,1|1,1|1,1|1,1|1,1|1,1|1,1|1,1|0,1|1,1|1,1|1,1|1,1|1,1|1,1|1,1|0,1|1,1|1,1|1,1|1,1|1,1|1,1|1,1|1,1|1,1|1,1|1,1|1,1|1,1|1,1|1,1|1,1|1,1|1,1|1,1|1,1|1,1|1,1|1,1|1,1|1,1|1,1|1,1|1,1|1,1|1,1|1,1|1,1|1,1|1,1|1,1|1,1|1,1|1,1|1,1|1,1|1,1|1,1|1,1|1,1|1
22,29481592,.,T,A,.,PASS,AC=8;AN=5096;DP=20336;AF=0;EAS_AF=0;EUR_AF=0;AFR_AF=0;AMR_AF=0;SAS_AF=0;VT=SNP;NS=2548,GT,0|0,0|0,0|0,0|0,0|0,0|0,0|0,0|0,0|0,0|0,0|0,0|0,0|0,0|1,0|0,0|0,0|0,0|0,0|0,0|0,0|0,0|0,0|0,0|0,0|0,0|0,0|0,0|0,0|0,0|0,0|0,0|0,0|0,0|0,0|0,0|0,0|0,0|0,0|0,0|0,0|0,0|0,0|0,0|0,0|0,0|0,0|0,0|0,0|0,0|0,1|0,0|0,0|0,0|0,0|0,0|0,0|0,0|0,0|0,0|0,0|0,0|0,0|0,0|0,0|0,0|0,0|0,0|0,0|0,0|0,0|0,0|0,0|0,0|0,0|0,0|0,0|0,0|0,0|0,0|0,0|0,0|0,0|0,0|0,0|0,0|0,0|0,0|0,0|0,0|0,0|0,0|0,0|0,0|0,0|0,0|0,0|0,0|0
22,29481635,.,C,T,.,PASS,AC=32;AN=5096;DP=21357;AF=0.01;EAS_AF=0;EUR_AF=0;AFR_AF=0.02;AMR_AF=0;SAS_AF=0;VT=SNP;NS=2548,GT,0|0,0|0,0|0,0|0,0|0,0|0,0|0,0|0,0|0,0|0,0|0,0|0,0|0,0|0,0|0,0|0,0|0,0|0,0|0,0|0,0|0,0|0,0|0,0|0,0|0,0|0,0|0,0|0,0|0,0|0,0|0,0|0,0|0,0|0,0|0,0|0,0|0,0|0,0|0,0|0,0|0,0|0,0|0,0|0,0|0,0|0,0|0,0|0,0|0,0|0,0|0,0|0,0|0,0|0,0|0,0|0,0|0,0|0,0|0,0|0,0|0,0|0,0|0,1|0,0|0,0|0,0|0,0|0,0|0,0|1,0|0,0|0,0|0,0|0,0|0,0|0,0|0,0|0,0|0,0|0,0|0,0|0,0|0,0|0,0|0,0|0,0|0,0|0,0|0,0|0,0|0,0|0,0|0,0|0,0|0,0|0,0|0,0|0
22,29481636,.,A,G,.,PASS,AC=462;AN=5096;DP=21374;AF=0.09;EAS_AF=0.05;EUR_AF=0.15;AFR_AF=0.02;AMR_AF=0.12;SAS_AF=0.15;VT=SNP;NS=2548,GT,0|0,0|0,0|0,0|0,0|0,0|0,0|0,0|0,0|0,0|1,0|0,0|1,0|0,0|0,1|0,0|0,0|0,0|0,0|0,0|0,0|0,0|0,0|0,0|0,0|0,0|0,0|0,1|0,0|0,0|0,0|0,0|0,0|0,1|0,0|0,0|0,0|0,0|0,0|0,0|0,0|0,0|0,0|0,0|0,0|0,1|0,0|0,0|0,0|0,0|0,0|0,0|0,0|0,0|0,0|0,0|0,0|0,0|0,0|0,1|0,0|0,0|0,0|0,0|0,0|0,0|0,0|0,0|0,0|0,0|0,0|0,0|0,0|0,0|0,0|0,1|0,0|0,0|0,0|0,0|0,0|0,0|0,0|1,0|1,0|1,0|0,0|0,0|0,0|0,0|0,0|0,0|0,0|0,0|0,0|0,0|0,0|0,0|0
22,29481668,.,G,C,.,PASS,AC=79;AN=5096;DP=22170;AF=0.02;EAS_AF=0;EUR_AF=0;AFR_AF=0.06;AMR_AF=0;SAS_AF=0;VT=SNP;NS=2548,GT,0|0,0|0,0|0,0|0,0|0,0|0,0|0,0|0,0|0,0|0,0|0,0|0,0|0,0|0,0|0,0|0,0|0,0|0,0|0,0|0,0|0,0|0,0|0,0|0,0|0,1|0,0|0,0|0,0|0,0|0,0|0,0|0,0|0,0|0,0|0,0|0,0|0,0|0,0|0,0|0,0|0,0|0,0|0,0|0,0|0,0|0,0|0,0|0,0|0,0|0,0|0,0|0,0|0,0|0,0|0,0|0,1|0,1|0,0|0,0|0,0|0,0|0,0|0,0|0,0|0,0|0,0|0,0|0,0|0,0|0,0|0,0|0,0|0,0|0,0|0,0|0,0|0,0|0,0|0,0|0,0|0,0|0,0|0,0|0,0|0,0|0,0|0,0|0,0|0,0|0,0|0,0|0,0|0,0|0,0|0,1|0,0|0,0|0
22,29481871,.,G,T,.,PASS,AC=42;AN=5096;DP=22746;AF=0.01;EAS_AF=0;EUR_AF=0;AFR_AF=0.03;AMR_AF=0;SAS_AF=0;VT=SNP;NS=2548,GT,0|0,0|0,0|0,0|0,0|0,0|0,0|0,0|0,0|0,0|0,0|0,0|0,0|0,0|0,0|0,0|1,0|0,0|0,0|0,0|0,0|0,0|0,0|0,0|0,0|0,0|0,0|0,0|0,0|0,0|0,0|0,0|0,0|0,0|0,0|0,0|0,0|0,0|0,0|0,0|0,0|0,0|0,0|0,0|0,0|0,0|0,0|0,0|0,0|0,0|0,0|0,0|0,0|0,0|0,0|0,0|0,0|0,0|0,0|0,0|0,0|0,0|0,0|0,0|0,0|0,0|0,0|0,0|0,0|0,0|0,0|0,0|0,0|0,0|0,0|0,0|0,0|0,0|0,0|0,0|0,0|0,0|0,0|0,0|0,0|0,0|0,0|0,0|0,0|0,0|0,0|0,0|0,0|0,0|0,0|0,0|0,0|0,0|0
22,29481875,.,C,T,.,PASS,AC=1;AN=5096;DP=22626;AF=0;EAS_AF=0;EUR_AF=0;AFR_AF=0;AMR_AF=0;SAS_AF=0;VT=SNP;NS=2548,GT,0|0,0|0,0|0,0|0,0|0,0|0,0|0,0|0,0|0,0|0,0|0,0|0,0|0,0|0,0|0,0|0,0|0,0|0,0|0,0|0,0|0,0|0,0|0,0|0,0|0,0|0,0|0,0|0,0|0,0|0,0|0,0|0,0|0,0|0,0|0,0|0,0|0,0|0,0|0,0|0,0|0,0|0,0|0,0|0,0|0,0|0,0|0,0|0,0|0,0|0,0|0,0|0,0|0,0|0,0|0,0|0,0|0,0|0,0|0,0|0,0|0,0|0,0|0,0|0,0|0,0|0,0|0,0|0,0|0,0|0,0|0,0|0,0|0,0|0,0|0,0|0,0|0,0|0,0|0,0|0,0|0,0|0,0|0,0|0,0|0,0|1,0|0,0|0,0|0,0|0,0|0,0|0,0|0,0|0,0|0,0|0,0|0,0|0
22,29481910,.,A,G,.,PASS,AC=1;AN=5096;DP=21991;AF=0;EAS_AF=0;EUR_AF=0;AFR_AF=0;AMR_AF=0;SAS_AF=0;VT=SNP;NS=2548,GT,0|0,0|0,0|0,0|0,0|0,0|0,0|0,0|0,0|0,0|0,0|0,0|0,0|0,0|0,0|0,0|0,0|0,0|0,0|0,0|0,0|0,0|0,0|0,0|0,0|0,0|0,0|0,0|0,0|0,0|0,1|0,0|0,0|0,0|0,0|0,0|0,0|0,0|0,0|0,0|0,0|0,0|0,0|0,0|0,0|0,0|0,0|0,0|0,0|0,0|0,0|0,0|0,0|0,0|0,0|0,0|0,0|0,0|0,0|0,0|0,0|0,0|0,0|0,0|0,0|0,0|0,0|0,0|0,0|0,0|0,0|0,0|0,0|0,0|0,0|0,0|0,0|0,0|0,0|0,0|0,0|0,0|0,0|0,0|0,0|0,0|0,0|0,0|0,0|0,0|0,0|0,0|0,0|0,0|0,0|0,0|0,0|0,0|0
22,29481988,.,T,C,.,PASS,AC=1;AN=5096;DP=22664;AF=0;EAS_AF=0;EUR_AF=0;AFR_AF=0;AMR_AF=0;SAS_AF=0;VT=SNP;NS=2548,GT,0|0,0|0,0|0,0|0,0|0,0|0,0|0,0|0,0|0,0|0,0|0,0|0,0|0,0|0,0|0,0|0,0|0,0|0,0|0,0|0,0|0,0|0,0|0,0|0,0|0,0|0,1|0,0|0,0|0,0|0,0|0,0|0,0|0,0|0,0|0,0|0,0|0,0|0,0|0,0|0,0|0,0|0,0|0,0|0,0|0,0|0,0|0,0|0,0|0,0|0,0|0,0|0,0|0,0|0,0|0,0|0,0|0,0|0,0|0,0|0,0|0,0|0,0|0,0|0,0|0,0|0,0|0,0|0,0|0,0|0,0|0,0|0,0|0,0|0,0|0,0|0,0|0,0|0,0|0,0|0,0|0,0|0,0|0,0|0,0|0,0|0,0|0,0|0,0|0,0|0,0|0,0|0,0|0,0|0,0|0,0|0,0|0,0|0
22,29482212,.,C,T,.,PASS,AC=27;AN=5096;DP=22605;AF=0.01;EAS_AF=0;EUR_AF=0;AFR_AF=0.02;AMR_AF=0;SAS_AF=0;VT=SNP;NS=2548,GT,0|0,0|0,0|0,0|0,0|0,0|0,0|0,0|0,0|0,0|0,0|0,0|0,0|0,0|0,0|0,0|0,0|0,0|0,0|0,0|0,0|0,0|0,0|0,0|0,0|0,0|0,0|0,0|0,0|0,0|0,0|0,0|0,0|0,0|0,0|0,0|0,0|0,0|0,0|0,0|0,0|0,0|0,0|0,0|0,0|0,0|0,0|1,0|0,0|0,0|0,0|0,1|0,0|0,0|0,1|0,0|0,0|0,0|0,0|0,0|0,0|0,0|0,0|0,0|0,0|0,1|0,0|0,0|0,0|0,0|0,0|0,0|0,0|0,0|0,0|0,0|0,0|0,0|0,0|0,0|0,0|0,0|0,0|0,0|0,0|0,0|0,0|0,0|0,0|0,0|0,0|0,0|0,1|0,0|0,0|0,0|0,0|0,0|0
22,29482329,.,G,A,.,PASS,AC=2;AN=5096;DP=22617;AF=0;EAS_AF=0;EUR_AF=0;AFR_AF=0;AMR_AF=0;SAS_AF=0;VT=SNP;NS=2548,GT,0|0,0|0,0|0,0|0,0|0,0|0,0|0,0|0,0|0,0|0,0|0,0|0,0|0,0|0,0|0,0|0,0|0,1|0,0|1,0|0,0|0,0|0,0|0,0|0,0|0,0|0,0|0,0|0,0|0,0|0,0|0,0|0,0|0,0|0,0|0,0|0,0|0,0|0,0|0,0|0,0|0,0|0,0|0,0|0,0|0,0|0,0|0,0|0,0|0,0|0,0|0,0|0,0|0,0|0,0|0,0|0,0|0,0|0,0|0,0|0,0|0,0|0,0|0,0|0,0|0,0|0,0|0,0|0,0|0,0|0,0|0,0|0,0|0,0|0,0|0,0|0,0|0,0|0,0|0,0|0,0|0,0|0,0|0,0|0,0|0,0|0,0|0,0|0,0|0,0|0,0|0,0|0,0|0,0|0,0|0,0|0,0|0,0|0
22,29482456,.,C,CG,.,PASS,AC=125;AN=5096;DP=23053;AF=0.02;EAS_AF=0;EUR_AF=0;AFR_AF=0.09;AMR_AF=0;SAS_AF=0;VT=INDEL;NS=2548,GT,1|0,0|0,0|0,0|0,0|0,0|0,0|0,0|0,0|0,0|0,0|0,0|0,0|0,0|0,0|0,0|1,0|0,0|0,0|0,0|0,0|1,0|0,0|0,0|0,0|0,0|0,0|0,0|0,0|0,1|1,0|0,0|0,0|0,0|0,1|0,0|0,0|0,1|0,1|0,0|0,0|0,1|0,1|0,0|0,0|0,0|0,1|0,1|0,0|0,0|0,0|0,0|0,0|0,0|0,0|0,0|0,0|0,0|0,0|0,0|0,0|0,0|0,0|1,0|0,0|1,0|0,0|0,0|0,0|0,0|0,1|0,0|0,0|0,0|1,0|0,0|0,0|0,0|0,0|0,0|0,0|0,0|0,0|0,0|0,0|0,0|0,0|0,0|0,0|0,0|0,0|1,0|0,0|0,0|0,0|0,0|0,0|0,0|0
22,29482459,.,G,GA,.,PASS,AC=69;AN=5096;DP=23194;AF=0.01;EAS_AF=0;EUR_AF=0;AFR_AF=0.05;AMR_AF=0;SAS_AF=0;VT=INDEL;NS=2548,GT,1|0,0|0,0|0,0|0,0|0,0|0,0|0,0|0,0|0,0|0,0|0,0|0,0|0,0|0,0|0,0|0,0|0,0|0,0|0,0|0,0|0,0|0,0|0,0|0,0|0,0|0,0|0,0|0,0|0,1|1,0|0,0|0,0|0,0|0,1|0,0|0,0|0,0|0,1|0,0|0,0|0,0|0,0|0,0|0,0|0,0|0,0|0,1|0,0|0,0|0,0|0,0|0,0|0,0|0,0|0,0|0,1|0,0|0,0|0,0|0,0|0,0|0,0|0,0|0,0|1,0|0,0|0,0|0,0|0,0|0,1|0,0|0,0|0,0|1,0|0,0|0,0|0,0|0,0|0,0|0,0|0,0|0,0|0,0|0,0|0,0|0,0|0,0|0,0|0,0|0,0|1,0|0,0|0,0|0,0|0,0|0,0|0,0|0
22,29482492,.,A,G,.,PASS,AC=30;AN=5096;DP=22784;AF=0.01;EAS_AF=0;EUR_AF=0;AFR_AF=0.02;AMR_AF=0;SAS_AF=0;VT=SNP;NS=2548,GT,0|0,0|0,0|0,0|0,0|0,0|0,0|0,0|0,0|0,0|0,0|0,0|0,0|0,0|0,0|0,0|0,0|0,0|0,0|0,0|0,0|0,0|0,0|0,0|0,0|0,0|0,0|0,0|0,0|0,0|0,0|0,0|0,0|0,0|1,0|0,0|0,0|0,0|0,0|0,0|0,0|0,0|0,0|0,0|0,0|0,0|0,0|0,0|0,0|0,0|0,0|0,0|0,0|0,0|0,0|0,0|0,0|0,0|0,0|0,0|0,0|0,0|0,0|0,0|0,0|0,0|0,0|0,0|0,0|0,0|0,0|0,0|0,0|0,0|0,0|0,0|0,0|0,0|0,0|0,0|0,0|0,0|0,0|0,0|0,0|0,0|0,0|0,0|0,0|0,0|0,0|0,0|0,0|0,0|0,0|0,0|0,0|0,0|0
22,29482681,.,T,C,.,PASS,AC=30;AN=5096;DP=24896;AF=0.01;EAS_AF=0;EUR_AF=0;AFR_AF=0.02;AMR_AF=0;SAS_AF=0;VT=SNP;NS=2548,GT,0|0,0|0,0|0,0|0,0|0,0|0,0|0,0|0,0|0,0|0,0|0,0|0,0|0,0|0,0|0,0|0,0|0,0|0,0|0,0|0,0|0,0|0,0|0,0|0,0|0,0|0,0|0,0|0,0|0,0|0,0|0,0|0,0|0,0|1,0|0,0|0,0|0,0|0,0|0,0|0,0|0,0|0,0|0,0|0,0|0,0|0,0|0,0|0,0|0,0|0,0|0,0|0,0|0,0|0,0|0,0|0,0|0,0|0,0|0,0|0,0|0,0|0,0|0,0|0,0|0,0|0,0|0,0|0,0|0,0|0,0|0,0|0,0|0,0|0,0|0,0|0,0|0,0|0,0|0,0|0,0|0,0|0,0|0,0|0,0|0,0|0,0|0,0|0,0|0,0|0,0|0,0|0,0|0,0|0,0|0,0|0,0|0,0|0
22,29482876,.,G,A,.,PASS,AC=125;AN=5096;DP=24519;AF=0.02;EAS_AF=0;EUR_AF=0;AFR_AF=0.09;AMR_AF=0;SAS_AF=0;VT=SNP;NS=2548,GT,1|0,0|0,0|0,0|0,0|0,0|0,0|0,0|0,0|0,0|0,0|0,0|0,0|0,0|0,0|0,0|1,0|0,0|0,0|0,0|0,0|1,0|0,0|0,0|0,0|0,0|0,0|0,0|0,0|0,1|1,0|0,0|0,0|0,0|0,1|0,0|0,0|0,1|0,1|0,0|0,0|0,1|0,1|0,0|0,0|0,0|0,1|0,1|0,0|0,0|0,0|0,0|0,0|0,0|0,0|0,0|0,0|0,0|0,0|0,0|0,0|0,0|0,0|1,0|0,0|1,0|0,0|0,0|0,0|0,0|0,1|0,0|0,0|0,0|1,0|0,0|0,0|0,0|0,0|0,0|0,0|0,0|0,0|0,0|0,0|0,0|0,0|0,0|0,0|0,0|0,0|1,0|0,0|0,0|0,0|0,0|0,0|0,0|0
22,29483033,.,C,A,.,PASS,AC=11;AN=5096;DP=24397;AF=0;EAS_AF=0;EUR_AF=0;AFR_AF=0.01;AMR_AF=0;SAS_AF=0;VT=SNP;NS=2548,GT,0|0,0|0,0|0,0|0,0|0,0|0,0|0,0|0,0|0,0|0,0|0,0|0,0|0,0|0,0|0,0|0,0|0,0|0,0|0,0|0,0|0,0|0,0|0,0|0,0|0,0|0,0|0,0|0,0|0,0|0,0|1,0|0,0|0,0|0,0|0,0|0,0|0,0|0,0|0,0|0,0|0,0|0,0|0,0|0,0|0,0|0,0|0,0|0,0|0,0|0,0|0,0|0,0|0,0|0,0|0,0|0,0|0,0|0,0|0,0|0,0|0,0|0,0|0,0|0,0|0,0|0,0|0,0|0,0|0,0|0,0|0,0|0,0|0,0|0,0|0,0|0,0|0,0|0,0|0,0|0,0|0,0|0,0|0,0|0,0|0,0|0,0|0,0|0,0|0,0|0,0|0,0|0,0|0,0|0,0|0,0|0,0|0,0|0
22,29483258,.,G,A,.,PASS,AC=67;AN=5096;DP=81794;AF=0.01;EAS_AF=0;EUR_AF=0;AFR_AF=0.05;AMR_AF=0;SAS_AF=0;VT=SNP;NS=2548,GT,1|0,0|0,0|0,0|0,0|0,0|0,0|0,0|0,0|0,0|0,0|0,0|0,0|0,0|0,0|0,0|0,0|0,0|0,0|0,0|0,0|0,0|0,0|0,0|0,0|0,0|0,0|0,0|0,0|0,1|1,0|0,0|0,0|0,0|0,1|0,0|0,0|0,0|0,1|0,0|0,0|0,0|0,0|0,0|0,0|0,0|0,0|0,1|0,0|0,0|0,0|0,0|0,0|0,0|0,0|0,0|0,1|0,0|0,0|0,0|0,0|0,0|0,0|0,0|0,0|1,0|0,0|0,0|0,0|0,0|0,1|0,0|0,0|0,0|1,0|0,0|0,0|0,0|0,0|0,0|0,0|0,0|0,0|0,0|0,0|0,0|0,0|0,0|0,0|0,0|0,0|1,0|0,0|0,0|0,0|0,0|0,0|0,0|0
22,29483527,.,C,T,.,PASS,AC=2;AN=5096;DP=268570;AF=0;EAS_AF=0;EUR_AF=0;AFR_AF=0;AMR_AF=0;SAS_AF=0;EX_TARGET;VT=SNP;NS=2548,GT,0|0,0|0,0|0,0|0,0|0,0|0,0|0,0|0,0|0,0|0,0|0,0|0,0|0,0|0,0|0,0|0,0|0,0|0,0|0,0|0,0|0,0|0,0|0,0|0,0|0,0|0,0|0,0|0,0|0,0|0,0|0,1|0,0|0,0|0,0|0,0|0,0|0,0|0,0|0,0|0,0|0,0|0,0|0,0|0,0|0,0|0,0|0,0|0,0|1,0|0,0|0,0|0,0|0,0|0,0|0,0|0,0|0,0|0,0|0,0|0,0|0,0|0,0|0,0|0,0|0,0|0,0|0,0|0,0|0,0|0,0|0,0|0,0|0,0|0,0|0,0|0,0|0,0|0,0|0,0|0,0|0,0|0,0|0,0|0,0|0,0|0,0|0,0|0,0|0,0|0,0|0,0|0,0|0,0|0,0|0,0|0,0|0,0|0
22,29483756,.,C,G,.,PASS,AC=416;AN=5096;DP=25283;AF=0.08;EAS_AF=0.17;EUR_AF=0.09;AFR_AF=0.03;AMR_AF=0.06;SAS_AF=0.07;VT=SNP;NS=2548,GT,0|0,0|0,0|1,0|0,0|0,0|1,0|0,1|0,0|0,1|0,0|0,0|0,0|0,0|0,0|0,0|0,0|0,0|0,0|0,0|1,0|0,0|0,0|0,0|0,0|0,0|0,0|0,0|0,1|0,0|0,0|0,0|0,0|0,0|0,0|1,0|1,0|0,0|0,0|0,0|1,0|0,0|0,0|0,0|0,0|0,0|0,0|0,0|0,0|0,0|0,0|0,0|0,0|0,0|0,0|0,0|0,0|0,0|0,0|0,0|0,0|0,0|0,0|0,0|0,0|0,0|0,0|0,0|0,0|0,0|0,0|0,0|0,0|0,0|0,0|0,0|0,1|0,0|0,0|1,0|0,0|0,0|1,1|0,0|0,0|0,0|0,0|0,0|1,0|0,0|0,0|0,0|0,0|0,1|0,0|0,0|0,0|0,0|0
22,29483765,.,C,T,.,PASS,AC=65;AN=5096;DP=23329;AF=0.01;EAS_AF=0;EUR_AF=0;AFR_AF=0.05;AMR_AF=0;SAS_AF=0;VT=SNP;NS=2548,GT,1|0,0|0,0|0,0|0,0|0,0|0,0|0,0|0,0|0,0|0,0|0,0|0,0|0,0|0,0|0,0|0,0|0,0|0,0|0,0|0,0|0,0|0,0|0,0|0,0|0,0|0,0|0,0|0,0|0,0|1,0|0,0|0,0|0,0|0,1|0,0|0,0|0,0|0,1|0,0|0,0|0,0|0,0|0,0|0,0|0,0|0,0|0,1|0,0|0,0|0,0|0,0|0,0|0,0|0,0|0,0|0,0|0,0|0,0|0,0|0,0|0,0|0,0|0,0|0,0|1,0|0,0|0,0|0,0|0,0|0,1|0,0|0,0|0,0|1,0|0,0|0,0|0,0|0,0|0,0|0,0|0,0|0,0|0,0|0,0|0,0|0,0|0,0|0,0|0,0|0,0|1,0|0,0|0,0|0,0|0,0|0,0|0,0|0
22,29483768,.,GA,G,.,PASS,AC=1990;AN=5096;DP=22320;AF=0.39;EAS_AF=0.34;EUR_AF=0.35;AFR_AF=0.46;AMR_AF=0.32;SAS_AF=0.44;VT=INDEL;NS=2548,GT,1|1,0|1,1|0,0|0,0|1,0|0,1|1,0|1,0|1,0|1,1|0,1|1,0|1,0|1,1|0,0|0,0|0,1|0,0|1,0|0,0|1,0|0,1|0,1|0,1|0,1|0,1|1,1|0,0|0,1|1,0|1,0|0,0|0,1|1,1|0,1|0,0|1,1|1,1|0,1|0,0|0,1|0,1|0,0|0,0|0,1|0,0|1,1|0,0|0,0|1,1|0,1|1,0|0,1|0,0|1,0|1,1|0,1|1,1|0,1|1,0|0,1|0,1|1,1|1,1|1,1|0,0|0,0|0,1|0,1|1,1|0,0|0,0|0,0|1,0|0,1|0,0|1,1|0,0|0,0|0,0|0,0|0,0|1,0|1,0|1,1|0,0|0,0|0,0|1,1|0,1|1,0|0,1|0,0|0,1|0,1|0,1|0,0|1
22,29483827,.,TTTTATTTA,T,.,PASS,AC=1782;AN=5096;DP=17104;AF=0.35;EAS_AF=0.42;EUR_AF=0.17;AFR_AF=0.41;AMR_AF=0.24;SAS_AF=0.47;VT=INDEL;NS=2548,GT,0|0,0|1,1|0,1|1,0|0,0|0,0|1,1|1,1|1,0|1,0|0,1|1,0|1,1|1,0|0,1|0,0|0,0|0,0|0,1|1,0|0,0|1,1|1,0|1,0|0,1|0,1|1,1|0,1|0,0|0,0|1,1|0,1|1,1|0,0|1,1|0,0|0,0|0,0|0,1|0,0|1,0|1,0|0,0|0,1|0,1|0,0|0,0|1,0|1,0|1,1|1,0|1,1|0,1|0,0|1,0|0,1|0,1|0,0|0,1|1,0|0,0|0,0|0,1|1,0|0,0|0,0|0,0|1,0|1,1|1,0|0,0|1,1|1,1|0,0|1,1|1,0|1,0|1,1|0,0|1,0|1,1|1,1|1,1|1,0|0,0|1,1|0,1|1,0|0,0|0,0|0,1|0,0|0,1|1,0|1,1|1,0|0,1|1
22,29484060,.,G,A,.,PASS,AC=1026;AN=5096;DP=14481;AF=0.2;EAS_AF=0.1;EUR_AF=0.32;AFR_AF=0.07;AMR_AF=0.33;SAS_AF=0.27;VT=SNP;NS=2548,GT,0|0,0|0,0|0,0|0,0|0,0|0,0|0,0|0,0|0,0|0,0|0,0|0,0|0,0|0,0|0,0|0,0|0,0|0,1|0,0|0,0|0,0|0,0|0,0|0,0|0,0|0,0|0,0|0,0|0,0|0,0|0,0|1,0|0,0|0,0|0,0|0,0|0,0|0,0|0,0|0,0|0,0|0,0|0,0|1,0|0,0|0,0|0,0|0,0|0,1|0,0|0,0|0,0|0,0|0,0|0,0|0,0|0,0|0,0|0,0|0,0|0,0|1,0|0,0|0,1|0,0|0,1|0,0|0,0|0,0|0,0|0,1|0,0|0,0|0,0|0,0|0,0|0,0|0,0|0,0|0,0|0,0|0,0|0,0|0,0|0,0|0,0|0,0|0,0|0,0|0,0|0,0|0,0|0,0|0,0|0,0|0,0|0,0|0
22,29484139,.,C,T,.,PASS,AC=10;AN=5096;DP=17758;AF=0;EAS_AF=0;EUR_AF=0;AFR_AF=0.01;AMR_AF=0;SAS_AF=0;VT=SNP;NS=2548,GT,0|0,0|0,0|0,0|0,0|0,0|0,0|0,0|0,0|0,0|0,0|0,0|0,0|1,0|0,0|0,0|0,0|0,0|0,0|0,0|0,0|0,0|0,0|0,0|0,0|0,0|0,1|0,0|0,0|0,0|0,0|0,0|0,0|0,0|0,0|0,0|0,0|0,0|0,0|0,1|0,0|0,0|0,0|0,0|0,0|0,0|0,0|0,0|0,0|0,0|0,0|0,0|1,0|0,0|0,0|0,0|0,0|0,0|0,0|0,0|0,0|0,0|0,0|0,0|0,0|0,0|0,0|0,0|0,0|0,0|0,0|0,0|0,0|0,0|0,0|0,0|0,0|0,0|0,0|0,0|0,0|0,0|0,0|0,0|0,0|0,0|0,0|0,0|0,0|0,0|0,0|0,0|0,0|0,0|0,0|0,0|0,0|0,0|0
22,29484222,.,C,T,.,PASS,AC=42;AN=5096;DP=22300;AF=0.01;EAS_AF=0;EUR_AF=0;AFR_AF=0.03;AMR_AF=0;SAS_AF=0;VT=SNP;NS=2548,GT,0|0,0|0,0|0,0|0,0|0,0|0,0|0,0|0,0|0,0|0,0|0,0|0,0|0,0|0,0|0,0|1,0|0,0|0,0|0,0|0,0|0,0|0,0|0,0|0,0|0,0|0,0|0,0|0,0|0,0|0,0|0,0|0,0|0,0|0,0|0,0|0,0|0,0|0,0|0,0|0,0|0,0|0,0|0,0|0,0|0,0|0,0|0,0|0,0|0,0|0,0|0,0|0,0|0,0|0,0|0,0|0,0|0,0|0,0|0,0|0,0|0,0|0,0|0,0|0,0|0,0|0,0|0,0|0,0|0,0|0,0|0,0|0,0|0,0|0,0|0,0|0,0|0,0|0,0|0,0|0,0|0,0|0,0|0,0|0,0|0,0|0,0|0,0|0,0|0,0|0,0|0,0|0,0|0,0|0,0|0,0|0,0|0,0|0
22,29484271,.,C,T,.,PASS,AC=1;AN=5096;DP=23163;AF=0;EAS_AF=0;EUR_AF=0;AFR_AF=0;AMR_AF=0;SAS_AF=0;VT=SNP;NS=2548,GT,0|0,0|0,0|0,0|0,0|0,0|0,0|0,0|0,0|0,0|0,0|0,0|0,0|0,0|0,0|0,0|0,0|0,0|0,0|0,0|0,0|0,0|0,0|0,0|0,0|0,0|0,0|0,0|0,0|0,0|0,0|0,0|0,0|0,0|0,0|0,0|0,0|0,0|0,0|0,0|0,0|0,0|0,0|0,0|0,0|0,0|0,0|0,0|0,0|0,0|0,0|0,0|0,0|0,0|0,0|0,0|0,0|0,0|0,0|0,0|0,0|0,0|0,0|0,0|0,0|0,1|0,0|0,0|0,0|0,0|0,0|0,0|0,0|0,0|0,0|0,0|0,0|0,0|0,0|0,0|0,0|0,0|0,0|0,0|0,0|0,0|0,0|0,0|0,0|0,0|0,0|0,0|0,0|0,0|0,0|0,0|0,0|0,0|0
22,29484272,.,G,A,.,PASS,AC=271;AN=5096;DP=22997;AF=0.05;EAS_AF=0.01;EUR_AF=0.04;AFR_AF=0.11;AMR_AF=0.04;SAS_AF=0.05;VT=SNP;NS=2548,GT,0|0,0|0,0|0,0|0,0|0,0|0,0|0,0|0,1|0,0|0,0|0,0|0,0|0,1|0,0|0,1|0,0|0,0|0,0|0,1|0,0|0,0|1,0|1,0|0,0|0,0|0,0|0,0|0,0|0,0|0,0|0,1|0,1|1,0|0,0|0,0|0,0|0,0|0,0|0,0|0,0|0,0|1,0|0,0|0,1|0,0|0,0|0,0|0,0|1,0|0,0|0,0|0,1|0,0|0,0|0,0|0,0|0,0|0,0|0,0|0,0|0,0|0,0|0,0|0,0|0,0|0,0|0,0|1,0|0,0|0,0|0,0|1,0|1,1|0,0|1,0|0,0|0,0|1,1|0,0|1,0|1,1|0,0|0,1|0,0|0,0|1,1|0,1|0,0|0,0|0,0|0,1|0,0|0,0|1,0|1,0|0,0|0,1|0
22,29484704,.,C,G,.,PASS,AC=3;AN=5096;DP=19537;AF=0;EAS_AF=0;EUR_AF=0;AFR_AF=0;AMR_AF=0;SAS_AF=0;VT=SNP;NS=2548,GT,0|0,0|0,0|0,0|0,0|0,0|0,0|0,0|0,0|0,0|0,0|0,0|0,0|0,0|0,0|0,0|0,0|0,0|0,0|0,0|0,0|0,0|0,0|0,0|0,0|0,0|0,0|0,0|0,0|0,0|0,0|0,0|0,0|0,0|0,0|0,0|0,0|0,0|0,0|0,0|0,0|0,0|0,0|0,0|0,0|0,0|0,0|0,0|0,0|0,0|0,0|0,0|0,0|0,0|0,0|0,0|0,0|0,0|0,0|0,0|0,0|0,0|0,0|0,0|0,0|0,0|0,0|0,0|0,0|0,0|0,0|0,0|0,0|0,0|0,0|0,0|0,0|0,0|0,0|0,0|0,0|0,0|0,0|0,0|0,0|0,0|0,0|0,0|0,0|1,0|0,1|0,0|0,0|0,0|0,0|0,0|0,0|0,0|0
22,29484777,.,G,A,.,PASS,AC=41;AN=5096;DP=20743;AF=0.01;EAS_AF=0;EUR_AF=0;AFR_AF=0.03;AMR_AF=0;SAS_AF=0;VT=SNP;NS=2548,GT,0|0,0|0,0|0,0|0,0|0,0|0,0|0,0|0,0|0,0|0,0|0,0|0,0|0,0|0,0|0,0|0,0|0,0|0,0|0,0|0,0|0,0|0,0|0,0|0,0|0,0|0,0|0,0|0,0|0,0|1,0|0,0|0,0|0,0|0,0|0,0|0,0|0,0|0,0|0,0|0,0|0,0|0,0|0,0|0,0|0,0|0,0|0,0|0,0|0,0|0,0|0,0|0,0|0,0|0,0|0,0|0,0|0,0|0,0|0,0|0,0|0,0|0,0|0,0|0,0|0,0|0,0|0,0|0,0|0,0|0,0|0,0|0,0|0,0|0,0|0,0|0,0|0,0|0,0|0,0|0,0|0,0|0,0|0,0|0,0|0,0|0,0|0,0|0,0|0,0|0,0|0,0|0,0|0,0|0,0|0,0|0,0|0,0|0
22,29484784,.,A,G,.,PASS,AC=719;AN=5096;DP=19717;AF=0.14;EAS_AF=0.1;EUR_AF=0.21;AFR_AF=0.02;AMR_AF=0.22;SAS_AF=0.21;VT=SNP;NS=2548,GT,0|0,0|0,0|0,0|0,0|0,0|0,0|0,0|0,0|0,0|1,0|0,0|1,0|0,0|0,1|0,0|0,0|0,0|0,0|0,0|0,0|0,0|0,0|0,0|0,0|0,0|0,0|0,1|0,0|0,0|0,0|0,0|0,0|0,1|0,0|0,0|0,0|0,0|0,0|0,0|0,0|0,0|0,0|0,0|0,0|0,1|0,0|0,0|0,0|0,0|0,0|0,0|0,0|0,0|0,0|0,0|0,0|0,0|0,0|0,1|0,0|0,0|0,0|0,0|0,0|0,0|0,0|0,0|0,0|0,0|0,0|0,0|0,0|0,0|0,0|0,1|0,0|0,0|0,0|0,0|0,0|0,0|0,0|1,0|1,0|1,0|0,0|0,0|0,0|0,0|0,0|0,0|0,0|0,0|0,0|0,0|0,0|0,0|0
22,29484925,.,T,C,.,PASS,AC=3980;AN=5096;DP=22547;AF=0.78;EAS_AF=0.88;EUR_AF=0.64;AFR_AF=0.91;AMR_AF=0.64;SAS_AF=0.74;VT=SNP;NS=2548,GT,1|1,1|1,1|1,1|1,1|1,1|1,1|1,1|1,1|1,1|0,1|1,1|0,1|1,1|1,0|1,1|1,0|1,1|1,1|1,1|1,1|1,1|1,1|1,1|1,1|0,1|0,1|1,0|0,1|1,1|1,1|1,1|1,1|1,0|1,1|1,1|1,1|1,1|1,1|1,1|1,0|1,1|1,1|1,1|1,1|1,0|1,1|1,1|1,1|1,1|1,1|1,1|1,1|1,1|1,0|1,1|1,1|1,1|1,1|1,0|1,0|1,1|1,1|1,1|1,1|1,1|0,1|1,0|1,1|1,1|1,1|1,1|1,1|1,1|1,1|1,0|1,1|1,1|1,1|1,1|1,1|1,1|1,1|0,1|0,0|0,1|1,1|0,1|1,0|1,1|0,1|1,1|1,1|0,1|1,0|1,1|1,1|1,1|1
22,29485225,.,C,T,.,PASS,AC=3718;AN=5096;DP=23660;AF=0.73;EAS_AF=0.87;EUR_AF=0.63;AFR_AF=0.76;AMR_AF=0.64;SAS_AF=0.72;VT=SNP;NS=2548,GT,1|1,1|1,1|1,0|1,1|1,1|1,1|1,0|1,1|1,1|0,1|1,1|0,1|1,1|0,0|1,1|1,0|1,1|1,1|1,1|1,0|1,1|1,1|1,1|1,1|0,1|0,0|0,0|0,1|1,1|0,1|0,1|1,1|1,0|1,1|1,1|1,1|1,1|1,0|0,1|0,0|0,1|1,1|1,1|1,1|1,0|0,1|1,1|1,0|1,1|1,1|1,1|1,1|1,1|1,0|1,1|1,1|0,1|1,1|1,0|0,0|0,1|1,1|1,1|1,1|1,1|0,1|0,0|1,1|1,1|1,0|1,1|1,0|1,1|0,0|1,0|1,1|0,1|1,1|1,1|1,0|1,1|1,1|0,1|0,0|0,1|1,1|0,1|1,0|1,1|0,1|1,1|1,1|0,1|1,0|1,1|1,1|1,0|1
22,29485479,.,G,A,.,PASS,AC=1713;AN=5096;DP=33833;AF=0.34;EAS_AF=0.41;EUR_AF=0.3;AFR_AF=0.42;AMR_AF=0.24;SAS_AF=0.26;VT=SNP;NS=2548,GT,1|0,1|1,0|1,1|1,1|1,1|1,0|0,0|0,1|0,1|0,0|1,1|0,0|0,1|0,0|1,1|1,0|1,0|1,0|0,1|0,1|0,1|1,0|1,0|1,0|0,1|0,0|0,0|0,0|1,0|0,1|0,1|0,1|1,0|0,1|1,0|1,1|0,0|0,0|1,0|0,0|0,0|1,0|1,1|0,1|1,0|1,0|0,1|1,1|1,0|0,1|0,0|0,1|1,1|1,0|0,1|0,1|0,1|0,0|1,0|0,0|1,0|0,0|0,0|1,0|1,0|0,0|1,0|1,1|1,0|0,0|1,0|1,0|1,1|0,1|1,0|1,1|0,1|1,1|1,1|1,1|1,1|1,0|0,1|0,0|0,0|0,1|0,1|0,0|0,0|0,1|1,0|1,0|0,1|1,0|1,1|1,0|1,0|1
22,29485548,.,C,T,.,PASS,AC=73;AN=5096;DP=43440;AF=0.01;EAS_AF=0;EUR_AF=0;AFR_AF=0.05;AMR_AF=0.01;SAS_AF=0;VT=SNP;NS=2548,GT,0|1,0|0,0|0,0|0,0|0,0|0,1|0,0|0,0|0,0|0,0|0,0|0,0|0,0|0,0|0,0|0,0|0,0|0,0|0,0|0,0|0,0|0,0|0,1|0,1|0,0|0,0|0,0|0,0|0,0|0,0|0,0|0,0|0,0|0,0|0,0|0,0|1,0|0,0|0,0|0,0|0,0|0,0|0,0|0,0|0,0|0,0|1,0|0,0|0,0|0,0|0,1|0,0|0,0|0,0|0,0|1,0|0,0|1,0|0,0|0,0|0,0|0,1|0,0|0,0|0,1|0,0|0,0|0,0|0,0|0,0|0,0|0,0|0,0|0,0|0,0|0,0|0,0|0,0|0,0|0,0|0,0|0,0|0,0|0,0|0,0|0,0|0,0|0,0|0,0|0,0|0,0|0,1|0,0|0,0|0,0|0,1|0,0|0
22,29485839,.,C,T,.,PASS,AC=505;AN=5096;DP=255872;AF=0.1;EAS_AF=0.05;EUR_AF=0.14;AFR_AF=0.04;AMR_AF=0.12;SAS_AF=0.17;EX_TARGET;VT=SNP;NS=2548,GT,0|0,0|0,0|0,0|0,0|0,0|0,0|0,0|0,0|0,0|1,0|0,0|1,0|1,0|0,1|0,0|0,0|0,0|0,0|0,0|0,0|0,0|0,0|0,0|0,0|0,0|0,0|0,1|0,0|0,0|0,0|0,0|0,0|0,1|0,0|0,0|0,0|0,0|0,0|0,1|0,0|0,0|0,0|0,0|0,0|0,1|0,0|0,0|0,0|0,0|0,0|0,0|1,0|0,0|0,0|0,0|0,0|0,0|0,0|0,1|0,0|0,0|0,0|0,0|0,0|0,0|0,0|0,0|0,0|0,0|0,0|0,0|0,0|0,0|0,0|0,1|0,0|0,0|0,0|0,0|0,0|0,0|0,0|1,0|1,0|1,0|0,0|0,0|0,0|0,0|0,0|0,0|0,0|0,0|0,0|0,0|0,0|0,0|0
22,29485874,.,G,C,.,PASS,AC=1;AN=5096;DP=198966;AF=0;EAS_AF=0;EUR_AF=0;AFR_AF=0;AMR_AF=0;SAS_AF=0;EX_TARGET;VT=SNP;NS=2548,GT,0|0,0|0,0|0,0|0,0|0,0|0,0|0,0|0,0|0,0|0,0|0,0|0,0|0,0|0,0|0,0|1,0|0,0|0,0|0,0|0,0|0,0|0,0|0,0|0,0|0,0|0,0|0,0|0,0|0,0|0,0|0,0|0,0|0,0|0,0|0,0|0,0|0,0|0,0|0,0|0,0|0,0|0,0|0,0|0,0|0,0|0,0|0,0|0,0|0,0|0,0|0,0|0,0|0,0|0,0|0,0|0,0|0,0|0,0|0,0|0,0|0,0|0,0|0,0|0,0|0,0|0,0|0,0|0,0|0,0|0,0|0,0|0,0|0,0|0,0|0,0|0,0|0,0|0,0|0,0|0,0|0,0|0,0|0,0|0,0|0,0|0,0|0,0|0,0|0,0|0,0|0,0|0,0|0,0|0,0|0,0|0,0|0,0|0
22,29485888,.,T,G,.,PASS,AC=7;AN=5096;DP=174556;AF=0;EAS_AF=0;EUR_AF=0;AFR_AF=0.01;AMR_AF=0;SAS_AF=0;EX_TARGET;VT=SNP;NS=2548,GT,0|0,0|0,0|0,0|0,0|0,0|0,0|0,0|0,0|0,0|0,0|0,0|0,0|0,0|0,0|0,0|0,0|0,0|0,0|0,0|0,0|1,0|0,0|0,0|0,0|0,0|0,0|0,0|0,0|0,0|0,0|0,0|0,0|0,0|0,0|0,1|0,0|0,1|0,0|0,0|0,0|0,1|0,1|0,0|0,0|0,0|0,0|0,0|0,0|0,0|0,0|0,0|0,0|0,0|0,0|0,0|0,0|0,0|0,0|0,0|0,0|0,0|0,0|1,0|0,0|0,0|0,0|0,0|0,0|0,0|0,0|0,0|0,0|0,0|0,0|0,0|0,0|0,0|0,0|0,0|0,0|0,0|0,0|0,0|0,0|0,0|0,0|0,0|0,0|0,0|0,0|0,0|0,0|0,0|0,0|0,0|0,0|0,0|0
22,29485895,.,G,A,.,PASS,AC=5024;AN=5096;DP=162423;AF=0.99;EAS_AF=1;EUR_AF=0.96;AFR_AF=1;AMR_AF=0.97;SAS_AF=0.99;EX_TARGET;VT=SNP;NS=2548,GT,1|1,1|1,1|1,1|1,1|1,1|1,1|1,1|1,1|1,1|1,1|1,1|1,1|1,1|1,1|1,1|1,1|1,1|1,1|1,1|1,1|1,1|1,1|1,1|1,1|1,1|1,1|1,1|1,1|1,1|1,1|1,1|1,1|1,1|1,1|1,1|1,1|1,1|1,1|1,1|1,1|1,1|1,1|1,1|1,1|1,1|1,1|1,1|1,1|1,1|1,1|1,1|1,1|1,1|1,1|1,1|1,1|1,1|1,1|1,1|1,1|1,1|1,1|1,1|1,1|1,1|1,1|1,1|1,1|1,1|1,1|1,1|1,1|1,1|1,1|1,1|1,1|1,1|1,1|1,1|1,1|1,1|1,1|1,1|1,1|1,1|1,1|1,1|1,1|1,1|1,1|1,1|1,1|1,1|1,1|1,1|1,1|1,1|1
22,29485901,.,C,T,.,PASS,AC=98;AN=5096;DP=153604;AF=0.02;EAS_AF=0;EUR_AF=0;AFR_AF=0.07;AMR_AF=0;SAS_AF=0;EX_TARGET;VT=SNP;NS=2548,GT,0|0,0|1,0|0,0|0,0|0,0|0,0|0,0|0,0|0,0|0,0|0,0|0,0|0,0|0,0|0,0|0,0|0,0|0,0|0,0|0,0|0,0|0,0|0,0|1,0|0,0|0,0|0,0|0,0|0,0|0,0|0,0|0,0|0,0|0,0|0,0|0,0|0,0|0,0|0,0|0,0|0,0|0,0|0,0|0,0|0,0|0,0|0,0|1,0|0,0|0,0|0,0|0,0|0,1|0,0|0,0|0,0|0,0|0,0|0,0|0,0|0,0|0,0|0,0|0,0|0,0|0,0|0,0|0,0|1,0|0,0|0,0|0,0|0,0|0,0|0,0|1,0|0,0|0,0|0,0|0,0|0,0|0,0|0,0|0,0|0,0|0,0|0,0|0,0|0,0|0,0|0,0|0,0|0,0|0,0|0,0|1,0|0,0|0
22,29486122,.,G,A,.,PASS,AC=52;AN=5096;DP=24902;AF=0.01;EAS_AF=0;EUR_AF=0;AFR_AF=0.04;AMR_AF=0;SAS_AF=0;VT=SNP;NS=2548,GT,0|0,0|0,0|0,0|0,0|0,0|0,0|0,0|0,0|0,0|0,0|0,0|0,0|0,0|1,0|0,0|0,0|0,0|0,0|0,0|0,0|0,0|0,0|0,0|0,0|0,0|0,0|0,0|0,0|0,0|0,0|0,0|0,0|0,0|0,0|0,0|0,0|0,0|0,0|0,0|0,0|0,0|0,0|0,0|0,0|0,0|0,0|0,0|0,0|0,0|0,0|0,0|0,0|0,0|0,0|0,0|0,0|0,0|0,0|0,0|0,0|0,0|0,0|0,0|0,0|0,0|0,0|0,0|0,0|0,0|0,0|0,0|0,0|0,0|0,0|0,0|0,0|0,0|0,0|0,0|0,0|0,0|0,0|0,0|0,0|0,0|0,0|0,0|0,0|0,0|0,0|0,0|0,0|0,0|0,0|0,0|0,0|0,0|0
22,29486168,.,G,A,.,PASS,AC=11;AN=5096;DP=19680;AF=0;EAS_AF=0;EUR_AF=0;AFR_AF=0.01;AMR_AF=0;SAS_AF=0;VT=SNP;NS=2548,GT,0|0,0|0,0|0,0|0,0|0,0|0,0|0,0|0,0|0,0|0,0|0,0|0,0|0,0|0,0|0,0|0,0|0,0|0,0|0,0|0,0|0,0|0,0|0,0|0,0|0,0|0,0|0,0|0,0|0,0|0,0|1,0|0,0|0,0|0,0|0,0|0,0|0,0|0,0|0,0|0,0|0,0|0,0|0,0|0,0|0,0|0,0|0,0|0,0|0,0|0,0|0,0|0,0|0,0|0,0|0,0|0,0|0,0|0,0|0,0|0,0|0,0|0,0|0,0|0,0|0,0|0,0|0,0|0,0|0,0|0,0|0,0|0,0|0,0|0,0|0,0|0,0|0,0|0,0|0,0|0,0|0,0|0,0|0,0|0,0|0,0|0,0|0,0|0,0|0,0|0,0|0,0|0,0|0,0|0,0|0,0|0,0|0,0|0
22,29486197,.,T,A,.,PASS,AC=85;AN=5096;DP=17979;AF=0.02;EAS_AF=0.01;EUR_AF=0;AFR_AF=0.05;AMR_AF=0.01;SAS_AF=0.01;VT=SNP;NS=2548,GT,0|0,0|0,1|0,0|0,0|0,0|0,0|1,0|0,0|0,0|0,0|0,0|0,0|0,0|0,0|0,0|0,0|0,0|0,0|0,0|0,0|0,0|0,0|0,0|0,0|0,0|0,0|0,0|0,0|0,0|0,1|0,0|0,0|0,0|0,0|0,0|0,0|0,0|0,0|0,0|0,0|0,0|0,0|0,0|0,0|0,0|0,0|0,0|0,0|0,0|1,0|0,0|0,0|0,0|0,0|1,0|0,0|0,0|0,0|0,0|0,0|0,0|0,0|0,0|0,0|0,0|0,0|0,0|0,0|0,1|0,0|0,0|0,0|0,0|0,0|0,0|0,0|0,0|0,0|0,0|0,0|0,0|0,0|0,0|0,0|0,0|1,0|0,0|0,0|0,0|0,0|0,1|0,0|0,0|0,0|0,0|0,0|0,0|0
22,29486197,.,T,TA,.,PASS,AC=67;AN=5096;DP=17979;AF=0.01;EAS_AF=0;EUR_AF=0;AFR_AF=0.05;AMR_AF=0;SAS_AF=0;VT=INDEL;NS=2548,GT,0|0,0|0,0|0,0|0,0|0,0|0,0|0,0|0,0|0,0|0,0|0,0|0,0|0,0|0,0|0,0|0,0|0,0|0,0|0,0|0,0|0,0|0,0|0,0|0,0|0,0|0,0|0,0|0,0|0,0|1,0|0,0|0,0|0,0|0,0|0,0|0,0|0,0|0,1|0,0|0,0|0,0|0,0|0,0|0,0|0,0|0,0|0,0|0,0|0,0|0,0|0,0|0,0|0,0|0,0|0,0|0,0|1,0|0,0|0,0|0,0|0,0|0,0|0,0|0,0|0,0|0,0|0,0|0,0|0,0|0,1|0,0|0,0|0,0|1,0|0,0|0,0|0,0|0,0|0,0|0,0|0,0|0,0|0,0|0,0|0,0|0,0|0,0|0,0|0,0|0,0|0,0|0,0|0,0|0,0|0,0|0,0|0,0|0
22,29486305,.,G,A,.,PASS,AC=52;AN=5096;DP=19001;AF=0.01;EAS_AF=0;EUR_AF=0;AFR_AF=0.04;AMR_AF=0;SAS_AF=0;VT=SNP;NS=2548,GT,0|0,0|0,0|0,0|0,0|0,0|0,0|0,0|0,0|0,0|0,0|0,0|0,0|0,0|1,0|0,0|0,0|0,0|0,0|0,0|0,0|0,0|0,0|0,0|0,0|0,0|0,0|0,0|0,0|0,0|0,0|0,0|0,0|0,0|0,0|0,0|0,0|0,0|0,0|0,0|0,0|0,0|0,0|0,0|0,0|0,0|0,0|0,0|0,0|0,0|0,0|0,0|0,0|0,0|0,0|0,0|0,0|0,0|0,0|0,0|0,0|0,0|0,0|0,0|0,0|0,0|0,0|0,0|0,0|0,0|0,0|0,0|0,0|0,0|0,0|0,0|0,0|0,0|0,0|0,0|0,0|0,0|0,0|0,0|0,0|0,0|0,0|0,0|0,0|0,0|0,0|0,0|0,0|0,0|0,0|0,0|0,0|0,0|0
22,29486335,.,A,G,.,PASS,AC=52;AN=5096;DP=18863;AF=0.01;EAS_AF=0;EUR_AF=0;AFR_AF=0.04;AMR_AF=0;SAS_AF=0;VT=SNP;NS=2548,GT,0|0,0|0,0|0,0|0,0|0,0|0,0|0,0|0,0|0,0|0,0|0,0|0,0|0,0|1,0|0,0|0,0|0,0|0,0|0,0|0,0|0,0|0,0|0,0|0,0|0,0|0,0|0,0|0,0|0,0|0,0|0,0|0,0|0,0|0,0|0,0|0,0|0,0|0,0|0,0|0,0|0,0|0,0|0,0|0,0|0,0|0,0|0,0|0,0|0,0|0,0|0,0|0,0|0,0|0,0|0,0|0,0|0,0|0,0|0,0|0,0|0,0|0,0|0,0|0,0|0,0|0,0|0,0|0,0|0,0|0,0|0,0|0,0|0,0|0,0|0,0|0,0|0,0|0,0|0,0|0,0|0,0|0,0|0,0|0,0|0,0|0,0|0,0|0,0|0,0|0,0|0,0|0,0|0,0|0,0|0,0|0,0|0,0|0
22,29486698,.,T,A,.,PASS,AC=12;AN=5096;DP=18453;AF=0;EAS_AF=0;EUR_AF=0;AFR_AF=0.01;AMR_AF=0;SAS_AF=0;VT=SNP;NS=2548,GT,0|0,0|0,0|0,0|0,0|0,0|0,0|0,0|0,0|0,0|0,0|0,0|0,0|0,0|0,0|0,0|0,0|0,0|0,0|0,0|0,0|0,0|0,0|0,0|0,0|0,0|0,0|0,0|0,0|0,0|0,0|0,0|0,0|0,0|1,0|0,0|0,0|0,0|0,0|0,0|0,0|0,0|0,0|0,0|0,0|0,0|0,0|0,0|0,0|0,0|0,0|0,0|0,0|0,0|0,0|0,0|0,0|0,0|0,0|0,0|0,0|0,0|0,0|0,0|0,0|0,0|0,0|0,0|0,0|0,0|0,0|0,0|0,0|0,0|0,0|0,0|0,0|0,0|0,0|0,0|0,0|0,0|0,0|0,0|0,0|0,0|0,0|0,0|0,0|0,0|0,0|0,0|0,0|0,0|0,0|0,0|0,0|0,0|0
22,29486766,.,G,A,.,PASS,AC=146;AN=5096;DP=20638;AF=0.03;EAS_AF=0;EUR_AF=0;AFR_AF=0.11;AMR_AF=0;SAS_AF=0;VT=SNP;NS=2548,GT,0|0,0|0,0|0,0|0,0|0,0|0,0|0,0|1,0|0,0|0,0|0,0|0,0|0,0|0,0|0,0|0,0|0,1|0,0|1,0|0,0|0,0|0,1|0,0|0,0|0,0|0,0|0,0|0,0|0,1|0,0|0,1|0,0|0,0|0,0|0,0|0,0|0,0|1,0|0,0|0,0|0,0|0,0|0,0|0,0|0,0|0,1|0,0|0,0|0,0|0,0|0,0|0,0|0,0|0,0|0,0|0,0|0,0|0,1|0,0|0,0|0,1|0,0|0,0|0,0|0,0|0,0|0,0|0,0|0,0|0,0|0,0|0,0|0,0|0,0|0,0|0,0|0,0|0,0|0,0|0,0|0,0|0,0|0,0|0,0|0,0|0,0|0,0|0,0|0,1|0,0|0,0|0,0|0,0|0,0|0,0|0,0|0,0|0
22,29486956,.,A,G,.,PASS,AC=26;AN=5096;DP=23092;AF=0.01;EAS_AF=0;EUR_AF=0;AFR_AF=0.02;AMR_AF=0;SAS_AF=0;VT=SNP;NS=2548,GT,0|0,0|0,0|0,0|0,0|0,0|0,0|0,0|0,0|0,0|0,0|0,0|0,0|1,0|0,0|0,0|0,0|0,0|0,0|0,0|0,0|0,0|0,0|0,0|0,0|0,0|0,0|0,0|0,0|0,0|0,0|0,0|0,0|0,0|0,0|0,0|0,0|0,0|0,0|0,1|0,0|0,0|0,0|0,0|0,0|0,0|0,0|0,0|0,0|0,0|0,0|0,0|1,0|0,0|0,0|0,0|0,0|0,0|0,0|0,0|0,0|0,0|0,0|0,0|0,0|0,0|0,0|0,0|0,0|0,0|0,0|0,0|0,0|0,0|0,0|0,0|0,0|0,0|0,0|0,0|0,0|0,0|0,0|0,0|0,0|0,0|0,0|0,0|0,0|0,0|0,0|0,0|0,0|0,0|0,0|0,0|0,0|0,0|0
22,29486984,.,C,T,.,PASS,AC=480;AN=5096;DP=22982;AF=0.09;EAS_AF=0.05;EUR_AF=0.14;AFR_AF=0.02;AMR_AF=0.12;SAS_AF=0.17;VT=SNP;NS=2548,GT,0|0,0|0,0|0,0|0,0|0,0|0,0|0,0|0,0|0,0|1,0|0,0|1,0|0,0|0,1|0,0|0,0|0,0|0,0|0,0|0,0|0,0|0,0|0,0|0,0|0,0|0,0|0,1|0,0|0,0|0,0|0,0|0,0|0,1|0,0|0,0|0,0|0,0|0,0|0,0|0,0|0,0|0,0|0,0|0,0|0,1|0,0|0,0|0,0|0,0|0,0|0,0|0,0|0,0|0,0|0,0|0,0|0,0|0,0|0,1|0,0|0,0|0,0|0,0|0,0|0,0|0,0|0,0|0,0|0,0|0,0|0,0|0,0|0,0|0,0|0,1|0,0|0,0|0,0|0,0|0,0|0,0|0,0|1,0|1,0|1,0|0,0|0,0|0,0|0,0|0,0|0,0|0,0|0,0|0,0|0,0|0,0|0,0|0
22,29487130,.,TAGTC,T,.,PASS,AC=657;AN=5096;DP=21475;AF=0.13;EAS_AF=0.05;EUR_AF=0.14;AFR_AF=0.15;AMR_AF=0.13;SAS_AF=0.17;VT=INDEL;NS=2548,GT,0|0,0|0,0|0,0|0,0|0,0|0,0|0,0|0,0|0,0|1,0|0,0|1,0|1,0|1,1|0,0|0,0|0,0|0,0|0,0|0,0|0,0|0,0|0,0|0,0|0,0|0,0|1,1|0,0|0,0|1,0|0,0|0,0|0,1|0,0|0,0|0,0|0,0|0,1|0,1|0,0|1,0|0,0|0,0|0,0|0,1|0,0|0,0|0,0|0,0|0,0|0,0|1,0|0,0|0,0|0,0|0,0|0,0|0,0|0,1|0,0|0,0|0,0|0,0|0,0|0,0|0,0|0,0|0,0|0,0|0,1|0,0|0,1|0,0|1,0|0,1|0,0|1,0|0,0|0,0|0,0|0,0|0,0|1,0|1,0|1,0|0,0|0,0|0,0|0,0|0,0|0,0|0,0|0,0|0,0|0,0|0,0|0,0|0
22,29487364,.,CTCA,C,.,PASS,AC=5;AN=5096;DP=24023;AF=0;EAS_AF=0;EUR_AF=0;AFR_AF=0;AMR_AF=0;SAS_AF=0;VT=INDEL;NS=2548,GT,0|0,0|0,0|0,0|0,0|0,0|0,0|0,0|0,0|0,0|0,0|0,0|0,0|0,0|0,0|0,0|0,0|0,0|0,0|0,0|0,0|0,0|0,0|0,0|0,0|0,0|0,0|0,0|0,0|0,0|0,0|0,0|0,0|0,0|0,0|0,0|0,0|0,0|0,0|0,0|0,0|0,0|0,0|0,0|0,1|0,0|0,0|0,0|0,0|0,0|0,0|0,0|0,0|0,0|0,0|0,0|0,0|0,0|0,0|0,0|0,0|0,0|0,0|0,0|0,0|0,0|0,0|0,0|0,0|0,0|0,0|0,0|0,0|0,0|0,0|0,0|0,0|0,0|0,0|0,0|0,0|0,0|0,0|0,0|0,0|0,0|0,0|0,0|0,0|0,0|0,0|0,0|0,0|0,0|0,0|0,0|0,0|0,0|0
22,29487779,.,CACTT,C,.,PASS,AC=656;AN=5096;DP=23129;AF=0.13;EAS_AF=0.05;EUR_AF=0.14;AFR_AF=0.15;AMR_AF=0.13;SAS_AF=0.17;VT=INDEL;NS=2548,GT,0|0,0|0,0|0,0|0,0|0,0|0,0|0,0|0,0|0,0|1,0|0,0|1,0|1,0|1,1|0,0|0,0|0,0|0,0|0,0|0,0|0,0|0,0|0,0|0,0|0,0|0,0|1,1|0,0|0,0|1,0|0,0|0,0|0,1|0,0|0,0|0,0|0,0|0,1|0,1|0,0|1,0|0,0|0,0|0,0|0,1|0,0|0,0|0,0|0,0|0,0|0,0|1,0|0,0|0,0|0,0|0,0|0,0|0,0|0,1|0,0|0,0|0,0|0,0|0,0|0,0|0,0|0,0|0,0|0,0|0,1|0,0|0,1|0,0|1,0|0,1|0,0|1,0|0,0|0,0|0,0|0,0|0,0|1,0|1,0|1,0|0,0|0,0|0,0|0,0|0,0|0,0|0,0|0,0|0,0|0,0|0,0|0,0|0
22,29487903,.,G,T,.,PASS,AC=4318;AN=5096;DP=21985;AF=0.85;EAS_AF=0.93;EUR_AF=0.77;AFR_AF=0.86;AMR_AF=0.77;SAS_AF=0.89;VT=SNP;NS=2548,GT,1|0,1|1,1|1,1|1,1|1,1|1,0|1,0|1,1|1,1|1,1|1,1|1,1|1,1|1,1|1,1|1,0|1,1|1,1|1,1|1,1|1,1|1,1|1,0|1,0|0,1|0,1|1,1|0,1|1,1|1,1|0,1|1,1|1,1|1,1|1,1|1,1|0,1|1,1|1,1|0,0|1,1|1,1|1,1|1,1|1,1|1,1|0,1|1,1|1,1|1,1|1,0|1,1|1,1|1,0|1,1|0,1|1,1|0,1|1,1|0,0|1,1|1,0|1,1|1,1|1,0|0,1|1,0|1,1|1,1|1,1|1,1|1,1|1,1|1,1|1,1|1,1|1,1|1,1|1,1|1,1|1,1|1,1|1,1|1,0|1,1|1,1|0,1|1,0|1,1|0,1|1,1|1,0|0,1|1,0|1,1|1,0|1,0|1
22,29487969,.,A,C,.,PASS,AC=16;AN=5096;DP=21419;AF=0;EAS_AF=0;EUR_AF=0;AFR_AF=0.01;AMR_AF=0;SAS_AF=0;VT=SNP;NS=2548,GT,0|0,0|0,0|0,0|0,0|0,0|0,0|0,0|0,0|0,0|0,0|0,0|0,0|0,0|0,0|0,0|0,0|0,0|0,0|0,0|0,0|0,0|0,0|0,0|0,0|0,0|0,0|0,0|0,0|0,0|0,0|0,0|0,0|0,0|0,0|0,0|0,0|0,0|0,0|0,0|0,0|0,0|0,0|0,0|0,0|0,0|0,0|1,0|0,0|0,0|0,0|0,1|0,0|0,0|0,0|0,0|0,0|0,0|0,0|0,0|0,0|0,0|0,0|0,0|0,0|0,1|0,0|0,0|0,0|0,0|0,0|0,0|0,0|0,0|0,0|0,0|0,0|0,0|0,0|0,0|0,0|0,0|0,0|0,0|0,0|0,0|0,0|0,0|0,0|0,0|0,0|0,0|0,1|0,0|0,0|0,0|0,0|0,0|0
22,29488091,.,G,A,.,PASS,AC=3;AN=5096;DP=20662;AF=0;EAS_AF=0;EUR_AF=0;AFR_AF=0;AMR_AF=0;SAS_AF=0;VT=SNP;NS=2548,GT,0|0,0|0,0|0,0|0,0|0,0|0,0|0,0|0,0|0,0|0,0|0,0|0,1|0,0|0,0|0,0|0,0|0,0|0,0|0,0|0,0|0,0|0,0|0,0|0,0|0,0|0,0|0,0|0,0|0,0|0,0|0,0|0,0|0,0|0,0|0,0|0,0|0,0|0,0|0,0|0,0|0,0|0,0|0,0|0,0|0,0|0,0|0,0|0,0|0,0|0,0|0,0|0,0|0,0|0,0|0,0|0,0|0,0|0,0|0,0|0,0|0,0|0,0|0,0|0,0|0,0|0,0|0,0|0,0|0,0|0,0|0,0|0,0|0,0|0,0|0,0|0,0|0,0|0,0|0,0|0,0|0,0|0,0|0,0|0,0|0,0|0,0|0,0|0,0|0,0|0,0|0,0|0,0|0,0|0,0|0,0|0,0|0,0|0
22,29488219,.,C,T,.,PASS,AC=5;AN=5096;DP=18856;AF=0;EAS_AF=0;EUR_AF=0;AFR_AF=0;AMR_AF=0;SAS_AF=0;VT=SNP;NS=2548,GT,0|0,0|0,0|0,0|0,0|0,0|0,0|0,0|0,0|0,1|0,0|0,0|0,0|0,0|0,0|0,0|0,0|0,0|0,0|0,0|0,0|0,0|0,0|0,0|0,0|0,0|0,0|0,0|0,0|0,0|0,0|0,0|0,0|0,0|0,0|0,0|0,0|0,0|0,0|0,0|0,0|0,0|0,0|0,0|0,0|0,0|0,0|0,0|0,0|0,0|0,0|0,0|0,0|0,0|0,0|0,0|0,0|0,0|0,0|0,0|0,0|0,0|0,0|0,0|0,0|0,0|0,0|0,0|0,0|0,0|0,0|0,0|0,0|0,0|0,0|0,0|0,0|0,0|0,0|0,0|0,0|0,0|1,0|0,0|0,0|0,0|0,0|0,0|0,0|0,0|0,0|0,0|0,0|0,0|0,0|0,0|0,0|0,0|0
22,29488288,.,T,C,.,PASS,AC=4278;AN=5096;DP=19182;AF=0.84;EAS_AF=0.93;EUR_AF=0.77;AFR_AF=0.83;AMR_AF=0.76;SAS_AF=0.89;VT=SNP;NS=2548,GT,1|0,1|1,1|1,1|1,1|1,1|1,0|1,0|1,1|1,1|1,1|1,1|1,1|1,1|1,1|1,1|1,0|1,1|1,1|1,1|1,1|1,1|1,1|1,0|1,0|0,1|0,1|1,1|0,1|1,1|1,1|0,1|1,1|1,1|1,1|1,1|1,1|0,1|1,1|1,1|0,0|1,1|1,1|1,1|1,1|1,1|1,1|0,1|1,1|1,1|1,1|1,0|1,1|1,1|1,0|1,1|0,1|1,1|0,1|1,1|0,0|1,1|1,0|1,1|1,1|1,0|0,1|1,0|1,1|1,1|1,1|1,1|1,1|1,1|1,1|1,1|1,1|1,1|1,1|1,1|1,1|1,1|1,1|1,1|1,0|1,1|1,1|0,1|1,0|1,1|0,1|1,1|1,0|0,1|1,0|1,1|1,0|1,0|1
22,29488391,.,G,GA,.,PASS,AC=568;AN=5096;DP=20392;AF=0.11;EAS_AF=0.04;EUR_AF=0.27;AFR_AF=0.06;AMR_AF=0.14;SAS_AF=0.07;VT=INDEL;NS=2548,GT,0|0,1|0,0|0,0|0,0|0,0|1,0|0,0|0,0|0,1|0,0|0,0|0,0|0,0|1,0|0,0|0,0|0,0|1,0|0,0|0,0|0,0|0,0|0,0|0,0|0,0|0,0|0,0|0,0|0,0|0,1|0,0|0,0|0,0|0,0|0,0|1,0|0,0|0,0|0,0|0,0|0,0|0,0|0,0|0,0|0,0|0,0|0,0|0,0|0,0|0,1|0,0|0,0|0,0|0,0|0,0|0,0|0,0|0,0|0,0|0,0|0,0|0,0|0,0|0,0|0,0|0,0|0,0|0,0|0,0|0,0|0,0|0,0|0,0|0,0|0,0|0,1|0,0|0,0|0,0|0,0|0,0|1,0|0,0|0,0|0,0|0,0|0,0|0,0|0,0|0,0|0,0|1,0|0,0|0,0|0,0|0,0|0,0|0
22,29488446,.,T,G,.,PASS,AC=3;AN=5096;DP=21815;AF=0;EAS_AF=0;EUR_AF=0;AFR_AF=0;AMR_AF=0;SAS_AF=0;VT=SNP;NS=2548,GT,0|0,0|0,0|0,0|0,0|0,0|0,0|0,0|0,0|0,0|0,0|0,0|0,1|0,0|0,0|0,0|0,0|0,0|0,0|0,0|0,0|0,0|0,0|0,0|0,0|0,0|0,0|0,0|0,0|0,0|0,0|0,0|0,0|0,0|0,0|0,0|0,0|0,0|0,0|0,0|0,0|0,0|0,0|0,0|0,0|0,0|0,0|0,0|0,0|0,0|0,0|0,0|0,0|0,0|0,0|0,0|0,0|0,0|0,0|0,0|0,0|0,0|0,0|0,0|0,0|0,0|0,0|0,0|0,0|0,0|0,0|0,0|0,0|0,0|0,0|0,0|0,0|0,0|0,0|0,0|0,0|0,0|0,0|0,0|0,0|0,0|0,0|0,0|0,0|0,0|0,0|0,0|0,0|0,0|0,0|0,0|0,0|0,0|0
22,29488496,.,T,C,.,PASS,AC=52;AN=5096;DP=22014;AF=0.01;EAS_AF=0;EUR_AF=0;AFR_AF=0.04;AMR_AF=0;SAS_AF=0;VT=SNP;NS=2548,GT,0|0,0|0,0|0,0|0,0|0,0|0,0|0,0|0,0|0,0|0,0|0,0|0,0|0,0|1,0|0,0|0,0|0,0|0,0|0,0|0,0|0,0|0,0|0,0|0,0|0,0|0,0|0,0|0,0|0,0|0,0|0,0|0,0|0,0|0,0|0,0|0,0|0,0|0,0|0,0|0,0|0,0|0,0|0,0|0,0|0,0|0,0|0,0|0,0|0,0|0,0|0,0|0,0|0,0|0,0|0,0|0,0|0,0|0,0|0,0|0,0|0,0|0,0|0,0|0,0|0,0|0,0|0,0|0,0|0,0|0,0|0,0|0,0|0,0|0,0|0,0|0,0|0,0|0,0|0,0|0,0|0,0|0,0|0,0|0,0|0,0|0,0|0,0|0,0|0,0|0,0|0,0|0,0|0,0|0,0|0,0|0,0|0,0|0
22,29488578,.,C,T,.,PASS,AC=659;AN=5096;DP=27018;AF=0.13;EAS_AF=0.05;EUR_AF=0.14;AFR_AF=0.15;AMR_AF=0.13;SAS_AF=0.17;VT=SNP;NS=2548,GT,0|0,0|0,0|0,0|0,0|0,0|0,0|0,0|0,0|0,0|1,0|0,0|1,0|1,0|1,1|0,0|0,0|0,0|0,0|0,0|0,0|0,0|0,0|0,0|0,0|0,0|0,0|1,1|0,0|0,0|1,0|0,0|0,0|0,1|0,0|0,0|0,0|0,0|0,1|0,1|0,0|1,0|0,0|0,0|0,0|0,1|0,0|0,0|0,0|0,0|0,0|0,0|1,0|0,0|0,0|0,0|0,0|0,0|0,0|0,1|0,0|0,0|0,0|0,0|0,0|0,0|0,0|0,0|0,0|0,0|0,1|0,0|0,1|0,0|1,0|0,1|0,0|1,0|0,0|0,0|0,0|0,0|0,0|1,0|1,0|1,0|0,0|0,0|0,0|0,0|0,0|0,0|0,0|0,0|0,0|0,0|0,0|0,0|0
22,29488828,.,G,A,.,PASS,AC=2;AN=5096;DP=229608;AF=0;EAS_AF=0;EUR_AF=0;AFR_AF=0;AMR_AF=0;SAS_AF=0;EX_TARGET;VT=SNP;NS=2548,GT,0|0,0|0,0|0,0|0,0|0,0|0,0|0,0|0,0|0,0|0,0|0,0|0,0|0,0|0,0|0,0|0,0|0,0|0,0|0,0|0,0|0,0|0,0|0,0|0,0|0,0|0,1|0,0|0,0|0,0|0,0|0,0|0,0|0,0|0,0|0,0|0,0|0,0|0,0|0,0|0,0|0,0|0,0|0,0|0,0|0,0|0,0|0,0|0,0|0,0|0,0|0,0|0,0|0,0|0,0|0,0|0,0|0,0|0,0|0,0|0,0|0,0|0,0|0,0|0,0|0,0|0,0|0,0|0,0|0,0|0,0|0,0|0,0|0,0|0,0|0,0|0,0|0,0|0,0|0,0|0,0|0,0|0,0|0,0|0,0|0,0|0,0|0,0|0,0|0,0|0,0|0,0|0,0|0,0|0,0|0,0|0,0|0,0|0
22,29489086,.,G,A,.,PASS,AC=52;AN=5096;DP=268811;AF=0.01;EAS_AF=0;EUR_AF=0;AFR_AF=0.04;AMR_AF=0;SAS_AF=0;EX_TARGET;VT=SNP;NS=2548,GT,0|0,0|0,0|0,0|0,0|0,0|0,0|0,0|0,0|0,0|0,0|0,0|0,0|0,0|1,0|0,0|0,0|0,0|0,0|0,0|0,0|0,0|0,0|0,0|0,0|0,0|0,0|0,0|0,0|0,0|0,0|0,0|0,0|0,0|0,0|0,0|0,0|0,0|0,0|0,0|0,0|0,0|0,0|0,0|0,0|0,0|0,0|0,0|0,0|0,0|0,0|0,0|0,0|0,0|0,0|0,0|0,0|0,0|0,0|0,0|0,0|0,0|0,0|0,0|0,0|0,0|0,0|0,0|0,0|0,0|0,0|0,0|0,0|0,0|0,0|0,0|0,0|0,0|0,0|0,0|0,0|0,0|0,0|0,0|0,0|0,0|0,0|0,0|0,0|0,0|0,0|0,0|0,0|0,0|0,0|0,0|0,0|0,0|0
22,29489094,.,A,C,.,PASS,AC=1;AN=5096;DP=264907;AF=0;EAS_AF=0;EUR_AF=0;AFR_AF=0;AMR_AF=0;SAS_AF=0;EX_TARGET;VT=SNP;NS=2548,GT,0|0,0|0,0|1,0|0,0|0,0|0,0|0,0|0,0|0,0|0,0|0,0|0,0|0,0|0,0|0,0|0,0|0,0|0,0|0,0|0,0|0,0|0,0|0,0|0,0|0,0|0,0|0,0|0,0|0,0|0,0|0,0|0,0|0,0|0,0|0,0|0,0|0,0|0,0|0,0|0,0|0,0|0,0|0,0|0,0|0,0|0,0|0,0|0,0|0,0|0,0|0,0|0,0|0,0|0,0|0,0|0,0|0,0|0,0|0,0|0,0|0,0|0,0|0,0|0,0|0,0|0,0|0,0|0,0|0,0|0,0|0,0|0,0|0,0|0,0|0,0|0,0|0,0|0,0|0,0|0,0|0,0|0,0|0,0|0,0|0,0|0,0|0,0|0,0|0,0|0,0|0,0|0,0|0,0|0,0|0,0|0,0|0,0|0
22,29489363,.,C,T,.,PASS,AC=52;AN=5096;DP=351572;AF=0.01;EAS_AF=0;EUR_AF=0;AFR_AF=0.04;AMR_AF=0;SAS_AF=0;EX_TARGET;VT=SNP;NS=2548,GT,0|0,0|0,0|0,0|0,0|0,0|0,0|0,0|0,0|0,0|0,0|0,0|0,0|0,0|1,0|0,0|0,0|0,0|0,0|0,0|0,0|0,0|0,0|0,0|0,0|0,0|0,0|0,0|0,0|0,0|0,0|0,0|0,0|0,0|0,0|0,0|0,0|0,0|0,0|0,0|0,0|0,0|0,0|0,0|0,0|0,0|0,0|0,0|0,0|0,0|0,0|0,0|0,0|0,0|0,0|0,0|0,0|0,0|0,0|0,0|0,0|0,0|0,0|0,0|0,0|0,0|0,0|0,0|0,0|0,0|0,0|0,0|0,0|0,0|0,0|0,0|0,0|0,0|0,0|0,0|0,0|0,0|0,0|0,0|0,0|0,0|0,0|0,0|0,0|0,0|0,0|0,0|0,0|0,0|0,0|0,0|0,0|0,0|0
22,29489423,.,C,T,.,PASS,AC=52;AN=5096;DP=358992;AF=0.01;EAS_AF=0;EUR_AF=0;AFR_AF=0.04;AMR_AF=0;SAS_AF=0;EX_TARGET;VT=SNP;NS=2548,GT,0|0,0|0,0|0,0|0,0|0,0|0,0|0,0|0,0|0,0|0,0|0,0|0,0|0,0|1,0|0,0|0,0|0,0|0,0|0,0|0,0|0,0|0,0|0,0|0,0|0,0|0,0|0,0|0,0|0,0|0,0|0,0|0,0|0,0|0,0|0,0|0,0|0,0|0,0|0,0|0,0|0,0|0,0|0,0|0,0|0,0|0,0|0,0|0,0|0,0|0,0|0,0|0,0|0,0|0,0|0,0|0,0|0,0|0,0|0,0|0,0|0,0|0,0|0,0|0,0|0,0|0,0|0,0|0,0|0,0|0,0|0,0|0,0|0,0|0,0|0,0|0,0|0,0|0,0|0,0|0,0|0,0|0,0|0,0|0,0|0,0|0,0|0,0|0,0|0,0|0,0|0,0|0,0|0,0|0,0|0,0|0,0|0,0|0
22,29489484,.,C,T,.,PASS,AC=775;AN=5096;DP=368684;AF=0.15;EAS_AF=0.07;EUR_AF=0.23;AFR_AF=0.14;AMR_AF=0.23;SAS_AF=0.11;EX_TARGET;VT=SNP;NS=2548,GT,0|1,0|0,0|0,0|0,0|0,0|0,1|0,1|0,0|0,0|0,0|0,0|0,0|0,0|0,0|0,0|0,1|0,0|0,0|0,0|0,0|0,0|0,0|0,1|0,1|1,0|1,0|0,0|1,0|0,0|0,0|1,0|0,0|0,0|0,0|0,0|0,0|1,0|0,0|0,0|1,1|0,0|0,0|0,0|0,0|0,0|0,0|1,0|0,0|0,0|0,0|0,1|0,0|0,0|0,1|0,0|1,0|0,0|1,0|0,0|1,1|0,0|0,1|0,0|0,0|0,1|1,0|0,1|0,0|0,0|0,0|0,0|0,0|0,0|0,0|0,0|0,0|0,0|0,0|0,0|0,0|0,0|0,0|0,0|0,1|0,0|0,0|1,0|0,1|0,0|1,0|0,0|0,1|1,0|0,1|0,0|0,1|0,1|0
22,29489578,.,A,C,.,PASS,AC=15;AN=5096;DP=397823;AF=0;EAS_AF=0;EUR_AF=0;AFR_AF=0;AMR_AF=0.01;SAS_AF=0;EX_TARGET;VT=SNP;NS=2548,GT,0|0,0|0,0|0,0|0,0|0,0|0,0|0,0|0,0|0,0|0,0|0,0|0,0|0,0|0,0|0,0|0,0|0,0|0,0|0,0|0,0|0,0|0,0|0,0|0,0|0,0|0,0|0,0|0,0|0,0|0,0|0,0|0,0|0,0|0,0|0,0|0,0|0,0|0,0|0,0|0,0|0,0|0,0|0,0|0,0|0,0|0,0|0,0|0,0|0,0|0,0|0,0|0,0|0,0|0,0|0,0|0,0|0,0|0,0|0,0|0,0|0,0|0,0|0,0|0,0|0,0|0,0|0,0|0,0|0,0|0,0|0,0|0,0|0,0|0,0|0,0|0,0|0,0|0,0|0,0|0,0|0,0|0,0|0,0|0,0|0,0|0,0|0,0|0,0|0,0|0,1|0,0|0,0|0,0|0,0|0,0|0,0|0,0|0
22,29489578,.,A,AAAGTCCCCTGAGAAGGCC,.,PASS,AC=3614;AN=5096;DP=398423;AF=0.71;EAS_AF=0.87;EUR_AF=0.63;AFR_AF=0.7;AMR_AF=0.63;SAS_AF=0.7;EX_TARGET;VT=INDEL;NS=2548,GT,1|0,1|1,1|1,1|1,1|1,1|1,0|1,0|1,1|0,1|0,1|1,1|0,1|0,1|0,0|1,1|1,0|1,1|1,1|1,1|1,1|1,1|1,1|1,0|1,0|0,1|0,1|0,0|0,1|1,1|0,1|0,1|1,1|1,0|1,1|1,1|1,1|0,1|1,0|1,0|0,0|0,1|1,1|1,1|1,1|1,0|1,1|0,1|1,1|1,1|1,1|1,0|0,1|1,1|1,0|1,1|0,1|0,1|0,1|1,0|0,0|1,1|1,0|1,1|1,1|1,0|0,0|1,0|1,1|1,1|1,0|1,1|1,0|1,1|0,1|1,0|1,1|0,1|1,1|1,0|1,1|1,0|1,1|0,1|0,0|0,1|0,1|0,1|1,0|1,1|0,1|1,1|1,0|0,1|1,0|1,1|1,0|1,0|1
22,29489581,.,G,C,.,PASS,AC=13;AN=5096;DP=462541;AF=0;EAS_AF=0;EUR_AF=0;AFR_AF=0.01;AMR_AF=0;SAS_AF=0;EX_TARGET;VT=SNP;NS=2548,GT,0|0,0|0,0|0,0|0,0|0,0|0,0|0,0|0,0|0,0|0,0|0,0|0,0|0,0|0,0|0,0|0,0|0,0|0,0|0,0|0,0|0,0|0,0|0,0|0,0|0,0|0,0|0,0|0,0|0,0|0,0|1,0|0,0|0,0|0,0|0,0|0,0|0,0|0,0|0,0|0,0|0,0|0,0|0,0|0,0|0,0|0,0|0,0|0,0|0,0|0,0|0,0|0,0|0,0|0,0|0,0|0,0|0,0|0,0|0,0|0,0|0,0|0,0|0,0|0,0|0,0|0,0|0,0|0,0|0,0|0,0|0,0|0,0|0,0|0,0|0,0|0,0|0,0|0,0|0,0|0,0|0,0|0,0|0,0|0,0|0,0|0,0|0,0|0,0|0,0|0,0|0,0|0,0|0,0|0,0|0,0|0,0|0,0|0
22,29489605,.,A,T,.,PASS,AC=2144;AN=5096;DP=478132;AF=0.42;EAS_AF=0.46;EUR_AF=0.39;AFR_AF=0.42;AMR_AF=0.38;SAS_AF=0.43;EX_TARGET;VT=SNP;NS=2548,GT,1|0,1|0,0|1,1|0,0|1,0|1,0|1,0|0,0|1,1|0,1|0,1|0,1|0,1|0,0|1,0|1,0|1,1|0,0|1,1|0,0|1,1|0,1|0,0|1,0|0,0|1,0|0,0|0,1|0,1|0,0|0,1|0,1|0,0|1,0|1,0|1,0|0,1|0,0|1,0|0,0|0,1|0,1|0,1|0,1|0,0|1,1|0,0|1,1|0,0|1,1|0,0|0,1|0,1|0,0|1,1|0,1|0,1|0,1|0,0|0,0|1,1|0,0|1,0|1,0|1,0|0,0|1,0|1,1|0,1|0,0|1,0|1,0|0,0|0,1|0,0|1,1|0,1|0,0|1,0|1,1|0,1|0,1|0,0|0,0|0,1|0,1|0,1|0,0|0,1|0,1|0,1|0,0|0,1|0,1|0,0|1,0|0,0|1
22,29489609,.,AAGGAAG,A,.,PASS,AC=2210;AN=5096;DP=479474;AF=0.43;EAS_AF=0.47;EUR_AF=0.41;AFR_AF=0.44;AMR_AF=0.39;SAS_AF=0.45;EX_TARGET;VT=INDEL;NS=2548,GT,1|0,1|0,0|1,1|0,0|1,0|1,0|1,0|1,0|1,1|0,1|0,1|0,1|0,1|0,0|1,0|1,0|1,1|0,0|1,1|0,0|1,1|0,1|0,0|1,0|0,0|0,1|0,0|0,1|0,1|0,1|0,1|0,1|0,0|1,0|1,0|1,0|0,1|0,0|1,0|0,0|0,1|0,1|0,1|0,1|0,0|1,1|0,0|1,1|0,0|1,1|0,0|0,1|0,1|0,0|1,1|0,1|0,1|0,1|0,0|0,0|1,1|0,0|1,0|1,0|1,0|0,0|1,0|1,1|0,1|0,0|1,0|1,0|1,1|0,1|0,0|1,1|0,1|0,0|1,0|1,1|0,1|0,1|0,0|0,0|0,1|0,1|0,1|0,1|0,1|0,1|0,1|0,0|0,1|0,1|0,0|1,0|1,0|1
22,29489629,.,T,A,.,PASS,AC=565;AN=5096;DP=482710;AF=0.11;EAS_AF=0.1;EUR_AF=0.06;AFR_AF=0.13;AMR_AF=0.1;SAS_AF=0.16;EX_TARGET;VT=SNP;NS=2548,GT,0|0,0|0,0|0,1|0,0|1,0|0,0|0,0|0,0|1,0|0,1|0,0|0,0|0,0|0,0|0,0|0,0|0,1|0,0|1,0|0,0|0,0|0,1|0,0|0,0|0,0|0,0|0,0|0,1|0,0|0,0|0,0|0,0|0,0|0,0|0,0|0,0|0,0|1,0|0,0|0,0|0,0|1,0|0,1|0,0|0,0|0,0|0,0|0,0|0,0|0,1|0,0|0,0|1,0|0,0|0,0|0,0|0,0|0,0|0,0|0,0|0,1|0,0|0,0|1,0|0,0|0,0|0,0|0,0|0,0|0,0|0,0|0,0|0,0|0,0|0,0|1,0|0,0|0,1|0,0|0,0|0,0|0,0|0,0|0,0|0,1|0,0|0,0|0,0|0,0|0,0|0,0|0,0|0,0|0,0|0,0|0,0|0,0|0
22,29489872,.,T,C,.,PASS,AC=4330;AN=5096;DP=446992;AF=0.85;EAS_AF=0.93;EUR_AF=0.77;AFR_AF=0.87;AMR_AF=0.77;SAS_AF=0.89;EX_TARGET;VT=SNP;NS=2548,GT,1|0,1|1,1|1,1|1,1|1,1|1,0|1,0|1,1|1,1|1,1|1,1|1,1|1,1|1,1|1,1|1,0|1,1|1,1|1,1|1,1|1,1|1,1|1,0|1,0|0,1|0,1|1,1|0,1|1,1|1,1|0,1|1,1|1,1|1,1|1,1|1,1|0,1|1,1|1,1|0,0|1,1|1,1|1,1|1,1|1,1|1,1|0,1|1,1|1,1|1,1|1,0|1,1|1,1|1,0|1,1|0,1|1,1|0,1|1,1|0,0|1,1|1,0|1,1|1,1|1,0|0,1|1,0|1,1|1,1|1,1|1,1|1,1|1,1|1,1|1,1|1,1|1,1|1,1|1,1|1,1|1,1|1,1|1,1|1,0|1,1|1,1|0,1|1,0|1,1|0,1|1,1|1,0|0,1|1,0|1,1|1,0|1,0|1
22,29489947,.,A,C,.,PASS,AC=7;AN=5096;DP=384024;AF=0;EAS_AF=0;EUR_AF=0;AFR_AF=0.01;AMR_AF=0;SAS_AF=0;EX_TARGET;VT=SNP;NS=2548,GT,0|0,0|0,0|0,0|0,0|0,0|0,0|0,0|0,0|0,0|0,0|0,0|0,0|0,0|0,0|0,0|0,0|0,0|0,0|0,0|0,0|1,0|0,0|0,0|0,0|0,0|0,0|0,0|0,0|0,0|0,0|0,0|0,0|0,0|0,0|0,1|0,0|0,1|0,0|0,0|0,0|0,1|0,1|0,0|0,0|0,0|0,0|0,0|0,0|0,0|0,0|0,0|0,0|0,0|0,0|0,0|0,0|0,0|0,0|0,0|0,0|0,0|0,0|1,0|0,0|0,0|0,0|0,0|0,0|0,0|0,0|0,0|0,0|0,0|0,0|0,0|0,0|0,0|0,0|0,0|0,0|0,0|0,0|0,0|0,0|0,0|0,0|0,0|0,0|0,0|0,0|0,0|0,0|0,0|0,0|0,0|0,0|0,0|0
22,29490054,.,A,C,.,PASS,AC=607;AN=5096;DP=237371;AF=0.12;EAS_AF=0.05;EUR_AF=0.14;AFR_AF=0.11;AMR_AF=0.13;SAS_AF=0.17;EX_TARGET;VT=SNP;NS=2548,GT,0|0,0|0,0|0,0|0,0|0,0|0,0|0,0|0,0|0,0|1,0|0,0|1,0|1,0|0,1|0,0|0,0|0,0|0,0|0,0|0,0|0,0|0,0|0,0|0,0|0,0|0,0|1,1|0,0|0,0|1,0|0,0|0,0|0,1|0,0|0,0|0,0|0,0|0,1|0,1|0,0|1,0|0,0|0,0|0,0|0,1|0,0|0,0|0,0|0,0|0,0|0,0|1,0|0,0|0,0|0,0|0,0|1,0|0,0|0,1|0,0|0,0|0,0|0,0|0,0|0,0|0,0|0,0|0,0|0,0|0,1|0,0|0,1|0,0|1,0|0,1|0,0|1,0|0,0|0,0|0,0|0,0|0,0|1,0|1,0|1,0|0,0|0,0|0,0|0,0|0,0|0,0|0,0|0,0|0,0|0,0|0,0|0,0|0
22,29490352,.,C,T,.,PASS,AC=49;AN=5096;DP=268874;AF=0.01;EAS_AF=0;EUR_AF=0;AFR_AF=0.04;AMR_AF=0;SAS_AF=0;EX_TARGET;VT=SNP;NS=2548,GT,0|0,0|0,1|0,0|0,0|0,0|0,0|1,0|0,0|0,0|0,0|0,0|0,0|0,0|0,0|0,0|0,0|0,0|0,0|0,0|0,0|0,0|0,0|0,0|0,0|0,0|0,0|0,0|0,0|0,0|0,0|0,0|0,0|0,0|0,0|0,0|0,0|0,0|0,0|0,0|0,0|0,0|0,0|0,0|0,0|0,0|0,0|0,0|0,0|0,0|1,0|0,0|0,0|0,0|0,0|1,0|0,0|0,0|0,0|0,0|0,0|0,0|0,0|0,0|0,0|0,0|0,0|0,0|0,0|0,1|0,0|0,0|0,0|0,0|0,0|0,0|0,0|0,0|0,0|0,0|0,0|0,0|0,0|0,0|0,0|0,0|1,0|0,0|0,0|0,0|0,0|0,1|0,0|0,0|0,0|0,0|0,0|0,0|0
22,29490424,.,A,G,.,PASS,AC=4327;AN=5096;DP=283720;AF=0.85;EAS_AF=0.93;EUR_AF=0.77;AFR_AF=0.87;AMR_AF=0.77;SAS_AF=0.89;EX_TARGET;VT=SNP;NS=2548,GT,1|0,1|1,1|1,1|1,1|1,1|1,0|1,0|1,1|1,1|1,1|1,1|1,1|1,1|1,1|1,1|1,0|1,1|1,1|1,1|1,1|1,1|1,1|1,0|1,0|0,1|0,1|1,1|0,1|1,1|1,1|0,1|1,1|1,1|1,1|1,1|1,1|0,1|1,1|1,1|0,0|1,1|1,1|1,1|1,1|1,1|1,1|0,1|1,1|1,1|1,1|1,0|1,1|1,1|1,0|1,1|0,1|1,1|0,1|1,1|0,0|1,1|1,0|1,1|1,1|1,0|0,1|1,0|1,1|1,1|1,1|1,1|1,1|1,1|1,1|1,1|1,1|1,1|1,1|1,1|1,1|1,1|1,1|1,1|1,0|1,1|1,1|0,1|1,0|1,1|0,1|1,1|1,0|0,1|1,0|1,1|1,0|1,0|1
22,29490725,.,G,A,.,PASS,AC=5;AN=5096;DP=128092;AF=0;EAS_AF=0;EUR_AF=0;AFR_AF=0;AMR_AF=0;SAS_AF=0;EX_TARGET;VT=SNP;NS=2548,GT,0|0,0|0,0|0,0|0,0|0,0|0,0|0,0|0,0|0,0|0,0|0,0|0,0|0,0|0,0|0,0|0,0|0,0|1,0|0,0|0,0|0,0|0,0|0,0|0,0|0,0|0,0|0,0|0,0|0,0|0,1|0,0|0,0|0,0|0,0|0,0|0,0|0,0|0,0|0,0|0,0|0,0|0,0|0,0|0,0|0,0|0,0|0,0|0,0|0,0|0,0|0,0|0,0|0,0|0,0|0,0|0,0|0,0|0,0|0,0|0,0|0,0|0,0|0,0|0,0|0,0|0,0|0,0|0,0|0,0|0,0|0,0|0,0|0,0|0,0|0,0|0,0|0,0|0,0|0,0|0,0|0,0|0,0|0,0|0,0|0,0|0,0|0,0|0,0|0,0|0,0|0,0|1,0|0,0|0,0|0,0|0,0|0,0|0
22,29490904,.,G,T,.,PASS,AC=3717;AN=5096;DP=26275;AF=0.73;EAS_AF=0.87;EUR_AF=0.63;AFR_AF=0.76;AMR_AF=0.64;SAS_AF=0.72;VT=SNP;NS=2548,GT,1|0,1|1,1|1,1|1,1|1,1|1,0|1,0|1,1|1,1|0,1|1,1|0,1|0,1|1,0|1,1|1,0|1,1|1,1|1,1|1,1|1,1|1,1|1,0|1,0|0,1|0,1|0,0|0,1|1,1|0,1|0,1|1,1|1,0|1,1|1,1|1,1|0,1|1,0|1,0|0,0|0,1|1,1|1,1|1,1|1,0|1,1|0,1|1,1|1,1|1,1|1,0|0,1|1,1|1,0|1,1|0,1|0,1|0,1|1,0|0,0|1,1|1,0|1,1|1,1|1,0|0,1|1,0|1,1|1,1|1,0|1,1|1,0|1,1|0,1|1,0|1,1|0,1|1,1|1,1|1,1|1,1|1,1|0,1|0,0|0,1|1,1|0,1|1,0|1,1|0,1|1,1|1,0|0,1|1,0|1,1|1,0|1,0|1
22,29491197,.,G,C,.,PASS,AC=3719;AN=5096;DP=23492;AF=0.73;EAS_AF=0.87;EUR_AF=0.63;AFR_AF=0.76;AMR_AF=0.64;SAS_AF=0.72;VT=SNP;NS=2548,GT,1|0,1|1,1|1,1|1,1|1,1|1,0|1,0|1,1|1,1|0,1|1,1|0,1|0,1|1,0|1,1|1,0|1,1|1,1|1,1|1,1|1,1|1,1|1,0|1,0|0,1|0,1|0,0|0,1|1,1|0,1|0,1|1,1|1,0|1,1|1,1|1,1|0,1|1,0|1,0|0,0|0,1|1,1|1,1|1,1|1,0|1,1|0,1|1,1|1,1|1,1|1,0|0,1|1,1|1,0|1,1|0,1|0,1|0,1|1,0|0,0|1,1|1,0|1,1|1,1|1,0|0,1|1,0|1,1|1,1|1,0|1,1|1,0|1,1|0,1|1,0|1,1|0,1|1,1|1,1|1,1|1,1|1,1|0,1|0,0|0,1|1,1|0,1|1,0|1,1|0,1|1,1|1,0|0,1|1,0|1,1|1,0|1,0|1
