#CHROM,POS,ID,REF,ALT,QUAL,FILTER,INFO,FORMAT,HG01248,HG01052,HG01079,HG00732,HG00731,HG00641,HG01413,HG01176,HG00551,HG01286,HG01083,HG01064,HG01171,HG01047,HG01325,HG00553,HG01412,HG01067,HG01101,HG01111,HG01077,HG01402,HG01167,HG01104,HG01188,HG00734,HG01308,HG01405,HG01105,HG01168,HG01075,HG00637,HG01326,HG00740,HG01089,HG01182,HG01396,HG01303,HG01061,HG01073,HG01204,HG01205,HG01094,HG01082,HG01058,HG01170,HG01110,HG01414,HG01398,HG01080,HG00737,HG01177,HG01187,HG01174,HG01060,HG01088,HG01108,HG01072,HG01247,HG01393,HG01183,HG01323,HG01242,HG01162,HG00736,HG01055,HG01302,HG01173,HG01241,HG01097,HG01161,HG00743,HG01392,HG01085,HG01049,HG01197,HG00742,HG01054,HG01048,HG01198,HG01305,HG01395,HG01403,HG01070,HG01190,HG01164,HG01311,HG01107,HG00638,HG00554,HG00640,HG01098,HG01063,HG01066,HG01312,HG01200,HG01069,HG01051,HG01191,HG01102,HG00739,HG01095,HG01092,HG01086
22,29480283,.,G,A,.,PASS,AC=19;AN=5096;DP=19206;AF=0;EAS_AF=0;EUR_AF=0.01;AFR_AF=0;AMR_AF=0.01;SAS_AF=0;EX_TARGET;VT=SNP;NS=2548,GT,0|0,0|0,0|0,0|0,0|1,0|0,0|0,0|0,0|0,0|0,0|0,0|0,0|0,0|0,0|0,0|0,0|0,0|0,0|0,0|0,0|0,0|0,0|0,0|0,0|0,0|0,0|0,0|0,0|0,0|0,0|0,0|0,0|0,0|0,0|0,0|0,0|0,0|0,0|0,0|0,0|0,0|0,0|0,0|0,0|0,0|0,0|0,0|0,0|0,0|0,0|0,0|0,0|0,0|0,0|0,0|0,0|0,0|0,0|0,0|0,0|0,0|0,0|0,0|0,0|0,0|0,0|0,0|0,0|0,0|0,0|0,0|0,0|0,0|0,0|0,0|0,0|0,0|0,0|0,0|0,0|0,0|0,0|0,0|0,0|0,0|0,0|0,0|0,0|0,0|0,0|0,0|0,0|0,0|0,0|0,0|0,0|0,0|0,0|0,0|0,0|0,0|0,0|0,0|0
22,29480385,.,T,C,.,PASS,AC=356;AN=5096;DP=21237;AF=0.07;EAS_AF=0;EUR_AF=0;AFR_AF=0.26;AMR_AF=0.01;SAS_AF=0;EX_TARGET;VT=SNP;NS=2548,GT,0|0,1|0,0|0,0|0,0|0,0|0,0|0,0|0,0|0,0|0,0|0,0|0,0|0,0|0,1|0,0|0,0|0,0|0,0|1,0|0,0|0,0|0,0|0,0|0,0|0,0|0,0|0,0|0,0|0,0|0,0|0,0|0,0|0,0|0,0|0,0|0,0|0,0|0,0|0,0|0,0|0,0|0,0|0,0|0,0|0,1|0,0|0,0|0,0|0,0|0,0|0,0|0,0|0,0|0,0|0,0|0,0|0,0|0,0|0,0|0,0|0,0|0,0|0,0|0,0|0,0|0,0|0,0|0,0|0,0|0,0|0,0|0,0|0,0|0,0|0,0|0,0|0,0|0,0|0,0|0,1|0,0|0,0|0,0|0,0|0,0|0,0|0,0|0,1|0,0|0,0|0,1|0,0|0,0|0,0|0,0|0,0|0,0|0,0|0,0|0,0|0,0|0,0|0,0|0
22,29480559,.,G,A,.,PASS,AC=356;AN=5096;DP=24597;AF=0.07;EAS_AF=0;EUR_AF=0;AFR_AF=0.26;AMR_AF=0.01;SAS_AF=0;EX_TARGET;VT=SNP;NS=2548,GT,0|0,1|0,0|0,0|0,0|0,0|0,0|0,0|0,0|0,0|0,0|0,0|0,0|0,0|0,1|0,0|0,0|0,0|0,0|1,0|0,0|0,0|0,0|0,0|0,0|0,0|0,0|0,0|0,0|0,0|0,0|0,0|0,0|0,0|0,0|0,0|0,0|0,0|0,0|0,0|0,0|0,0|0,0|0,0|0,0|0,1|0,0|0,0|0,0|0,0|0,0|0,0|0,0|0,0|0,0|0,0|0,0|0,0|0,0|0,0|0,0|0,0|0,0|0,0|0,0|0,0|0,0|0,0|0,0|0,0|0,0|0,0|0,0|0,0|0,0|0,0|0,0|0,0|0,0|0,0|0,1|0,0|0,0|0,0|0,0|0,0|0,0|0,0|0,1|0,0|0,0|0,1|0,0|0,0|0,0|0,0|0,0|0,0|0,0|0,0|0,0|0,0|0,0|0,0|0
22,29480817,.,A,C,.,PASS,AC=357;AN=5096;DP=12596;AF=0.07;EAS_AF=0;EUR_AF=0;AFR_AF=0.26;AMR_AF=0.01;SAS_AF=0;EX_TARGET;VT=SNP;NS=2548,GT,0|0,1|0,0|0,0|0,0|0,0|0,0|0,0|0,0|0,0|0,0|0,0|0,0|0,0|0,1|0,0|0,0|0,0|0,0|1,0|0,0|0,0|0,0|0,0|0,0|0,0|0,0|0,0|0,0|0,0|0,0|0,0|0,0|0,0|0,0|0,0|0,0|0,0|0,0|0,0|0,0|0,0|0,0|0,0|0,0|0,1|0,0|0,0|0,0|0,0|0,0|0,0|0,0|0,0|0,0|0,0|0,0|0,0|0,0|0,0|0,0|0,0|0,0|0,0|0,0|0,0|0,0|0,0|0,0|0,0|0,0|0,0|0,0|0,0|0,0|0,0|0,0|0,0|0,0|0,0|0,1|0,0|0,0|0,0|0,0|0,0|0,0|0,0|0,1|0,0|0,0|0,1|0,0|0,0|0,0|0,0|0,0|0,0|0,0|0,0|0,0|0,0|0,0|0,0|0
22,29481007,.,G,A,.,PASS,AC=56;AN=5096;DP=15668;AF=0.01;EAS_AF=0.01;EUR_AF=0;AFR_AF=0;AMR_AF=0.01;SAS_AF=0.04;EX_TARGET;VT=SNP;NS=2548,GT,0|0,0|0,0|0,0|0,0|0,0|0,0|0,0|0,0|0,0|0,0|0,0|0,0|0,0|0,0|0,0|0,0|0,0|0,0|0,0|0,0|0,0|0,0|0,0|0,0|0,0|0,0|0,0|0,0|0,0|0,0|0,0|0,0|0,0|0,0|0,0|0,0|0,0|0,0|0,0|0,0|0,0|0,0|0,0|0,0|0,0|0,0|0,0|0,0|0,0|0,0|0,0|0,0|0,0|0,0|0,0|0,0|0,0|0,0|0,0|0,0|0,0|0,0|0,0|0,0|0,0|0,0|0,0|0,0|0,0|0,0|0,0|0,1|0,0|0,0|0,0|0,0|0,0|0,0|0,0|0,0|0,0|0,0|0,0|0,0|0,0|0,0|0,0|0,0|0,0|0,0|0,0|0,0|0,0|0,0|0,0|0,0|0,0|0,0|0,0|0,0|0,0|0,0|0,0|0
22,29481021,.,G,T,.,PASS,AC=356;AN=5096;DP=15919;AF=0.07;EAS_AF=0;EUR_AF=0;AFR_AF=0.26;AMR_AF=0.01;SAS_AF=0;EX_TARGET;VT=SNP;NS=2548,GT,0|0,1|0,0|0,0|0,0|0,0|0,0|0,0|0,0|0,0|0,0|0,0|0,0|0,0|0,1|0,0|0,0|0,0|0,0|1,0|0,0|0,0|0,0|0,0|0,0|0,0|0,0|0,0|0,0|0,0|0,0|0,0|0,0|0,0|0,0|0,0|0,0|0,0|0,0|0,0|0,0|0,0|0,0|0,0|0,0|0,1|0,0|0,0|0,0|0,0|0,0|0,0|0,0|0,0|0,0|0,0|0,0|0,0|0,0|0,0|0,0|0,0|0,0|0,0|0,0|0,0|0,0|0,0|0,0|0,0|0,0|0,0|0,0|0,0|0,0|0,0|0,0|0,0|0,0|0,0|0,1|0,0|0,0|0,0|0,0|0,0|0,0|0,0|0,1|0,0|0,0|0,1|0,0|0,0|0,0|0,0|0,0|0,0|0,0|0,0|0,0|0,0|0,0|0,0|0
22,29481202,.,T,C,.,PASS,AC=356;AN=5096;DP=16365;AF=0.07;EAS_AF=0;EUR_AF=0;AFR_AF=0.26;AMR_AF=0.01;SAS_AF=0;VT=SNP;NS=2548,GT,0|0,1|0,0|0,0|0,0|0,0|0,0|0,0|0,0|0,0|0,0|0,0|0,0|0,0|0,1|0,0|0,0|0,0|0,0|1,0|0,0|0,0|0,0|0,0|0,0|0,0|0,0|0,0|0,0|0,0|0,0|0,0|0,0|0,0|0,0|0,0|0,0|0,0|0,0|0,0|0,0|0,0|0,0|0,0|0,0|0,1|0,0|0,0|0,0|0,0|0,0|0,0|0,0|0,0|0,0|0,0|0,0|0,0|0,0|0,0|0,0|0,0|0,0|0,0|0,0|0,0|0,0|0,0|0,0|0,0|0,0|0,0|0,0|0,0|0,0|0,0|0,0|0,0|0,0|0,0|0,1|0,0|0,0|0,0|0,0|0,0|0,0|0,0|0,1|0,0|0,0|0,1|0,0|0,0|0,0|0,0|0,0|0,0|0,0|0,0|0,0|0,0|0,0|0,0|0
22,29481378,.,G,A,.,PASS,AC=191;AN=5096;DP=18418;AF=0.04;EAS_AF=0;EUR_AF=0.11;AFR_AF=0;AMR_AF=0.06;SAS_AF=0.02;VT=SNP;NS=2548,GT,0|0,0|0,0|1,0|1,0|0,1|0,0|0,0|0,0|0,0|0,0|0,0|0,0|0,0|0,0|0,0|0,1|0,0|0,1|0,0|0,0|0,0|0,0|0,0|0,0|0,1|0,0|0,0|1,0|0,0|0,0|0,0|0,0|0,0|0,0|0,0|0,0|1,0|0,0|0,0|0,0|0,1|0,0|0,0|0,0|1,0|0,0|0,1|0,1|0,0|0,0|1,0|0,0|0,0|0,1|0,1|0,0|0,0|0,0|0,0|0,0|0,0|0,0|0,0|1,1|1,0|0,0|0,0|0,0|0,0|0,0|0,0|0,0|0,0|0,0|0,0|0,0|0,0|0,0|0,0|0,0|1,0|0,0|0,0|0,0|0,0|0,0|1,1|0,0|0,0|0,0|0,0|0,0|0,0|0,0|0,1|0,0|0,0|0,0|0,0|0,0|0,0|0,1|0,0|0
22,29481386,.,A,T,.,PASS,AC=10;AN=5096;DP=18169;AF=0;EAS_AF=0;EUR_AF=0.01;AFR_AF=0;AMR_AF=0;SAS_AF=0;VT=SNP;NS=2548,GT,0|0,0|0,0|0,0|0,0|0,0|0,0|0,0|0,0|0,0|0,0|0,0|0,0|0,0|0,0|0,0|0,0|0,0|0,0|0,0|1,0|1,0|0,0|0,0|0,0|0,0|0,0|0,0|0,0|0,0|0,0|0,0|0,0|0,0|0,0|0,0|0,0|0,0|0,0|0,0|0,0|0,0|0,0|0,0|0,0|0,0|0,0|0,0|0,0|0,0|0,0|0,0|0,0|0,0|0,0|0,0|0,0|0,0|0,0|0,0|0,0|0,0|0,0|0,0|0,0|0,0|0,0|0,0|0,0|0,0|0,0|0,0|0,0|0,0|0,0|0,0|0,0|0,0|0,0|0,0|0,0|0,0|0,0|0,0|0,0|0,0|0,0|0,0|0,0|0,0|0,0|0,0|0,0|0,0|0,0|0,0|0,0|0,0|0,0|0,0|0,0|0,0|0,0|0,0|0
22,29481428,.,C,T,.,PASS,AC=462;AN=5096;DP=18141;AF=0.09;EAS_AF=0.05;EUR_AF=0.15;AFR_AF=0.02;AMR_AF=0.12;SAS_AF=0.15;VT=SNP;NS=2548,GT,1|0,0|0,0|0,0|0,0|0,0|0,0|0,0|0,0|0,0|0,0|1,1|1,0|1,1|0,0|0,0|0,0|0,0|0,0|0,0|0,0|0,0|1,1|0,0|0,1|0,0|0,0|0,0|0,0|0,0|1,0|1,0|0,1|0,0|0,0|0,0|0,0|0,0|0,0|1,1|1,0|0,0|0,0|0,1|0,0|0,0|0,0|0,0|0,0|0,0|0,0|0,0|0,0|0,0|0,0|0,0|0,0|0,0|0,0|0,1|1,1|0,0|0,0|0,0|0,0|0,1|0,0|0,0|0,0|0,0|0,0|0,0|0,0|0,0|0,1|0,0|1,0|0,0|1,0|0,0|0,0|0,0|0,0|0,1|0,0|0,0|0,0|0,0|0,0|0,0|0,0|0,0|0,1|0,0|0,0|0,0|0,1|0,0|1,0|0,0|0,0|0,0|0,0|1,0|0
22,29481452,.,C,G,.,PASS,AC=41;AN=5096;DP=18661;AF=0.01;EAS_AF=0;EUR_AF=0;AFR_AF=0.03;AMR_AF=0.01;SAS_AF=0;VT=SNP;NS=2548,GT,0|0,0|0,0|0,0|0,0|0,0|0,0|0,0|0,0|0,0|0,0|0,0|0,0|0,0|0,0|0,0|0,0|0,0|0,0|0,0|0,0|0,0|0,0|0,0|0,0|0,0|0,0|0,0|0,0|0,0|0,0|0,0|0,0|0,0|0,0|0,0|0,0|0,0|0,0|0,0|0,0|0,0|0,0|0,0|0,0|0,0|0,0|0,0|0,0|0,0|0,0|0,0|0,0|0,0|0,0|0,0|0,0|0,0|0,0|1,0|0,0|0,0|0,0|0,0|0,0|0,0|0,0|0,0|0,0|0,0|0,0|0,0|0,0|0,0|0,0|0,0|0,0|0,0|0,0|0,1|0,0|0,0|0,0|0,0|0,0|0,0|0,0|0,0|0,0|0,0|0,0|0,0|0,0|0,0|0,0|0,0|0,0|0,0|0,0|0,0|0,0|0,0|0,0|0,0|0
22,29481556,.,A,G,.,PASS,AC=244;AN=5096;DP=19785;AF=0.05;EAS_AF=0;EUR_AF=0;AFR_AF=0.18;AMR_AF=0.01;SAS_AF=0;VT=SNP;NS=2548,GT,0|0,1|0,0|0,0|0,0|0,0|0,0|0,0|0,0|0,0|0,0|0,0|0,0|0,0|0,1|0,0|0,0|0,0|0,0|1,0|0,0|0,0|0,0|0,0|0,0|0,0|0,0|0,0|0,0|0,0|0,0|0,0|0,0|0,0|0,0|0,0|0,0|0,0|0,0|0,0|0,0|0,0|0,0|0,0|0,0|0,1|0,0|0,0|0,0|0,0|0,0|0,0|0,0|0,0|0,0|0,0|0,0|0,0|0,0|0,0|0,0|0,0|0,0|0,0|0,0|0,0|0,0|0,0|0,0|0,0|0,0|0,0|0,0|0,0|0,0|0,0|0,0|0,0|0,0|0,0|0,1|0,0|0,0|0,0|0,0|0,0|0,0|0,0|0,0|0,0|0,0|0,0|0,0|0,0|0,0|0,0|0,0|0,0|0,0|0,0|0,0|0,0|0,0|0,0|0
22,29481568,.,C,T,.,PASS,AC=464;AN=5096;DP=20034;AF=0.09;EAS_AF=0.05;EUR_AF=0.15;AFR_AF=0.02;AMR_AF=0.12;SAS_AF=0.15;VT=SNP;NS=2548,GT,1|0,0|0,0|0,0|0,0|0,0|0,0|0,0|0,0|0,0|0,0|1,1|1,0|1,1|0,0|0,0|0,0|0,0|0,0|0,0|0,0|0,0|1,1|0,0|0,1|0,0|0,0|0,0|0,0|0,0|1,0|1,0|0,1|0,0|0,0|0,0|0,0|0,0|0,0|1,1|1,0|0,0|0,0|0,1|0,0|0,0|0,0|0,0|0,0|0,0|0,0|0,0|0,0|0,0|0,0|0,0|0,0|0,0|0,0|0,1|1,1|0,0|0,0|0,0|0,0|0,1|0,0|0,0|0,0|0,0|0,0|0,0|0,0|0,0|0,1|0,0|1,0|0,0|1,0|0,0|0,0|0,0|0,0|0,1|0,0|0,0|0,0|0,0|0,0|0,0|0,0|0,0|0,1|0,0|0,0|0,0|0,1|0,0|1,0|0,0|0,0|0,0|0,0|1,0|0
22,29481576,.,A,G,.,PASS,AC=4415;AN=5096;DP=19564;AF=0.87;EAS_AF=0.62;EUR_AF=0.91;AFR_AF=0.97;AMR_AF=0.88;SAS_AF=0.93;VT=SNP;NS=2548,GT,1|1,1|1,1|1,1|1,1|1,1|1,1|1,0|1,1|1,1|1,1|1,1|1,1|1,1|1,1|1,1|1,1|1,1|1,1|1,1|1,1|1,1|1,1|1,1|1,1|1,1|1,1|0,1|1,1|1,1|1,1|1,1|0,1|1,1|1,0|1,1|1,1|1,1|1,0|1,1|1,0|1,1|1,1|1,1|1,1|1,1|1,0|1,1|0,1|1,1|1,1|1,1|0,1|0,1|1,1|1,1|1,1|0,1|1,1|1,1|1,1|1,1|0,1|1,1|1,1|1,1|1,1|0,1|0,1|1,1|0,0|1,1|0,1|1,1|1,1|1,1|1,0|1,1|1,1|1,1|1,1|1,1|1,1|0,1|1,1|1,1|1,1|1,1|1,1|1,0|1,1|1,1|1,1|1,0|0,1|1,1|0,1|1,1|1,1|1,0|1,1|0,0|0,1|1,1|1
22,29481598,.,C,T,.,PASS,AC=11;AN=5096;DP=20329;AF=0;EAS_AF=0;EUR_AF=0;AFR_AF=0;AMR_AF=0;SAS_AF=0;VT=SNP;NS=2548,GT,0|0,0|0,0|0,0|0,0|0,0|0,0|0,0|0,0|0,0|0,0|0,0|0,0|0,0|0,0|0,0|0,0|0,0|0,0|0,0|0,0|0,0|0,0|0,0|0,0|0,0|0,0|0,0|0,0|0,0|0,0|0,0|0,0|0,0|0,0|0,0|0,0|0,0|0,0|0,0|0,0|0,0|0,0|0,0|0,0|0,0|0,0|0,0|0,0|0,0|0,0|0,0|0,0|0,0|0,0|1,0|0,0|0,1|0,0|0,0|0,0|0,0|0,0|0,0|0,0|0,0|0,0|0,0|0,0|0,0|0,0|0,0|0,0|0,0|0,0|0,0|0,0|0,0|0,0|0,0|0,0|0,0|0,0|0,0|0,0|0,0|1,0|0,0|0,0|0,0|0,0|0,0|0,0|0,0|0,0|0,0|0,0|0,0|0,0|0,0|0,0|0,0|0,0|0,0|0
22,29481635,.,C,T,.,PASS,AC=32;AN=5096;DP=21357;AF=0.01;EAS_AF=0;EUR_AF=0;AFR_AF=0.02;AMR_AF=0;SAS_AF=0;VT=SNP;NS=2548,GT,0|0,0|0,0|0,0|0,0|0,0|0,0|0,0|0,0|0,0|0,0|0,0|0,0|0,0|0,0|0,0|0,0|0,0|0,0|0,0|0,0|0,0|0,0|0,0|0,0|0,0|0,0|0,0|0,0|0,0|0,0|0,0|0,0|0,0|0,0|0,0|0,0|0,0|0,0|0,0|0,0|0,0|0,0|0,0|0,0|0,0|0,0|0,0|0,0|0,0|0,0|0,0|0,0|0,0|0,0|0,0|0,0|0,0|0,0|1,0|0,0|0,0|0,0|0,0|0,0|0,0|0,0|0,0|0,0|0,0|0,0|0,0|0,0|0,0|0,0|0,0|0,0|0,0|0,0|0,1|0,0|0,0|0,0|0,0|0,0|0,0|0,0|0,0|0,0|0,0|0,0|0,0|0,0|0,0|0,0|0,0|0,0|0,0|0,0|0,0|0,0|0,0|0,0|0,0|0
22,29481636,.,A,G,.,PASS,AC=462;AN=5096;DP=21374;AF=0.09;EAS_AF=0.05;EUR_AF=0.15;AFR_AF=0.02;AMR_AF=0.12;SAS_AF=0.15;VT=SNP;NS=2548,GT,1|0,0|0,0|0,0|0,0|0,0|0,0|0,0|0,0|0,0|0,0|1,1|1,0|1,1|0,0|0,0|0,0|0,0|0,0|0,0|0,0|0,0|1,1|0,0|0,1|0,0|0,0|0,0|0,0|0,0|1,0|1,0|0,1|0,0|0,0|0,0|0,0|0,0|0,0|1,1|1,0|0,0|0,0|0,1|0,0|0,0|0,0|0,0|0,0|0,0|0,0|0,0|0,0|0,0|0,0|0,0|0,0|0,0|0,0|0,1|1,1|0,0|0,0|0,0|0,0|0,1|0,0|0,0|0,0|0,0|0,0|0,0|0,0|0,0|0,1|0,0|1,0|0,0|1,0|0,0|0,0|0,0|0,0|0,1|0,0|0,0|0,0|0,0|0,0|0,0|0,0|0,0|0,1|0,0|0,0|0,0|0,1|0,0|1,0|0,0|0,0|0,0|0,0|1,0|0
22,29481668,.,G,C,.,PASS,AC=79;AN=5096;DP=22170;AF=0.02;EAS_AF=0;EUR_AF=0;AFR_AF=0.06;AMR_AF=0;SAS_AF=0;VT=SNP;NS=2548,GT,0|0,0|0,0|0,0|0,0|0,0|0,0|0,0|0,0|0,0|0,0|0,0|0,0|0,0|0,0|0,0|0,0|0,0|0,0|0,0|0,0|0,0|0,0|0,0|0,0|0,0|0,0|0,0|0,0|0,0|0,0|0,0|0,0|0,0|0,0|0,0|0,0|0,0|0,0|0,0|0,0|0,0|0,1|0,0|0,0|0,0|0,0|0,0|0,0|0,0|0,0|0,0|0,0|0,0|0,0|0,0|0,0|0,0|0,0|0,0|0,0|0,0|0,0|0,0|0,0|0,0|0,0|0,0|0,0|0,0|0,0|0,0|0,0|0,0|0,0|0,0|0,0|0,0|0,0|0,0|0,0|0,0|0,0|0,0|0,0|0,0|0,0|0,0|0,0|0,0|0,0|0,0|0,0|0,0|0,0|0,0|0,0|0,0|0,0|0,0|1,0|0,0|0,0|0,0|0
22,29481871,.,G,T,.,PASS,AC=42;AN=5096;DP=22746;AF=0.01;EAS_AF=0;EUR_AF=0;AFR_AF=0.03;AMR_AF=0;SAS_AF=0;VT=SNP;NS=2548,GT,0|0,0|0,0|0,0|0,0|0,0|0,0|0,0|0,0|0,0|0,0|0,0|0,0|0,0|0,0|0,0|0,0|0,0|0,0|0,0|0,0|0,0|0,0|0,0|0,0|0,0|0,0|0,0|0,0|0,0|0,0|0,0|0,0|0,0|0,0|0,0|0,0|0,0|0,0|0,0|0,0|0,0|0,0|0,0|0,0|0,0|0,0|0,0|0,0|0,0|0,0|0,0|0,0|0,0|0,0|0,0|0,0|0,0|0,0|0,0|0,0|0,0|0,0|0,0|0,0|0,0|0,0|0,0|0,0|0,0|0,0|0,0|0,0|0,0|0,0|0,0|0,0|0,0|0,0|0,0|0,0|0,0|0,0|0,0|0,0|0,0|0,0|0,0|0,0|0,0|0,0|0,1|0,0|0,0|0,0|0,0|0,0|0,0|0,0|0,0|0,0|0,0|0,0|0,0|0
22,29482212,.,C,T,.,PASS,AC=27;AN=5096;DP=22605;AF=0.01;EAS_AF=0;EUR_AF=0;AFR_AF=0.02;AMR_AF=0;SAS_AF=0;VT=SNP;NS=2548,GT,0|0,0|0,0|0,0|0,0|0,0|0,0|0,0|0,0|0,0|0,0|0,0|0,0|0,0|0,0|0,0|0,0|0,0|0,0|0,0|0,0|0,0|0,0|0,0|0,0|0,0|0,0|0,0|0,0|0,0|0,0|0,0|0,0|0,0|0,0|0,0|0,0|0,0|0,0|0,0|0,0|0,0|0,0|0,0|0,0|0,0|0,0|0,0|0,0|0,0|0,0|0,0|0,0|0,0|0,0|0,0|0,0|0,0|0,0|0,0|0,0|0,0|0,0|0,0|0,0|0,0|0,0|0,0|0,0|0,0|0,0|0,0|0,0|0,0|0,0|0,0|0,0|0,0|0,0|0,0|0,1|0,0|0,0|0,0|0,0|0,0|0,0|0,0|0,0|0,0|0,0|0,0|0,0|0,0|0,0|0,0|0,0|0,0|0,0|0,0|0,0|0,0|0,0|0,0|0
22,29482456,.,C,CG,.,PASS,AC=125;AN=5096;DP=23053;AF=0.02;EAS_AF=0;EUR_AF=0;AFR_AF=0.09;AMR_AF=0;SAS_AF=0;VT=INDEL;NS=2548,GT,0|0,0|0,0|0,0|0,0|0,0|0,0|0,0|0,0|0,0|0,0|0,0|0,0|0,0|0,0|0,0|0,0|0,0|0,0|0,0|0,0|0,0|0,0|0,0|0,0|0,0|0,0|0,0|0,0|0,0|0,0|0,0|0,0|0,0|0,0|0,0|0,0|0,0|0,0|0,0|0,0|0,0|0,0|0,0|0,0|0,0|0,0|0,0|0,0|0,0|0,0|0,0|0,0|0,0|0,0|0,0|0,0|0,0|0,0|0,0|0,0|0,0|0,0|0,0|0,0|0,0|0,0|0,0|0,0|0,0|0,0|0,0|0,0|0,0|0,0|0,0|0,0|0,0|0,0|0,0|0,0|0,0|0,0|0,0|0,0|0,0|0,0|0,0|0,1|0,0|0,0|0,1|0,0|0,0|0,0|0,0|0,0|0,0|0,0|0,0|0,0|0,0|0,0|0,0|0
22,29482459,.,G,GA,.,PASS,AC=69;AN=5096;DP=23194;AF=0.01;EAS_AF=0;EUR_AF=0;AFR_AF=0.05;AMR_AF=0;SAS_AF=0;VT=INDEL;NS=2548,GT,0|0,0|0,0|0,0|0,0|0,0|0,0|0,0|0,0|0,0|0,0|0,0|0,0|0,0|0,0|0,0|0,0|0,0|0,0|0,0|0,0|0,0|0,0|0,0|0,0|0,0|0,0|0,0|0,0|0,0|0,0|0,0|0,0|0,0|0,0|0,0|0,0|0,0|0,0|0,0|0,0|0,0|0,0|0,0|0,0|0,0|0,0|0,0|0,0|0,0|0,0|0,0|0,0|0,0|0,0|0,0|0,0|0,0|0,0|0,0|0,0|0,0|0,0|0,0|0,0|0,0|0,0|0,0|0,0|0,0|0,0|0,0|0,0|0,0|0,0|0,0|0,0|0,0|0,0|0,0|0,0|0,0|0,0|0,0|0,0|0,0|0,0|0,0|0,1|0,0|0,0|0,0|0,0|0,0|0,0|0,0|0,0|0,0|0,0|0,0|0,0|0,0|0,0|0,0|0
22,29482876,.,G,A,.,PASS,AC=125;AN=5096;DP=24519;AF=0.02;EAS_AF=0;EUR_AF=0;AFR_AF=0.09;AMR_AF=0;SAS_AF=0;VT=SNP;NS=2548,GT,0|0,0|0,0|0,0|0,0|0,0|0,0|0,0|0,0|0,0|0,0|0,0|0,0|0,0|0,0|0,0|0,0|0,0|0,0|0,0|0,0|0,0|0,0|0,0|0,0|0,0|0,0|0,0|0,0|0,0|0,0|0,0|0,0|0,0|0,0|0,0|0,0|0,0|0,0|0,0|0,0|0,0|0,0|0,0|0,0|0,0|0,0|0,0|0,0|0,0|0,0|0,0|0,0|0,0|0,0|0,0|0,0|0,0|0,0|0,0|0,0|0,0|0,0|0,0|0,0|0,0|0,0|0,0|0,0|0,0|0,0|0,0|0,0|0,0|0,0|0,0|0,0|0,0|0,0|0,0|0,0|0,0|0,0|0,0|0,0|0,0|0,0|0,0|0,1|0,0|0,0|0,1|0,0|0,0|0,0|0,0|0,0|0,0|0,0|0,0|0,0|0,0|0,0|0,0|0
22,29483258,.,G,A,.,PASS,AC=67;AN=5096;DP=81794;AF=0.01;EAS_AF=0;EUR_AF=0;AFR_AF=0.05;AMR_AF=0;SAS_AF=0;VT=SNP;NS=2548,GT,0|0,0|0,0|0,0|0,0|0,0|0,0|0,0|0,0|0,0|0,0|0,0|0,0|0,0|0,0|0,0|0,0|0,0|0,0|0,0|0,0|0,0|0,0|0,0|0,0|0,0|0,0|0,0|0,0|0,0|0,0|0,0|0,0|0,0|0,0|0,0|0,0|0,0|0,0|0,0|0,0|0,0|0,0|0,0|0,0|0,0|0,0|0,0|0,0|0,0|0,0|0,0|0,0|0,0|0,0|0,0|0,0|0,0|0,0|0,0|0,0|0,0|0,0|0,0|0,0|0,0|0,0|0,0|0,0|0,0|0,0|0,0|0,0|0,0|0,0|0,0|0,0|0,0|0,0|0,0|0,0|0,0|0,0|0,0|0,0|0,0|0,0|0,0|0,1|0,0|0,0|0,0|0,0|0,0|0,0|0,0|0,0|0,0|0,0|0,0|0,0|0,0|0,0|0,0|0
22,29483756,.,C,G,.,PASS,AC=416;AN=5096;DP=25283;AF=0.08;EAS_AF=0.17;EUR_AF=0.09;AFR_AF=0.03;AMR_AF=0.06;SAS_AF=0.07;VT=SNP;NS=2548,GT,0|0,0|0,0|0,0|0,0|0,0|0,0|0,0|0,0|1,0|0,0|0,0|0,0|0,0|0,0|0,0|0,0|0,0|0,0|0,0|0,0|0,0|0,0|0,0|0,0|0,0|0,0|0,0|0,0|0,0|0,0|0,0|0,0|0,1|0,0|0,0|0,0|0,0|0,0|0,0|0,0|0,0|0,0|0,0|0,0|0,0|0,0|0,0|0,0|0,0|0,0|0,0|0,0|0,0|0,0|0,0|0,0|0,0|0,0|0,0|0,0|0,0|0,0|0,0|0,0|0,0|0,0|0,0|0,0|0,0|0,0|0,0|0,0|0,1|0,0|0,0|0,0|0,0|0,0|0,0|0,0|0,0|0,0|0,0|0,0|0,0|0,0|0,0|0,0|0,0|0,0|0,0|0,0|0,0|0,0|0,0|0,0|0,0|0,0|0,0|0,0|0,0|0,0|0,0|0
22,29483765,.,C,T,.,PASS,AC=65;AN=5096;DP=23329;AF=0.01;EAS_AF=0;EUR_AF=0;AFR_AF=0.05;AMR_AF=0;SAS_AF=0;VT=SNP;NS=2548,GT,0|0,0|0,0|0,0|0,0|0,0|0,0|0,0|0,0|0,0|0,0|0,0|0,0|0,0|0,0|0,0|0,0|0,0|0,0|0,0|0,0|0,0|0,0|0,0|0,0|0,0|0,0|0,0|0,0|0,0|0,0|0,0|0,0|0,0|0,0|0,0|0,0|0,0|0,0|0,0|0,0|0,0|0,0|0,0|0,0|0,0|0,0|0,0|0,0|0,0|0,0|0,0|0,0|0,0|0,0|0,0|0,0|0,0|0,0|0,0|0,0|0,0|0,0|0,0|0,0|0,0|0,0|0,0|0,0|0,0|0,0|0,0|0,0|0,0|0,0|0,0|0,0|0,0|0,0|0,0|0,0|0,0|0,0|0,0|0,0|0,0|0,0|0,0|0,1|0,0|0,0|0,0|0,0|0,0|0,0|0,0|0,0|0,0|0,0|0,0|0,0|0,0|0,0|0,0|0
22,29483768,.,GA,G,.,PASS,AC=1990;AN=5096;DP=22320;AF=0.39;EAS_AF=0.34;EUR_AF=0.35;AFR_AF=0.46;AMR_AF=0.32;SAS_AF=0.44;VT=INDEL;NS=2548,GT,1|1,1|0,0|0,0|0,0|0,0|0,0|0,0|0,0|1,0|0,0|1,1|1,0|1,1|0,1|1,0|0,0|0,0|0,0|1,0|0,0|0,0|1,1|0,0|0,1|0,0|1,1|0,0|1,0|0,0|1,0|1,0|0,1|0,0|0,0|0,0|0,0|1,0|0,0|1,1|1,0|0,1|0,1|0,1|0,1|0,1|1,0|0,0|0,1|0,0|0,0|1,0|0,0|0,1|0,0|1,1|0,1|0,1|0,0|1,1|1,1|0,0|0,0|0,0|0,0|0,1|0,0|0,1|0,0|1,0|0,0|0,0|0,0|0,1|0,1|1,1|1,1|0,0|1,0|0,1|1,1|0,0|0,0|0,1|0,1|0,0|0,0|0,0|1,1|0,0|0,0|0,0|1,1|0,1|0,0|0,1|0,1|0,1|1,0|0,0|1,0|1,0|0,0|1,0|0
22,29483827,.,TTTTATTTA,T,.,PASS,AC=1782;AN=5096;DP=17104;AF=0.35;EAS_AF=0.42;EUR_AF=0.17;AFR_AF=0.41;AMR_AF=0.24;SAS_AF=0.47;VT=INDEL;NS=2548,GT,1|0,0|0,0|0,0|0,0|1,0|0,0|0,0|1,0|1,0|0,0|1,1|1,0|1,1|0,0|0,0|0,0|0,0|0,0|0,1|0,0|0,0|0,1|0,0|0,1|0,0|1,0|0,0|0,0|0,0|1,0|1,1|0,1|0,1|0,0|0,0|0,0|0,0|1,0|1,1|1,0|0,0|0,1|0,1|0,0|0,0|0,0|0,0|0,0|0,0|0,0|0,0|0,0|0,0|0,0|1,0|0,1|0,1|0,0|1,0|1,1|0,0|0,1|1,0|0,0|0,1|0,0|0,0|0,1|0,0|0,0|0,0|0,0|1,0|0,1|1,1|1,0|0,0|1,0|0,1|1,0|0,0|0,0|0,1|0,0|0,0|1,0|0,0|0,0|0,0|0,0|1,0|0,1|0,0|0,0|0,0|0,1|0,1|1,0|0,0|1,0|0,0|0,0|0,0|0
22,29483928,.,C,A,.,PASS,AC=154;AN=5096;DP=16784;AF=0.03;EAS_AF=0.03;EUR_AF=0.06;AFR_AF=0;AMR_AF=0.03;SAS_AF=0.04;VT=SNP;NS=2548,GT,0|0,0|0,0|0,0|0,0|0,0|0,0|0,0|0,0|0,0|0,0|0,0|0,0|0,0|0,0|0,0|0,0|0,0|0,0|0,0|1,0|1,1|0,0|0,1|0,0|0,0|0,0|0,0|0,0|0,0|0,0|0,0|0,0|0,0|0,0|0,0|0,0|0,0|0,0|0,0|0,0|0,0|0,0|0,0|0,1|0,0|0,0|0,0|0,0|0,0|0,0|0,0|0,0|0,0|0,0|0,0|0,0|0,0|1,0|0,0|0,0|1,0|0,0|0,0|0,0|0,0|0,0|0,0|0,0|0,0|0,0|0,0|0,0|0,0|0,0|0,0|0,0|0,0|0,0|0,0|0,0|0,0|0,0|0,0|0,1|0,0|0,0|0,0|0,0|0,0|0,1|0,0|0,0|0,0|0,0|0,0|0,0|0,0|0,0|0,0|0,0|0,0|0,0|0,0|0
22,29484060,.,G,A,.,PASS,AC=1026;AN=5096;DP=14481;AF=0.2;EAS_AF=0.1;EUR_AF=0.32;AFR_AF=0.07;AMR_AF=0.33;SAS_AF=0.27;VT=SNP;NS=2548,GT,0|1,0|1,1|0,1|0,1|0,0|0,1|1,0|0,0|0,0|0,0|0,0|0,0|0,0|1,0|1,1|0,0|0,1|0,0|0,0|0,1|0,0|0,0|0,0|1,0|0,0|0,1|0,0|0,1|1,1|0,1|0,0|0,0|1,0|1,0|0,0|0,1|0,0|0,0|0,0|0,0|1,0|1,0|1,0|1,0|0,0|1,0|1,0|0,0|0,0|1,1|0,1|0,0|0,1|1,0|0,0|0,0|0,0|0,1|0,0|0,0|0,1|0,0|0,1|0,0|0,0|1,0|0,1|0,0|1,1|0,0|0,1|0,0|0,0|1,0|0,0|0,0|1,0|0,1|1,0|0,0|0,1|0,1|0,0|1,0|0,1|0,1|0,0|0,0|1,0|1,0|1,0|1,0|1,0|0,1|1,0|0,0|0,0|0,0|0,0|0,0|0,0|0,0|0,1|0
22,29484205,.,G,A,.,PASS,AC=13;AN=5096;DP=21404;AF=0;EAS_AF=0;EUR_AF=0.01;AFR_AF=0;AMR_AF=0.01;SAS_AF=0;VT=SNP;NS=2548,GT,0|0,0|0,0|0,0|0,0|1,0|0,0|0,0|0,0|0,0|0,0|0,0|0,0|0,0|0,0|0,0|0,0|0,0|0,0|0,0|0,0|0,0|0,0|0,0|0,0|0,0|0,0|0,0|0,0|0,0|0,0|0,0|0,0|0,0|0,0|0,0|0,0|0,0|0,0|0,0|0,0|0,0|0,0|0,0|0,0|0,0|0,0|0,0|0,0|0,0|0,0|0,0|0,0|0,0|0,0|0,0|0,0|0,0|0,0|0,0|0,0|0,0|0,0|0,0|0,0|0,0|0,0|0,0|0,0|0,0|0,0|0,0|0,0|0,0|0,0|0,0|0,0|0,0|0,0|0,0|0,0|0,0|0,0|0,0|0,0|0,0|0,0|0,0|0,0|0,0|0,0|0,0|0,0|0,0|0,0|0,0|0,0|0,0|0,0|0,0|0,0|0,0|0,0|0,0|0
22,29484222,.,C,T,.,PASS,AC=42;AN=5096;DP=22300;AF=0.01;EAS_AF=0;EUR_AF=0;AFR_AF=0.03;AMR_AF=0;SAS_AF=0;VT=SNP;NS=2548,GT,0|0,0|0,0|0,0|0,0|0,0|0,0|0,0|0,0|0,0|0,0|0,0|0,0|0,0|0,0|0,0|0,0|0,0|0,0|0,0|0,0|0,0|0,0|0,0|0,0|0,0|0,0|0,0|0,0|0,0|0,0|0,0|0,0|0,0|0,0|0,0|0,0|0,0|0,0|0,0|0,0|0,0|0,0|0,0|0,0|0,0|0,0|0,0|0,0|0,0|0,0|0,0|0,0|0,0|0,0|0,0|0,0|0,0|0,0|0,0|0,0|0,0|0,0|0,0|0,0|0,0|0,0|0,0|0,0|0,0|0,0|0,0|0,0|0,0|0,0|0,0|0,0|0,0|0,0|0,0|0,0|0,0|0,0|0,0|0,0|0,0|0,0|0,0|0,0|0,0|0,0|0,1|0,0|0,0|0,0|0,0|0,0|0,0|0,0|0,0|0,0|0,0|0,0|0,0|0
22,29484272,.,G,A,.,PASS,AC=271;AN=5096;DP=22997;AF=0.05;EAS_AF=0.01;EUR_AF=0.04;AFR_AF=0.11;AMR_AF=0.04;SAS_AF=0.05;VT=SNP;NS=2548,GT,0|0,0|0,0|0,0|0,0|1,0|0,0|0,0|1,0|0,0|0,0|0,0|0,0|0,0|0,0|0,0|0,0|0,0|0,0|0,1|0,0|0,0|0,0|0,0|0,0|0,0|0,0|0,0|0,0|0,0|0,0|0,1|0,0|0,0|0,0|0,0|0,0|0,0|1,0|0,0|0,0|0,0|0,0|0,0|0,0|0,0|0,0|0,0|0,0|0,0|0,0|0,0|0,0|0,0|0,0|1,0|0,0|0,1|0,0|0,0|0,0|0,0|0,0|1,0|0,0|0,0|0,0|0,0|0,1|0,0|0,0|0,0|0,0|1,0|0,0|0,0|0,0|0,0|0,0|0,0|0,0|0,0|0,0|0,0|0,0|0,0|1,0|0,0|0,0|0,0|0,0|0,0|0,0|0,0|0,0|0,0|0,0|0,0|0,0|0,0|0,0|0,0|0,0|0,0|0
22,29484288,.,A,G,.,PASS,AC=20;AN=5096;DP=22490;AF=0;EAS_AF=0;EUR_AF=0.01;AFR_AF=0;AMR_AF=0.01;SAS_AF=0;VT=SNP;NS=2548,GT,0|0,0|0,0|0,0|0,0|0,0|0,0|0,0|0,0|0,0|0,0|0,0|0,0|0,0|0,0|0,0|0,0|0,0|0,0|0,0|0,0|0,0|0,0|0,0|0,0|0,0|0,0|0,0|0,0|0,0|0,0|0,0|0,0|0,0|0,0|0,0|0,0|0,0|0,1|0,0|0,0|0,0|0,0|0,0|0,0|0,0|0,0|0,0|0,0|0,0|0,0|0,0|0,0|0,0|0,0|0,0|0,0|1,0|0,0|0,0|0,0|0,0|0,0|0,0|0,0|0,0|0,0|0,0|0,0|0,0|0,0|0,0|0,0|0,0|0,0|0,0|0,0|0,0|0,0|0,0|0,0|0,0|0,0|0,0|0,0|0,0|0,0|0,0|0,0|0,0|0,0|0,0|0,0|0,0|0,0|0,0|0,0|0,0|0,0|0,0|0,0|0,0|0,0|0,0|0
22,29484456,.,A,G,.,PASS,AC=1;AN=5096;DP=17515;AF=0;EAS_AF=0;EUR_AF=0;AFR_AF=0;AMR_AF=0;SAS_AF=0;VT=SNP;NS=2548,GT,0|0,0|0,0|0,0|0,0|0,0|0,0|0,0|0,0|0,0|0,0|0,0|0,0|0,0|0,0|0,0|0,0|0,0|0,0|0,0|0,0|0,0|0,0|0,0|0,0|0,0|0,0|0,0|0,0|0,0|0,0|0,0|0,0|0,0|0,0|0,0|0,0|0,0|0,0|0,0|0,0|0,0|0,0|0,0|0,0|0,0|0,0|0,0|0,0|0,0|0,0|0,0|0,0|0,0|0,0|0,0|0,0|0,0|0,0|0,0|0,0|0,0|0,0|0,0|0,0|0,0|0,0|0,0|0,0|0,0|0,0|0,0|0,0|0,0|0,0|0,0|0,0|0,0|0,0|0,0|0,0|0,0|0,0|0,0|0,0|0,0|0,0|0,0|0,0|0,0|0,0|0,0|0,0|0,0|0,0|0,0|0,0|0,0|0,0|0,0|0,1|0,0|0,0|0,0|0
22,29484513,.,G,A,.,PASS,AC=241;AN=5096;DP=18567;AF=0.05;EAS_AF=0.17;EUR_AF=0;AFR_AF=0;AMR_AF=0.03;SAS_AF=0.04;VT=SNP;NS=2548,GT,0|0,0|0,0|0,0|0,0|0,0|0,0|0,0|0,0|0,0|0,0|0,0|0,0|0,0|0,0|0,0|0,0|0,0|0,0|0,0|0,0|0,0|0,0|0,0|0,0|0,0|0,0|0,0|0,0|0,0|0,0|0,0|0,0|0,0|0,0|0,0|0,0|0,0|0,0|0,0|0,0|0,0|0,0|0,0|0,0|0,0|0,1|0,0|1,0|0,0|0,0|0,0|0,0|0,0|0,0|0,0|0,0|0,0|0,0|0,0|0,0|0,0|0,0|0,0|0,0|0,0|0,0|0,0|0,0|0,0|0,0|0,0|0,0|0,0|0,0|0,0|0,0|0,0|0,0|0,0|0,0|0,0|0,0|1,0|0,0|0,0|0,0|0,0|0,0|0,0|0,0|0,0|0,0|0,1|0,0|0,0|0,0|0,0|0,0|0,0|0,0|0,0|0,0|0,0|0
22,29484777,.,G,A,.,PASS,AC=41;AN=5096;DP=20743;AF=0.01;EAS_AF=0;EUR_AF=0;AFR_AF=0.03;AMR_AF=0;SAS_AF=0;VT=SNP;NS=2548,GT,0|0,0|0,0|0,0|0,0|0,0|0,0|0,0|0,0|0,0|0,0|0,0|0,0|0,0|0,0|0,0|0,0|0,0|0,0|0,0|0,0|0,0|0,0|0,0|0,0|0,0|0,0|0,0|0,0|0,0|0,0|0,0|0,0|0,0|0,0|0,0|0,0|0,0|0,0|0,0|0,0|0,0|0,0|0,0|0,0|0,0|0,0|0,0|0,0|0,0|0,0|0,0|0,0|0,0|0,0|0,0|0,0|0,0|0,0|0,0|0,0|0,0|0,0|0,0|0,0|0,0|0,0|0,0|0,0|0,0|0,0|0,0|0,0|0,0|0,0|0,0|0,0|0,0|0,0|0,0|0,0|0,0|0,0|0,0|0,0|0,0|0,0|0,0|0,1|0,0|0,0|0,0|0,0|0,0|0,0|0,0|0,0|0,0|0,0|0,0|0,0|0,0|0,0|0,0|0
22,29484784,.,A,G,.,PASS,AC=719;AN=5096;DP=19717;AF=0.14;EAS_AF=0.1;EUR_AF=0.21;AFR_AF=0.02;AMR_AF=0.22;SAS_AF=0.21;VT=SNP;NS=2548,GT,1|0,0|0,0|0,1|0,0|0,0|0,1|0,0|0,0|0,0|0,0|1,1|1,0|1,1|0,0|0,0|0,0|0,1|0,0|0,0|0,1|0,0|1,1|0,0|0,1|0,0|0,0|0,0|0,0|0,0|1,0|1,0|0,1|0,0|0,0|0,0|0,1|0,0|0,0|1,1|1,0|0,0|1,0|0,1|0,0|0,0|0,0|0,0|0,0|0,0|0,1|0,0|0,0|0,0|0,0|0,0|0,0|0,0|1,0|0,1|1,1|1,0|0,0|0,0|0,0|0,1|0,0|0,0|0,0|0,0|0,0|0,0|0,0|0,0|0,1|0,0|1,0|1,0|1,1|0,0|0,0|0,0|0,0|0,1|0,0|0,0|0,0|0,0|0,0|0,0|0,1|0,0|0,1|0,0|0,0|1,0|0,1|0,0|1,0|0,0|0,0|0,0|0,0|1,0|0
22,29484925,.,T,C,.,PASS,AC=3980;AN=5096;DP=22547;AF=0.78;EAS_AF=0.88;EUR_AF=0.64;AFR_AF=0.91;AMR_AF=0.64;SAS_AF=0.74;VT=SNP;NS=2548,GT,0|1,1|1,1|0,0|0,1|0,0|0,1|1,1|1,0|1,1|0,1|0,0|0,0|0,0|1,1|1,1|1,0|1,1|0,0|1,1|1,0|1,1|0,0|1,1|1,0|0,0|1,1|1,1|0,1|1,1|0,1|0,1|1,0|1,1|1,1|0,0|0,0|0,1|1,1|0,0|0,1|1,0|1,1|1,0|1,1|0,1|1,1|1,0|1,0|0,0|1,1|0,1|1,0|1,1|1,0|0,0|1,1|1,0|1,1|1,0|0,0|1,1|1,1|1,1|0,0|0,0|0,1|1,1|1,1|1,1|1,1|1,1|1,1|1,1|1,0|1,1|0,1|1,1|0,1|1,1|1,1|0,1|1,0|1,0|0,1|1,1|0,1|0,0|0,1|1,1|1,1|1,1|1,0|1,1|1,1|1,0|1,0|1,1|0,1|1,1|1,1|1,1|1,0|0,1|1
22,29485225,.,C,T,.,PASS,AC=3718;AN=5096;DP=23660;AF=0.73;EAS_AF=0.87;EUR_AF=0.63;AFR_AF=0.76;AMR_AF=0.64;SAS_AF=0.72;VT=SNP;NS=2548,GT,0|1,1|1,1|0,1|0,1|0,0|0,1|0,1|0,0|1,1|0,1|0,0|0,0|0,0|1,1|1,0|1,0|1,1|0,0|1,1|1,1|1,1|0,0|1,1|1,0|0,0|1,1|1,1|0,1|1,1|0,1|0,1|1,0|1,1|1,1|0,0|0,1|0,1|0,1|0,0|0,1|1,0|1,1|1,0|1,1|0,1|1,1|1,0|1,0|0,0|1,1|0,1|1,0|1,1|1,0|0,0|1,1|1,0|1,1|1,0|0,0|1,0|1,0|1,1|0,0|0,0|0,1|1,1|1,1|1,1|1,1|1,1|1,1|1,1|1,0|1,1|0,1|1,1|0,1|1,1|1,1|0,1|1,0|1,0|0,1|1,1|0,1|0,0|0,0|1,1|1,1|1,0|1,0|1,1|1,1|1,0|1,0|1,1|0,1|1,1|1,1|0,1|1,0|0,1|1
22,29485248,.,A,G,.,PASS,AC=42;AN=5096;DP=23220;AF=0.01;EAS_AF=0;EUR_AF=0.03;AFR_AF=0;AMR_AF=0.01;SAS_AF=0;VT=SNP;NS=2548,GT,0|0,0|0,0|0,0|0,0|0,0|0,0|0,0|0,0|0,0|0,0|0,0|0,0|0,0|0,0|0,0|0,0|0,0|0,0|0,0|0,0|0,0|0,0|0,0|0,0|0,0|0,0|0,0|0,0|0,0|0,0|0,0|0,0|0,0|0,0|0,0|0,0|0,0|0,0|0,0|0,0|0,0|0,0|0,0|0,1|0,0|0,0|0,0|0,0|0,0|0,0|0,0|0,0|0,0|0,0|0,0|0,0|0,0|0,0|0,0|0,0|0,0|0,0|0,0|0,0|0,0|0,0|0,0|0,0|0,0|0,0|0,0|0,0|0,0|0,0|0,0|0,0|0,0|0,0|0,0|0,0|0,0|0,0|0,0|0,1|0,0|0,0|0,0|0,0|0,0|0,0|0,0|0,0|0,0|0,0|0,0|0,0|0,0|0,0|0,0|0,0|0,0|0,0|0,0|1
22,29485455,.,C,A,.,PASS,AC=2;AN=5096;DP=30552;AF=0;EAS_AF=0;EUR_AF=0;AFR_AF=0;AMR_AF=0;SAS_AF=0;VT=SNP;NS=2548,GT,0|0,0|0,0|0,0|0,0|0,0|0,0|0,0|0,0|0,0|0,0|0,0|0,0|0,0|0,0|0,0|0,0|0,0|0,0|0,0|0,0|0,0|0,0|0,0|0,0|0,0|0,0|0,0|0,0|0,0|0,0|0,0|0,0|0,0|0,0|0,0|0,0|0,0|0,0|0,0|0,0|0,0|0,0|0,0|0,0|0,0|0,0|0,0|0,0|0,0|0,0|0,0|0,0|0,0|0,0|0,0|0,0|0,0|0,1|0,0|0,0|0,0|0,0|0,0|0,0|0,0|0,0|0,0|0,0|0,0|0,0|0,0|0,0|0,0|0,0|0,0|0,0|0,0|0,0|0,0|0,0|0,0|0,0|0,0|0,0|0,0|0,0|0,0|0,0|0,0|1,0|0,0|0,0|0,0|0,0|0,0|0,0|0,0|0,0|0,0|0,0|0,0|0,0|0,0|0
22,29485472,.,A,G,.,PASS,AC=16;AN=5096;DP=33018;AF=0;EAS_AF=0;EUR_AF=0.01;AFR_AF=0;AMR_AF=0;SAS_AF=0.01;VT=SNP;NS=2548,GT,0|0,0|0,0|0,0|0,0|0,0|0,0|0,0|0,0|0,0|0,0|0,0|0,0|0,0|0,0|0,0|0,0|0,1|0,0|0,0|0,0|0,0|0,0|0,0|0,0|0,0|0,0|0,0|0,0|0,0|0,0|0,0|0,0|0,0|0,0|0,0|0,0|0,0|0,0|0,0|0,0|0,0|0,0|0,0|0,0|0,0|0,0|0,0|0,0|0,0|0,0|0,0|0,0|0,0|0,0|0,0|0,0|0,0|0,0|0,0|0,0|0,0|0,0|0,0|0,0|0,0|0,0|0,0|0,0|0,0|0,0|0,0|0,0|0,0|0,0|0,0|0,0|0,0|0,0|0,0|0,0|0,0|0,0|0,0|0,0|0,0|0,0|0,0|0,0|0,0|0,0|0,0|0,0|0,0|0,0|0,0|0,0|0,0|0,0|0,0|0,0|0,0|0,0|0,0|0
22,29485479,.,G,A,.,PASS,AC=1713;AN=5096;DP=33833;AF=0.34;EAS_AF=0.41;EUR_AF=0.3;AFR_AF=0.42;AMR_AF=0.24;SAS_AF=0.26;VT=SNP;NS=2548,GT,0|0,0|0,0|0,0|0,0|0,0|0,0|0,1|0,0|1,1|0,1|0,0|0,0|0,0|0,0|0,0|1,0|1,1|0,0|0,1|1,0|1,1|0,0|0,1|0,0|0,0|1,0|1,1|0,0|0,1|0,0|0,1|1,0|0,1|0,1|0,0|0,0|0,0|0,1|0,0|0,1|0,0|0,1|0,0|0,1|0,0|0,0|0,0|0,0|0,0|0,0|0,0|1,0|1,0|0,0|0,0|1,0|1,0|1,0|0,0|0,0|1,0|1,0|1,0|0,0|0,0|0,0|1,0|1,0|0,1|1,1|0,0|1,0|1,1|0,0|1,1|0,0|0,1|0,0|0,0|0,0|0,0|0,0|0,0|0,1|0,1|0,0|0,0|0,0|0,1|0,1|0,0|0,0|0,0|1,0|0,0|1,0|1,1|0,1|0,1|1,1|0,1|1,0|0,0|1
22,29485548,.,C,T,.,PASS,AC=73;AN=5096;DP=43440;AF=0.01;EAS_AF=0;EUR_AF=0;AFR_AF=0.05;AMR_AF=0.01;SAS_AF=0;VT=SNP;NS=2548,GT,0|0,1|0,0|0,0|0,0|0,0|0,0|0,0|0,0|0,0|0,0|0,0|0,0|0,0|0,0|0,0|0,0|0,0|0,0|1,0|0,0|0,0|0,0|0,0|0,0|0,0|0,0|0,0|0,0|0,0|0,0|0,0|0,0|0,0|0,0|0,0|0,0|0,0|0,0|0,0|0,0|0,0|0,0|0,0|0,0|0,1|0,0|0,0|0,0|0,0|0,0|0,0|0,0|0,0|0,0|0,0|0,0|0,0|0,0|0,0|0,0|0,0|0,0|0,0|0,0|0,0|0,0|0,0|0,0|0,0|0,0|0,0|0,0|0,0|0,0|0,0|0,0|0,0|0,0|0,0|0,1|0,0|0,0|0,0|0,0|0,0|0,0|0,0|0,0|0,0|0,0|0,0|0,0|0,0|0,0|0,0|0,0|0,0|0,0|0,0|0,0|0,0|0,0|0,0|0
22,29485656,.,G,A,.,PASS,AC=3;AN=5096;DP=85154;AF=0;EAS_AF=0;EUR_AF=0;AFR_AF=0;AMR_AF=0;SAS_AF=0;VT=SNP;NS=2548,GT,0|0,0|0,0|0,0|0,0|0,0|0,0|0,0|0,0|0,0|0,0|0,0|0,0|0,0|0,0|0,0|0,0|0,0|0,0|0,0|0,0|0,0|0,0|0,0|0,0|0,0|0,0|0,0|0,0|0,0|0,0|0,0|0,0|0,0|0,0|0,0|0,0|0,0|0,0|0,0|0,0|0,0|0,0|0,0|0,0|0,0|0,0|0,0|0,0|0,0|0,0|0,0|0,0|0,0|0,0|0,0|0,0|0,0|0,0|0,0|0,0|0,0|0,0|0,0|0,0|0,0|0,0|0,0|0,0|0,0|0,0|0,0|0,0|0,0|0,0|0,0|0,0|0,0|0,0|0,0|0,0|0,0|0,0|0,0|0,0|0,0|0,0|0,0|0,0|0,0|0,0|0,0|0,0|0,0|0,0|0,0|0,0|0,0|0,0|0,0|0,0|0,0|0,0|1,0|0
22,29485839,.,C,T,.,PASS,AC=505;AN=5096;DP=255872;AF=0.1;EAS_AF=0.05;EUR_AF=0.14;AFR_AF=0.04;AMR_AF=0.12;SAS_AF=0.17;EX_TARGET;VT=SNP;NS=2548,GT,1|0,0|0,0|0,0|0,0|0,0|0,0|0,0|0,0|0,0|0,0|1,1|1,0|1,1|0,0|0,0|0,0|0,0|0,0|0,0|0,0|0,0|1,1|0,0|0,1|0,0|0,0|0,0|0,0|0,0|1,0|1,0|0,1|0,0|0,0|0,0|0,0|0,0|0,0|1,1|1,0|0,0|0,0|0,1|0,0|0,0|0,0|0,0|0,0|0,0|0,0|0,0|0,0|0,0|0,0|0,0|0,0|0,0|0,0|0,1|1,1|0,0|0,0|0,0|0,0|0,1|0,0|0,0|0,0|0,0|0,0|0,0|0,0|0,0|0,1|0,0|1,0|0,0|1,0|0,0|0,0|0,0|0,0|0,1|0,0|0,0|0,0|0,0|0,0|0,0|0,0|0,0|0,1|0,0|0,0|0,0|0,1|0,0|1,0|0,0|0,0|0,0|0,0|1,0|0
22,29485895,.,G,A,.,PASS,AC=5024;AN=5096;DP=162423;AF=0.99;EAS_AF=1;EUR_AF=0.96;AFR_AF=1;AMR_AF=0.97;SAS_AF=0.99;EX_TARGET;VT=SNP;NS=2548,GT,0|1,1|1,1|1,1|1,1|1,1|1,1|1,1|1,1|1,1|1,1|0,1|1,1|1,0|1,1|1,1|1,1|1,1|1,1|1,1|1,1|1,1|1,0|1,1|1,0|1,1|1,1|1,1|1,1|1,1|1,1|0,1|1,1|1,1|1,1|1,1|1,1|1,1|1,1|1,1|1,1|1,1|1,1|1,1|1,1|1,1|1,1|1,1|1,1|1,1|1,1|1,1|1,1|1,1|1,1|1,1|1,1|1,1|1,1|1,1|0,0|1,1|1,1|1,1|1,1|1,1|1,1|1,1|1,1|1,1|1,1|1,1|1,1|1,1|1,1|1,1|1,1|1,1|0,1|1,1|1,1|1,1|1,1|1,1|1,1|1,1|1,1|1,1|1,1|1,1|1,1|1,1|1,1|1,1|1,1|1,1|1,0|1,1|1,1|1,1|1,1|1,1|1,1|1,1|1
22,29485901,.,C,T,.,PASS,AC=98;AN=5096;DP=153604;AF=0.02;EAS_AF=0;EUR_AF=0;AFR_AF=0.07;AMR_AF=0;SAS_AF=0;EX_TARGET;VT=SNP;NS=2548,GT,0|0,0|0,0|0,0|0,0|0,0|0,0|0,0|0,0|0,0|0,0|0,0|0,0|0,0|0,0|0,0|0,0|0,0|0,0|0,0|0,0|0,0|0,0|0,0|0,0|0,0|1,0|0,0|0,0|0,0|0,0|0,0|0,0|0,0|0,0|0,0|0,0|0,0|0,0|0,0|0,0|0,0|0,0|0,0|0,0|0,0|0,0|0,0|0,0|0,0|0,0|0,0|0,0|0,0|0,0|0,0|0,0|0,0|0,0|0,0|0,0|0,0|0,0|0,0|0,0|0,0|0,0|0,0|0,0|0,0|0,0|0,0|0,0|0,0|0,0|0,0|0,0|0,0|0,0|0,0|0,0|0,0|0,0|0,0|0,0|0,0|0,0|0,0|0,0|0,0|0,0|0,0|0,0|0,0|0,0|0,0|0,0|0,0|0,0|0,0|0,0|0,0|0,0|0,0|0
22,29486122,.,G,A,.,PASS,AC=52;AN=5096;DP=24902;AF=0.01;EAS_AF=0;EUR_AF=0;AFR_AF=0.04;AMR_AF=0;SAS_AF=0;VT=SNP;NS=2548,GT,0|0,0|0,0|0,0|0,0|0,0|0,0|0,0|0,0|0,0|0,0|0,0|0,0|0,0|0,0|0,0|0,0|0,0|0,0|0,0|0,0|0,0|0,0|0,0|0,0|0,0|0,0|0,0|0,0|0,0|0,0|0,0|0,0|0,0|0,0|0,0|0,0|0,0|0,0|0,0|0,0|0,0|0,0|0,0|0,0|0,0|0,0|0,0|0,0|0,0|0,0|0,0|0,0|0,0|0,0|0,0|0,0|0,0|0,0|0,0|0,0|0,0|0,0|0,0|0,0|0,0|0,0|0,0|0,0|0,0|0,0|0,0|0,0|0,0|0,0|0,0|0,0|0,0|0,0|0,0|0,0|0,0|0,0|0,0|0,0|0,0|0,0|0,0|0,0|0,0|0,0|0,1|0,0|0,0|0,0|0,0|0,0|0,0|0,0|0,0|0,0|1,0|0,0|0,0|0
22,29486195,.,T,A,.,PASS,AC=45;AN=5096;DP=18155;AF=0.01;EAS_AF=0.01;EUR_AF=0.01;AFR_AF=0;AMR_AF=0.01;SAS_AF=0.02;VT=SNP;NS=2548,GT,0|0,0|0,0|0,0|0,0|0,0|0,0|0,0|0,0|0,0|0,0|0,0|0,0|0,0|0,0|0,0|0,0|0,0|0,0|0,0|0,0|0,0|0,0|0,0|0,0|0,0|0,0|0,0|0,0|0,0|0,0|0,0|0,0|0,0|0,0|0,0|0,0|0,0|0,0|0,0|0,0|0,0|0,0|0,0|0,0|0,0|0,0|0,0|0,0|0,0|0,0|0,0|0,0|0,0|0,0|0,0|0,0|0,0|0,0|0,0|0,0|0,0|0,0|0,0|0,0|0,0|0,0|0,0|0,0|0,0|0,0|0,0|0,1|0,0|0,0|0,0|0,0|0,0|0,0|0,0|0,0|0,0|0,0|0,0|0,0|0,0|0,0|0,0|0,0|0,0|0,0|0,0|0,0|0,0|0,0|0,0|0,0|0,0|0,0|0,0|0,0|0,0|0,0|0,0|0
22,29486197,.,T,TA,.,PASS,AC=67;AN=5096;DP=17979;AF=0.01;EAS_AF=0;EUR_AF=0;AFR_AF=0.05;AMR_AF=0;SAS_AF=0;VT=INDEL;NS=2548,GT,0|0,0|0,0|0,0|0,0|0,0|0,0|0,0|0,0|0,0|0,0|0,0|0,0|0,0|0,0|0,0|0,0|0,0|0,0|0,0|0,0|0,0|0,0|0,0|0,0|0,0|0,0|0,0|0,0|0,0|0,0|0,0|0,0|0,0|0,0|0,0|0,0|0,0|0,0|0,0|0,0|0,0|0,0|0,0|0,0|0,0|0,0|0,0|0,0|0,0|0,0|0,0|0,0|0,0|0,0|0,0|0,0|0,0|0,0|0,0|0,0|0,0|0,0|0,0|0,0|0,0|0,0|0,0|0,0|0,0|0,0|0,0|0,0|0,0|0,0|0,0|0,0|0,0|0,0|0,0|0,0|0,0|0,0|0,0|0,0|0,0|0,0|0,0|0,1|0,0|0,0|0,0|0,0|0,0|0,0|0,0|0,0|0,0|0,0|0,0|0,0|0,0|0,0|0,0|0
22,29486305,.,G,A,.,PASS,AC=52;AN=5096;DP=19001;AF=0.01;EAS_AF=0;EUR_AF=0;AFR_AF=0.04;AMR_AF=0;SAS_AF=0;VT=SNP;NS=2548,GT,0|0,0|0,0|0,0|0,0|0,0|0,0|0,0|0,0|0,0|0,0|0,0|0,0|0,0|0,0|0,0|0,0|0,0|0,0|0,0|0,0|0,0|0,0|0,0|0,0|0,0|0,0|0,0|0,0|0,0|0,0|0,0|0,0|0,0|0,0|0,0|0,0|0,0|0,0|0,0|0,0|0,0|0,0|0,0|0,0|0,0|0,0|0,0|0,0|0,0|0,0|0,0|0,0|0,0|0,0|0,0|0,0|0,0|0,0|0,0|0,0|0,0|0,0|0,0|0,0|0,0|0,0|0,0|0,0|0,0|0,0|0,0|0,0|0,0|0,0|0,0|0,0|0,0|0,0|0,0|0,0|0,0|0,0|0,0|0,0|0,0|0,0|0,0|0,0|0,0|0,0|0,1|0,0|0,0|0,0|0,0|0,0|0,0|0,0|0,0|0,0|1,0|0,0|0,0|0
22,29486335,.,A,G,.,PASS,AC=52;AN=5096;DP=18863;AF=0.01;EAS_AF=0;EUR_AF=0;AFR_AF=0.04;AMR_AF=0;SAS_AF=0;VT=SNP;NS=2548,GT,0|0,0|0,0|0,0|0,0|0,0|0,0|0,0|0,0|0,0|0,0|0,0|0,0|0,0|0,0|0,0|0,0|0,0|0,0|0,0|0,0|0,0|0,0|0,0|0,0|0,0|0,0|0,0|0,0|0,0|0,0|0,0|0,0|0,0|0,0|0,0|0,0|0,0|0,0|0,0|0,0|0,0|0,0|0,0|0,0|0,0|0,0|0,0|0,0|0,0|0,0|0,0|0,0|0,0|0,0|0,0|0,0|0,0|0,0|0,0|0,0|0,0|0,0|0,0|0,0|0,0|0,0|0,0|0,0|0,0|0,0|0,0|0,0|0,0|0,0|0,0|0,0|0,0|0,0|0,0|0,0|0,0|0,0|0,0|0,0|0,0|0,0|0,0|0,0|0,0|0,0|0,1|0,0|0,0|0,0|0,0|0,0|0,0|0,0|0,0|0,0|1,0|0,0|0,0|0
22,29486454,.,G,A,.,PASS,AC=5;AN=5096;DP=21684;AF=0;EAS_AF=0;EUR_AF=0;AFR_AF=0;AMR_AF=0.01;SAS_AF=0;VT=SNP;NS=2548,GT,0|0,0|0,0|0,0|0,1|0,0|0,0|0,0|0,0|0,0|0,0|0,0|0,0|0,0|0,0|0,0|0,0|0,0|0,0|0,0|0,0|0,0|0,0|0,0|0,0|0,0|0,0|0,0|0,0|0,0|0,0|0,0|0,0|0,0|0,0|0,0|0,0|0,0|0,0|0,0|0,0|0,0|0,0|0,0|0,0|0,0|0,0|0,0|0,0|0,0|1,0|0,0|0,0|0,0|0,0|0,0|0,0|0,0|0,0|0,0|0,0|0,0|0,0|0,0|0,0|0,0|0,0|0,0|0,0|0,0|0,0|0,0|0,0|0,0|0,0|0,0|0,0|0,0|0,0|1,0|0,0|0,0|0,0|0,0|0,0|0,0|0,1|0,0|0,0|0,0|0,0|0,0|0,0|0,0|0,1|0,0|0,0|0,0|0,0|0,0|0,0|0,0|0,0|0,0|0
22,29486701,.,T,G,.,PASS,AC=3;AN=5096;DP=18574;AF=0;EAS_AF=0;EUR_AF=0;AFR_AF=0;AMR_AF=0;SAS_AF=0;VT=SNP;NS=2548,GT,0|0,0|0,0|0,0|0,0|0,0|0,0|0,0|0,0|0,0|0,0|0,0|0,0|0,0|0,0|0,0|0,0|0,0|0,0|0,0|0,0|0,0|0,0|0,0|0,0|0,0|0,0|0,0|0,0|0,0|0,0|0,0|0,0|0,0|0,0|0,0|0,0|0,0|0,0|0,0|0,0|0,0|0,0|0,0|0,0|0,0|0,0|0,0|0,0|0,0|0,0|0,0|0,0|0,0|0,0|0,0|0,0|0,0|0,0|0,0|0,0|0,0|0,0|0,0|0,0|0,0|0,0|0,0|1,0|0,0|0,0|0,0|0,0|0,0|0,0|0,0|0,0|0,0|0,0|0,0|0,0|0,0|0,0|0,0|0,0|0,0|0,0|0,0|0,0|0,0|0,0|0,0|0,0|0,0|0,0|0,0|0,0|0,0|0,0|0,1|0,0|0,1|0,0|0,0|0
22,29486766,.,G,A,.,PASS,AC=146;AN=5096;DP=20638;AF=0.03;EAS_AF=0;EUR_AF=0;AFR_AF=0.11;AMR_AF=0;SAS_AF=0;VT=SNP;NS=2548,GT,0|0,0|0,0|0,0|0,0|0,0|0,0|0,0|0,0|0,0|0,0|0,0|0,0|0,0|0,1|0,0|0,0|0,0|0,0|0,0|0,0|0,0|0,0|0,0|0,0|0,0|0,0|0,0|0,0|0,0|0,0|0,0|0,0|0,0|0,0|0,0|0,0|0,0|0,0|0,0|0,0|0,0|0,0|0,0|0,0|0,0|0,0|0,0|0,0|0,0|0,0|0,0|0,0|0,0|0,0|0,0|0,0|0,0|0,0|0,0|0,0|0,0|0,0|0,0|0,0|0,0|0,0|0,0|0,0|0,0|0,0|0,0|0,0|0,0|0,0|0,0|0,0|0,0|0,0|0,0|0,0|0,0|0,0|0,0|0,0|0,0|0,0|0,0|0,0|0,0|0,0|0,0|0,0|0,0|0,0|0,0|0,0|0,0|0,0|0,0|0,0|0,0|0,0|0,0|0
22,29486984,.,C,T,.,PASS,AC=480;AN=5096;DP=22982;AF=0.09;EAS_AF=0.05;EUR_AF=0.14;AFR_AF=0.02;AMR_AF=0.12;SAS_AF=0.17;VT=SNP;NS=2548,GT,1|0,0|0,0|0,0|0,0|0,0|0,0|1,0|0,0|0,0|0,0|1,1|1,0|1,1|0,0|0,1|0,0|0,0|0,0|0,0|0,0|0,0|1,1|0,0|0,1|0,0|0,0|0,0|0,0|0,0|1,0|1,0|0,1|0,0|0,0|0,0|0,0|0,0|0,0|1,1|1,0|0,0|0,0|0,1|0,0|0,0|0,0|0,0|0,0|0,0|0,0|0,0|0,0|0,0|0,0|0,0|0,0|0,0|0,0|0,1|1,1|0,1|0,0|0,0|0,0|0,1|0,0|0,0|0,0|0,0|0,0|0,0|0,0|0,0|0,1|0,0|1,0|0,0|1,0|0,0|0,0|0,0|0,0|0,1|0,0|0,0|0,0|0,0|0,0|0,0|0,0|0,0|0,1|0,0|0,0|0,0|0,1|0,0|1,0|0,0|0,0|0,0|0,0|1,0|0
22,29487130,.,TAGTC,T,.,PASS,AC=657;AN=5096;DP=21475;AF=0.13;EAS_AF=0.05;EUR_AF=0.14;AFR_AF=0.15;AMR_AF=0.13;SAS_AF=0.17;VT=INDEL;NS=2548,GT,1|0,0|0,0|0,0|0,0|0,0|0,0|1,0|0,0|0,0|0,0|1,1|1,0|1,1|0,0|0,1|0,0|0,0|0,0|0,0|0,0|0,0|1,1|0,0|0,1|0,0|0,0|0,0|0,0|0,0|1,0|1,0|0,1|0,0|0,0|0,0|0,0|0,0|0,0|1,1|1,0|0,0|0,0|0,1|0,0|0,0|0,0|0,0|0,0|0,0|0,0|0,0|0,0|0,0|0,0|0,0|0,0|0,0|0,0|0,1|1,1|0,1|0,1|0,0|0,0|0,1|0,0|0,0|0,0|0,0|0,0|0,0|0,0|0,0|0,1|0,0|1,0|0,0|1,0|0,0|0,0|0,0|0,0|0,1|0,0|0,0|0,0|0,0|0,1|0,0|0,0|0,1|0,1|0,0|0,0|0,0|0,1|0,0|1,0|0,0|0,0|1,0|0,0|1,0|0
22,29487395,.,C,T,.,PASS,AC=4;AN=5096;DP=23748;AF=0;EAS_AF=0;EUR_AF=0;AFR_AF=0;AMR_AF=0;SAS_AF=0;VT=SNP;NS=2548,GT,0|0,0|0,0|0,0|0,0|0,0|0,0|0,0|0,0|0,0|0,0|0,0|0,0|0,0|0,0|0,0|0,0|0,0|0,0|0,0|0,0|0,0|0,0|0,0|0,0|0,0|0,0|1,0|0,0|0,0|0,0|0,0|0,0|0,0|0,0|0,0|0,0|0,0|0,0|0,0|0,0|0,0|0,0|0,0|0,0|0,0|0,0|0,0|0,0|0,0|0,0|0,0|0,0|0,0|0,0|0,0|0,0|0,0|0,0|0,0|0,0|0,0|0,0|0,0|0,0|0,0|0,0|1,0|0,0|0,0|0,0|0,0|0,0|0,0|0,0|0,0|0,0|0,0|0,0|0,0|0,0|0,0|0,0|0,0|0,0|0,0|0,0|0,0|0,0|0,0|0,0|0,0|0,0|0,0|0,0|0,0|0,0|0,0|0,0|0,0|0,0|0,0|0,0|0,0|0
22,29487670,.,G,A,.,PASS,AC=2;AN=5096;DP=22654;AF=0;EAS_AF=0;EUR_AF=0;AFR_AF=0;AMR_AF=0;SAS_AF=0;VT=SNP;NS=2548,GT,0|0,0|0,0|0,0|0,0|0,0|0,0|0,0|0,0|0,0|0,0|0,0|0,0|0,0|0,0|0,0|0,0|0,0|0,0|0,0|0,0|0,1|0,0|0,0|0,0|0,0|0,0|0,0|0,0|0,0|0,0|0,0|0,0|0,0|0,0|0,0|0,0|0,0|0,0|0,0|0,0|0,0|0,0|0,0|0,0|0,0|0,0|0,0|0,0|0,0|0,0|0,0|0,0|0,0|0,0|0,0|0,0|0,0|0,0|0,0|0,0|0,0|0,0|0,0|0,0|0,0|0,0|0,0|0,0|0,0|0,0|0,0|0,0|0,0|0,0|0,0|0,0|0,0|0,0|0,0|0,0|0,0|0,0|0,0|0,0|0,0|0,0|0,0|0,0|0,0|0,0|0,0|0,0|0,0|0,0|0,0|0,0|0,0|0,0|0,0|0,0|0,0|0,0|0,0|0
22,29487779,.,CACTT,C,.,PASS,AC=656;AN=5096;DP=23129;AF=0.13;EAS_AF=0.05;EUR_AF=0.14;AFR_AF=0.15;AMR_AF=0.13;SAS_AF=0.17;VT=INDEL;NS=2548,GT,1|0,0|0,0|0,0|0,0|0,0|0,0|1,0|0,0|0,0|0,0|1,1|1,0|1,1|0,0|0,1|0,0|0,0|0,0|0,0|0,0|0,0|1,1|0,0|0,1|0,0|0,0|0,0|0,0|0,0|1,0|1,0|0,1|0,0|0,0|0,0|0,0|0,0|0,0|1,1|1,0|0,0|0,0|0,1|0,0|0,0|0,0|0,0|0,0|0,0|0,0|0,0|0,0|0,0|0,0|0,0|0,0|0,0|0,0|0,1|1,1|0,1|0,1|0,0|0,0|0,1|0,0|0,0|0,0|0,0|0,0|0,0|0,0|0,0|0,1|0,0|1,0|0,0|1,0|0,0|0,0|0,0|0,0|0,1|0,0|0,0|0,0|0,0|0,1|0,0|0,0|0,1|0,1|0,0|0,0|0,0|0,1|0,0|1,0|0,0|0,0|1,0|0,0|1,0|0
22,29487903,.,G,T,.,PASS,AC=4318;AN=5096;DP=21985;AF=0.85;EAS_AF=0.93;EUR_AF=0.77;AFR_AF=0.86;AMR_AF=0.77;SAS_AF=0.89;VT=SNP;NS=2548,GT,1|1,0|1,1|0,1|0,1|0,0|0,1|1,1|0,0|1,1|0,1|1,1|1,0|1,1|1,1|1,1|1,0|1,1|0,0|0,1|1,1|1,1|1,1|1,1|1,1|0,0|1,1|1,1|0,1|1,1|1,1|1,1|1,1|1,1|1,1|0,0|0,1|0,1|0,1|1,1|1,1|1,0|1,1|1,1|1,1|1,0|1,1|1,0|1,0|0,0|1,1|0,1|1,0|1,1|1,0|0,0|1,1|1,0|1,1|1,1|1,1|1,1|1,1|1,1|0,0|0,1|0,1|1,1|1,1|1,1|1,1|1,1|1,1|1,1|1,1|1,1|1,1|1,1|1,1|1,1|1,0|0,1|1,0|1,1|0,1|1,1|0,1|0,0|0,1|1,1|1,1|1,1|1,1|1,1|1,1|1,0|1,1|1,1|1,1|1,1|1,1|1,1|1,0|1,1|1
22,29487969,.,A,C,.,PASS,AC=16;AN=5096;DP=21419;AF=0;EAS_AF=0;EUR_AF=0;AFR_AF=0.01;AMR_AF=0;SAS_AF=0;VT=SNP;NS=2548,GT,0|0,0|0,0|0,0|0,0|0,0|0,0|0,0|0,0|0,0|0,0|0,0|0,0|0,0|0,0|0,0|0,0|0,0|0,0|0,0|0,0|0,0|0,0|0,0|0,0|0,0|0,0|0,0|0,0|0,0|0,0|0,0|0,0|0,0|0,0|0,0|0,0|0,0|0,0|0,0|0,0|0,0|0,0|0,0|0,0|0,0|0,0|0,0|0,0|0,0|0,0|0,0|0,0|0,0|0,0|0,0|0,0|0,0|0,0|0,0|0,0|0,0|0,0|0,0|0,0|0,0|0,0|0,0|0,0|0,0|0,0|0,0|0,0|0,0|0,0|0,0|0,0|0,0|0,0|0,0|0,1|0,0|0,0|0,0|0,0|0,0|0,0|0,0|0,0|0,0|0,0|0,0|0,0|0,0|0,0|0,0|0,0|0,0|0,0|0,0|0,0|0,0|0,0|0,0|0
22,29488084,.,C,T,.,PASS,AC=9;AN=5096;DP=20828;AF=0;EAS_AF=0;EUR_AF=0;AFR_AF=0;AMR_AF=0;SAS_AF=0;VT=SNP;NS=2548,GT,0|0,0|0,0|0,0|0,0|0,0|0,0|0,0|0,0|0,0|0,0|0,0|0,0|0,0|0,0|0,0|0,0|0,0|0,0|0,0|0,0|0,0|0,0|0,0|0,0|0,0|0,0|0,0|0,0|0,0|0,0|0,0|0,0|0,0|0,0|0,0|0,0|0,0|0,0|0,0|0,0|0,0|0,0|0,0|0,0|0,0|0,0|0,0|0,0|0,0|0,0|0,0|0,0|0,0|0,0|0,0|0,0|0,0|0,0|0,0|0,0|0,0|0,0|0,0|0,0|0,0|0,0|0,0|0,0|0,0|0,0|0,0|0,0|0,0|0,1|0,0|0,0|0,0|0,0|0,0|0,0|0,0|0,0|0,0|0,0|0,0|0,0|0,0|0,0|0,0|0,0|0,0|0,0|0,0|0,0|0,0|0,0|0,0|0,0|0,0|0,0|0,0|0,0|0,0|0
22,29488224,.,C,T,.,PASS,AC=1;AN=5096;DP=18789;AF=0;EAS_AF=0;EUR_AF=0;AFR_AF=0;AMR_AF=0;SAS_AF=0;VT=SNP;NS=2548,GT,0|0,0|0,0|0,0|0,0|0,0|0,0|0,0|0,0|0,0|0,0|0,0|0,0|0,0|0,0|0,0|0,0|0,0|0,0|0,0|0,0|0,0|0,0|0,0|0,0|0,0|0,0|0,0|0,0|0,0|0,0|0,0|0,0|0,0|0,0|0,0|0,0|0,0|0,0|0,0|0,0|0,0|0,0|0,0|0,0|0,0|0,0|0,0|0,0|0,0|0,0|0,0|0,0|0,0|0,0|0,0|0,0|0,0|0,0|0,0|0,0|0,0|0,0|0,0|0,0|0,0|0,0|0,0|0,0|0,0|0,0|0,0|0,0|0,0|0,0|0,0|0,0|0,0|0,0|0,0|0,0|0,0|0,0|0,0|0,0|0,0|0,0|0,0|0,0|0,0|0,0|0,0|0,0|0,0|0,0|0,0|0,0|0,0|0,0|0,0|0,0|1,0|0,0|0,0|0
22,29488288,.,T,C,.,PASS,AC=4278;AN=5096;DP=19182;AF=0.84;EAS_AF=0.93;EUR_AF=0.77;AFR_AF=0.83;AMR_AF=0.76;SAS_AF=0.89;VT=SNP;NS=2548,GT,1|1,0|1,1|0,1|0,1|0,0|0,1|1,1|0,0|1,1|0,1|1,1|1,0|1,1|1,1|1,1|1,0|1,1|0,0|0,1|1,1|1,1|1,1|1,1|1,1|0,0|1,1|1,1|0,1|1,1|1,1|1,1|1,1|1,1|1,1|0,0|0,1|0,1|0,1|1,1|1,1|1,0|1,1|1,1|1,1|1,0|1,1|1,0|1,0|0,0|1,1|0,1|1,0|1,1|1,0|0,0|1,1|1,0|1,1|1,1|1,1|1,1|1,1|1,1|0,0|0,1|0,1|1,1|1,1|1,1|1,1|1,1|1,1|1,1|1,1|1,1|1,1|1,1|1,1|1,1|1,0|0,1|1,0|1,1|0,1|1,1|0,1|0,0|0,1|1,1|1,1|1,0|1,1|1,1|1,1|1,0|1,1|1,1|1,1|1,1|1,1|1,1|1,0|1,1|1
22,29488391,.,G,GA,.,PASS,AC=568;AN=5096;DP=20392;AF=0.11;EAS_AF=0.04;EUR_AF=0.27;AFR_AF=0.06;AMR_AF=0.14;SAS_AF=0.07;VT=INDEL;NS=2548,GT,0|0,0|0,0|0,0|0,0|0,0|0,0|0,1|0,0|1,1|0,0|0,0|0,0|0,0|0,0|0,0|0,0|1,1|0,0|0,0|0,0|1,1|0,0|0,1|0,0|0,0|0,0|1,0|0,0|0,1|0,0|0,0|1,0|0,0|0,1|0,0|0,0|0,0|0,1|0,0|0,1|0,0|0,0|0,0|0,1|0,0|0,0|0,0|0,0|0,0|0,0|0,0|1,0|1,0|0,0|0,0|0,0|1,0|1,0|0,0|0,0|1,0|1,0|0,0|0,0|0,0|0,0|1,0|1,0|0,0|1,1|0,0|1,0|0,1|0,0|0,0|0,0|0,1|0,0|0,0|0,0|0,0|0,0|0,0|0,1|0,1|0,0|0,0|0,0|0,1|0,1|0,1|0,0|0,0|1,0|0,0|1,0|1,0|0,0|0,1|0,1|1,1|1,0|0,0|1
22,29488496,.,T,C,.,PASS,AC=52;AN=5096;DP=22014;AF=0.01;EAS_AF=0;EUR_AF=0;AFR_AF=0.04;AMR_AF=0;SAS_AF=0;VT=SNP;NS=2548,GT,0|0,0|0,0|0,0|0,0|0,0|0,0|0,0|0,0|0,0|0,0|0,0|0,0|0,0|0,0|0,0|0,0|0,0|0,0|0,0|0,0|0,0|0,0|0,0|0,0|0,0|0,0|0,0|0,0|0,0|0,0|0,0|0,0|0,0|0,0|0,0|0,0|0,0|0,0|0,0|0,0|0,0|0,0|0,0|0,0|0,0|0,0|0,0|0,0|0,0|0,0|0,0|0,0|0,0|0,0|0,0|0,0|0,0|0,0|0,0|0,0|0,0|0,0|0,0|0,0|0,0|0,0|0,0|0,0|0,0|0,0|0,0|0,0|0,0|0,0|0,0|0,0|0,0|0,0|0,0|0,0|0,0|0,0|0,0|0,0|0,0|0,0|0,0|0,0|0,0|0,0|0,1|0,0|0,0|0,0|0,0|0,0|0,0|0,0|0,0|0,0|1,0|0,0|0,0|0
22,29488578,.,C,T,.,PASS,AC=659;AN=5096;DP=27018;AF=0.13;EAS_AF=0.05;EUR_AF=0.14;AFR_AF=0.15;AMR_AF=0.13;SAS_AF=0.17;VT=SNP;NS=2548,GT,1|0,0|0,0|0,0|0,0|0,0|0,0|1,0|0,0|0,0|0,0|1,1|1,0|1,1|0,0|0,1|0,0|0,0|0,0|0,0|0,0|0,0|1,1|0,0|0,1|0,0|0,0|0,0|0,0|0,0|1,0|1,0|0,1|0,0|0,0|0,0|0,0|0,0|0,0|1,1|1,0|0,0|0,0|0,1|0,0|0,0|0,0|0,0|0,0|0,0|0,0|0,0|0,0|0,0|0,0|0,0|0,0|0,0|0,0|0,1|1,1|0,1|0,1|0,0|0,0|0,1|0,0|0,0|0,0|0,0|0,0|0,0|0,0|0,0|0,1|0,0|1,0|0,0|1,0|0,0|0,0|0,0|0,0|0,1|0,0|0,0|0,0|0,0|0,1|0,0|0,0|0,1|0,1|0,0|0,0|0,0|0,1|0,0|1,0|0,0|0,0|1,0|0,0|1,0|0
22,29489027,.,G,A,.,PASS,AC=151;AN=5096;DP=309186;AF=0.03;EAS_AF=0;EUR_AF=0.09;AFR_AF=0.01;AMR_AF=0.05;SAS_AF=0.02;EX_TARGET;VT=SNP;NS=2548,GT,0|1,0|1,0|0,0|0,0|0,0|0,0|0,0|0,0|0,0|0,0|0,0|0,0|0,0|0,0|1,0|0,0|0,0|0,0|0,0|0,0|0,0|0,0|0,0|1,0|0,0|0,0|0,0|0,0|0,0|0,0|0,0|0,0|1,0|1,0|0,0|0,0|0,0|0,0|0,0|0,0|1,0|0,0|0,0|0,0|0,0|0,0|0,0|0,0|0,0|0,0|0,1|0,0|0,0|0,0|0,0|0,0|0,0|0,0|0,0|0,0|0,0|0,0|0,1|0,0|0,0|0,0|0,0|0,0|1,0|0,0|0,1|0,0|0,0|0,0|0,0|0,1|0,0|0,0|0,0|0,0|0,0|0,0|0,0|0,0|0,0|0,0|0,0|0,0|0,0|0,0|0,0|0,0|0,0|0,0|0,0|0,0|0,0|0,0|0,0|0,0|0,0|0,0|0,1|0
22,29489086,.,G,A,.,PASS,AC=52;AN=5096;DP=268811;AF=0.01;EAS_AF=0;EUR_AF=0;AFR_AF=0.04;AMR_AF=0;SAS_AF=0;EX_TARGET;VT=SNP;NS=2548,GT,0|0,0|0,0|0,0|0,0|0,0|0,0|0,0|0,0|0,0|0,0|0,0|0,0|0,0|0,0|0,0|0,0|0,0|0,0|0,0|0,0|0,0|0,0|0,0|0,0|0,0|0,0|0,0|0,0|0,0|0,0|0,0|0,0|0,0|0,0|0,0|0,0|0,0|0,0|0,0|0,0|0,0|0,0|0,0|0,0|0,0|0,0|0,0|0,0|0,0|0,0|0,0|0,0|0,0|0,0|0,0|0,0|0,0|0,0|0,0|0,0|0,0|0,0|0,0|0,0|0,0|0,0|0,0|0,0|0,0|0,0|0,0|0,0|0,0|0,0|0,0|0,0|0,0|0,0|0,0|0,0|0,0|0,0|0,0|0,0|0,0|0,0|0,0|0,0|0,0|0,0|0,1|0,0|0,0|0,0|0,0|0,0|0,0|0,0|0,0|0,0|1,0|0,0|0,0|0
22,29489363,.,C,T,.,PASS,AC=52;AN=5096;DP=351572;AF=0.01;EAS_AF=0;EUR_AF=0;AFR_AF=0.04;AMR_AF=0;SAS_AF=0;EX_TARGET;VT=SNP;NS=2548,GT,0|0,0|0,0|0,0|0,0|0,0|0,0|0,0|0,0|0,0|0,0|0,0|0,0|0,0|0,0|0,0|0,0|0,0|0,0|0,0|0,0|0,0|0,0|0,0|0,0|0,0|0,0|0,0|0,0|0,0|0,0|0,0|0,0|0,0|0,0|0,0|0,0|0,0|0,0|0,0|0,0|0,0|0,0|0,0|0,0|0,0|0,0|0,0|0,0|0,0|0,0|0,0|0,0|0,0|0,0|0,0|0,0|0,0|0,0|0,0|0,0|0,0|0,0|0,0|0,0|0,0|0,0|0,0|0,0|0,0|0,0|0,0|0,0|0,0|0,0|0,0|0,0|0,0|0,0|0,0|0,0|0,0|0,0|0,0|0,0|0,0|0,0|0,0|0,0|0,0|0,0|0,1|0,0|0,0|0,0|0,0|0,0|0,0|0,0|0,0|0,0|1,0|0,0|0,0|0
22,29489380,.,C,T,.,PASS,AC=23;AN=5096;DP=348581;AF=0;EAS_AF=0;EUR_AF=0.01;AFR_AF=0;AMR_AF=0.01;SAS_AF=0;EX_TARGET;VT=SNP;NS=2548,GT,0|0,0|0,0|0,0|0,0|0,0|0,0|0,0|0,0|0,0|0,0|0,0|0,0|0,0|0,0|0,0|0,0|0,0|0,0|0,0|0,0|0,0|0,0|0,0|0,0|0,0|0,0|0,0|0,0|0,0|0,0|0,0|0,0|0,0|0,0|0,0|0,0|0,0|0,0|0,0|0,0|0,0|0,0|0,0|0,0|1,0|0,0|0,0|0,0|0,0|0,0|0,0|0,0|0,0|0,0|0,0|0,0|0,0|0,0|0,0|0,0|0,0|0,0|0,0|0,0|0,0|0,0|0,0|0,0|0,0|0,0|0,0|0,0|0,0|0,0|0,0|0,0|0,0|0,0|0,0|0,0|0,0|0,0|0,0|0,0|0,0|0,0|0,0|0,0|0,0|0,0|0,0|0,0|0,0|0,0|0,0|0,0|0,0|0,0|0,0|0,0|0,0|0,0|0,0|0
22,29489423,.,C,T,.,PASS,AC=52;AN=5096;DP=358992;AF=0.01;EAS_AF=0;EUR_AF=0;AFR_AF=0.04;AMR_AF=0;SAS_AF=0;EX_TARGET;VT=SNP;NS=2548,GT,0|0,0|0,0|0,0|0,0|0,0|0,0|0,0|0,0|0,0|0,0|0,0|0,0|0,0|0,0|0,0|0,0|0,0|0,0|0,0|0,0|0,0|0,0|0,0|0,0|0,0|0,0|0,0|0,0|0,0|0,0|0,0|0,0|0,0|0,0|0,0|0,0|0,0|0,0|0,0|0,0|0,0|0,0|0,0|0,0|0,0|0,0|0,0|0,0|0,0|0,0|0,0|0,0|0,0|0,0|0,0|0,0|0,0|0,0|0,0|0,0|0,0|0,0|0,0|0,0|0,0|0,0|0,0|0,0|0,0|0,0|0,0|0,0|0,0|0,0|0,0|0,0|0,0|0,0|0,0|0,0|0,0|0,0|0,0|0,0|0,0|0,0|0,0|0,0|0,0|0,0|0,1|0,0|0,0|0,0|0,0|0,0|0,0|0,0|0,0|0,0|1,0|0,0|0,0|0
22,29489484,.,C,T,.,PASS,AC=775;AN=5096;DP=368684;AF=0.15;EAS_AF=0.07;EUR_AF=0.23;AFR_AF=0.14;AMR_AF=0.23;SAS_AF=0.11;EX_TARGET;VT=SNP;NS=2548,GT,0|0,1|0,0|1,0|1,0|1,1|1,0|0,0|1,1|0,0|1,0|0,0|0,1|0,0|0,0|0,0|0,1|0,0|1,1|1,0|0,0|0,0|0,0|0,0|0,0|1,1|0,0|0,0|1,0|0,0|0,0|0,0|0,0|0,0|0,0|1,1|1,0|1,0|1,0|0,0|0,0|0,1|0,0|0,0|0,0|0,1|0,0|0,1|0,1|1,1|0,0|1,0|0,1|0,0|0,1|1,1|0,0|0,1|0,0|0,0|0,0|0,0|0,0|0,0|1,1|1,0|1,0|0,0|0,0|0,0|0,0|0,0|0,0|0,0|0,0|0,0|0,0|0,0|0,0|0,0|0,1|1,0|0,1|0,0|1,0|0,0|1,0|1,1|1,0|0,0|0,0|0,0|0,0|0,0|0,0|0,1|0,0|0,0|0,0|0,0|0,0|0,0|0,1|0,0|0
22,29489578,.,A,C,.,PASS,AC=15;AN=5096;DP=397823;AF=0;EAS_AF=0;EUR_AF=0;AFR_AF=0;AMR_AF=0.01;SAS_AF=0;EX_TARGET;VT=SNP;NS=2548,GT,0|0,0|0,0|0,0|0,0|0,0|0,0|0,0|0,0|0,0|0,0|0,0|0,0|0,0|0,0|0,0|0,0|0,0|0,0|0,0|0,0|0,0|0,0|0,0|0,0|0,0|0,0|0,0|0,0|0,0|0,0|0,0|0,0|0,0|0,0|0,0|0,0|0,0|0,0|0,0|0,0|0,0|0,0|1,0|0,0|0,0|0,0|0,0|0,0|0,0|0,0|0,0|0,0|0,0|0,0|0,0|0,0|0,0|0,0|0,0|0,0|0,0|0,0|0,0|0,0|0,0|0,0|0,0|0,0|0,0|0,0|0,0|0,0|0,0|0,0|0,0|0,0|0,0|0,0|0,0|0,0|0,0|0,0|0,0|0,0|0,0|0,0|0,0|0,0|0,0|0,0|0,0|0,0|0,0|0,0|0,0|0,0|0,0|0,0|0,0|0,0|0,0|0,0|0,0|0
22,29489578,.,A,AAAGTCCCCTGAGAAGGCC,.,PASS,AC=3614;AN=5096;DP=398423;AF=0.71;EAS_AF=0.87;EUR_AF=0.63;AFR_AF=0.7;AMR_AF=0.63;SAS_AF=0.7;EX_TARGET;VT=INDEL;NS=2548,GT,0|1,0|1,1|0,1|0,1|0,0|0,1|0,1|0,0|1,1|0,1|0,0|0,0|0,0|1,1|1,0|1,0|1,1|0,0|0,1|1,1|1,1|0,0|1,1|1,0|0,0|1,1|1,1|0,1|1,1|0,1|0,1|1,0|1,1|1,1|0,0|0,1|0,1|0,1|0,0|0,1|1,0|1,1|1,0|1,1|1,0|1,1|1,0|1,0|1,0|1,1|0,1|1,0|1,1|1,0|0,0|1,1|1,0|1,1|1,0|0,0|1,0|1,0|1,1|0,0|0,0|0,1|1,1|1,1|1,1|1,1|0,1|1,1|1,1|1,0|1,1|0,1|1,1|0,1|1,1|1,0|0,1|1,0|1,0|0,1|1,1|0,1|0,0|0,0|1,1|1,1|1,0|1,0|1,1|1,1|0,0|1,0|1,1|0,1|1,1|1,1|0,1|1,1|0,1|1
22,29489605,.,A,T,.,PASS,AC=2144;AN=5096;DP=478132;AF=0.42;EAS_AF=0.46;EUR_AF=0.39;AFR_AF=0.42;AMR_AF=0.38;SAS_AF=0.43;EX_TARGET;VT=SNP;NS=2548,GT,0|1,0|1,1|0,0|0,0|0,0|0,0|0,1|0,0|1,0|0,0|0,0|0,0|0,0|1,0|1,0|1,0|0,1|0,0|0,1|0,0|1,0|0,0|1,0|1,0|0,0|0,0|1,0|0,1|0,1|0,1|0,0|1,0|1,1|0,1|0,0|0,1|0,0|0,0|0,0|0,1|0,0|1,1|0,0|0,1|0,0|1,1|0,0|1,0|0,0|1,0|0,1|0,1|0,0|1,0|0,0|1,0|1,0|1,1|0,0|0,0|1,0|1,0|1,1|0,0|0,0|0,0|1,1|0,0|1,1|0,0|1,1|0,1|0,1|0,0|0,1|0,1|0,1|0,0|1,0|1,0|0,1|0,0|1,0|0,1|0,1|0,1|0,0|0,0|1,1|0,1|0,0|1,0|1,0|1,0|1,0|1,0|0,0|0,1|0,0|1,1|0,0|1,0|0,1|0
22,29489609,.,AAGGAAG,A,.,PASS,AC=2210;AN=5096;DP=479474;AF=0.43;EAS_AF=0.47;EUR_AF=0.41;AFR_AF=0.44;AMR_AF=0.39;SAS_AF=0.45;EX_TARGET;VT=INDEL;NS=2548,GT,0|1,0|1,1|0,0|0,0|0,0|0,0|0,1|0,0|1,0|0,0|0,0|0,0|0,0|1,0|1,0|1,0|1,1|0,0|0,1|0,0|1,0|0,0|1,0|1,0|0,0|0,0|1,0|1,1|0,0|0,1|0,0|1,0|1,1|0,1|0,0|0,1|0,0|0,0|0,0|0,1|0,0|1,1|0,0|1,1|0,0|1,1|0,0|1,0|0,0|1,0|0,1|0,1|0,0|1,0|0,0|1,0|1,0|1,1|0,0|0,0|1,0|1,0|1,1|0,0|0,0|0,0|1,1|0,0|1,1|0,0|1,1|0,1|0,1|0,0|1,1|0,1|0,1|0,0|1,0|1,0|0,1|0,0|1,0|0,1|0,1|0,1|0,0|0,0|1,1|0,1|0,0|1,0|1,0|1,0|1,0|1,0|0,0|0,1|0,0|1,1|0,0|1,0|0,1|0
22,29489629,.,T,A,.,PASS,AC=565;AN=5096;DP=482710;AF=0.11;EAS_AF=0.1;EUR_AF=0.06;AFR_AF=0.13;AMR_AF=0.1;SAS_AF=0.16;EX_TARGET;VT=SNP;NS=2548,GT,0|0,0|0,0|0,0|0,0|0,0|0,0|0,0|0,0|0,0|0,0|0,0|0,0|0,0|0,0|1,0|0,0|0,0|0,0|0,0|0,0|0,0|0,0|0,0|0,0|0,0|0,0|1,0|0,0|0,0|0,0|0,0|0,0|0,1|0,0|0,0|0,0|0,0|0,0|0,0|0,0|0,0|0,0|0,0|0,0|0,0|0,0|0,0|1,0|0,0|0,0|0,0|0,0|0,1|0,0|0,0|1,0|0,0|0,0|0,0|0,0|0,0|0,0|0,0|0,0|0,0|0,0|1,0|0,0|0,0|0,1|0,0|0,0|0,0|0,0|0,0|0,0|1,0|0,0|0,0|1,0|0,0|0,0|0,0|0,0|0,0|0,0|0,0|0,0|0,0|1,0|0,0|0,0|0,0|0,0|1,0|0,0|0,0|0,0|1,0|0,0|0,0|0,0|0,0|0
22,29489872,.,T,C,.,PASS,AC=4330;AN=5096;DP=446992;AF=0.85;EAS_AF=0.93;EUR_AF=0.77;AFR_AF=0.87;AMR_AF=0.77;SAS_AF=0.89;EX_TARGET;VT=SNP;NS=2548,GT,1|1,0|1,1|0,1|0,1|0,0|0,1|1,1|0,0|1,1|0,1|1,1|1,0|1,1|1,1|1,1|1,0|1,1|0,0|0,1|1,1|1,1|1,1|1,1|1,1|0,0|1,1|1,1|0,1|1,1|1,1|1,1|1,1|1,1|1,1|0,0|0,1|0,1|0,1|1,1|1,1|1,0|1,1|1,1|1,1|1,0|1,1|1,0|1,0|0,0|1,1|0,1|1,0|1,1|1,0|0,0|1,1|1,0|1,1|1,1|1,1|1,1|1,1|1,1|0,0|0,1|0,1|1,1|1,1|1,1|1,1|1,1|1,1|1,1|1,1|1,1|1,1|1,1|1,1|1,1|1,0|0,1|1,0|1,1|0,1|1,1|0,1|0,0|0,1|1,1|1,1|1,1|1,1|1,1|1,1|1,0|1,1|1,1|1,1|1,1|1,1|1,1|1,0|1,1|1
22,29490054,.,A,C,.,PASS,AC=607;AN=5096;DP=237371;AF=0.12;EAS_AF=0.05;EUR_AF=0.14;AFR_AF=0.11;AMR_AF=0.13;SAS_AF=0.17;EX_TARGET;VT=SNP;NS=2548,GT,1|0,0|0,0|0,0|0,0|0,0|0,0|1,0|0,0|0,0|0,0|1,1|1,0|1,1|0,0|0,1|0,0|0,0|0,0|0,0|0,0|0,0|1,1|0,0|0,1|0,0|0,0|0,0|0,0|0,0|1,0|1,0|0,1|0,0|0,0|0,0|0,0|0,0|0,0|1,1|1,0|0,0|0,0|0,1|0,0|0,0|0,0|0,0|0,0|0,0|0,0|0,0|0,0|0,0|0,0|0,0|0,0|0,0|0,0|0,1|1,1|0,1|0,1|0,0|0,0|0,1|0,0|0,0|0,0|0,0|0,0|0,0|0,0|0,0|0,1|0,0|1,0|0,0|1,0|0,0|0,0|0,0|0,0|0,1|0,0|0,0|0,0|0,0|0,1|0,0|0,0|0,0|0,1|0,0|0,0|0,0|0,1|0,0|1,0|0,0|0,0|0,0|0,0|1,0|0
22,29490397,.,C,T,.,PASS,AC=21;AN=5096;DP=275514;AF=0;EAS_AF=0;EUR_AF=0.01;AFR_AF=0;AMR_AF=0.01;SAS_AF=0;EX_TARGET;VT=SNP;NS=2548,GT,0|0,0|0,0|0,0|0,0|1,0|0,0|0,0|0,0|0,0|0,0|0,0|0,0|0,0|0,0|0,0|0,0|0,0|0,0|0,0|0,0|0,0|0,0|0,0|0,0|0,0|0,0|0,0|0,0|0,0|0,0|0,0|0,0|0,0|0,0|0,0|0,0|0,0|0,0|0,0|0,0|0,0|0,0|0,0|0,0|0,0|0,0|0,0|0,0|0,0|0,0|0,0|0,0|0,0|0,0|0,0|0,0|0,0|0,0|0,0|0,0|0,0|0,0|0,0|0,0|0,0|0,0|0,0|0,0|0,0|0,0|0,0|0,0|0,0|0,0|0,0|0,0|0,0|0,0|0,0|0,0|0,0|0,0|0,0|0,0|0,0|0,0|0,0|0,0|0,0|0,0|0,0|0,0|0,0|0,0|0,0|0,0|0,0|0,0|0,0|0,0|0,0|0,0|0,0|0
22,29490417,.,C,T,.,PASS,AC=1;AN=5096;DP=282565;AF=0;EAS_AF=0;EUR_AF=0;AFR_AF=0;AMR_AF=0;SAS_AF=0;EX_TARGET;VT=SNP;NS=2548,GT,0|0,0|0,0|0,0|0,0|0,0|0,0|0,0|0,0|0,0|0,0|0,0|0,0|0,0|0,0|0,0|0,0|0,0|0,0|0,0|0,0|0,0|0,0|0,0|0,0|0,0|0,0|0,0|0,0|0,0|0,0|0,0|0,0|0,0|0,0|0,0|0,0|0,0|0,0|0,0|0,0|0,0|0,0|0,0|0,0|0,0|0,0|0,0|0,0|0,0|0,0|0,0|0,0|0,0|0,0|0,0|0,0|0,0|0,0|0,0|0,0|0,0|0,0|0,0|0,0|0,0|0,0|0,0|0,0|0,0|0,0|0,0|0,0|0,0|0,0|1,0|0,0|0,0|0,0|0,0|0,0|0,0|0,0|0,0|0,0|0,0|0,0|0,0|0,0|0,0|0,0|0,0|0,0|0,0|0,0|0,0|0,0|0,0|0,0|0,0|0,0|0,0|0,0|0,0|0
22,29490424,.,A,G,.,PASS,AC=4327;AN=5096;DP=283720;AF=0.85;EAS_AF=0.93;EUR_AF=0.77;AFR_AF=0.87;AMR_AF=0.77;SAS_AF=0.89;EX_TARGET;VT=SNP;NS=2548,GT,1|1,0|1,1|0,1|0,1|0,0|0,1|1,1|0,0|1,1|0,1|1,1|1,0|1,1|1,1|1,1|1,0|1,1|0,0|0,1|1,1|1,1|1,1|1,1|1,1|0,0|1,1|1,1|0,1|1,1|1,1|1,1|1,1|1,1|1,1|0,0|0,1|0,1|0,1|1,1|1,1|1,0|1,1|1,1|1,1|1,0|1,1|1,0|1,0|0,0|1,1|0,1|1,0|1,1|1,0|0,0|1,1|1,0|1,1|1,1|1,1|1,1|1,1|1,1|0,0|0,1|0,1|1,1|1,1|1,1|1,1|1,1|1,1|1,1|1,1|1,1|1,1|1,1|1,1|1,1|1,0|0,1|1,0|1,1|0,1|1,1|0,1|0,0|0,1|1,1|1,1|1,1|1,1|1,1|1,1|1,0|1,1|1,1|1,1|1,1|1,1|1,1|1,0|1,1|1
22,29490489,.,C,T,.,PASS,AC=1;AN=5096;DP=307383;AF=0;EAS_AF=0;EUR_AF=0;AFR_AF=0;AMR_AF=0;SAS_AF=0;EX_TARGET;VT=SNP;NS=2548,GT,0|0,0|0,0|0,0|0,0|0,0|0,0|0,0|0,0|0,0|0,0|0,0|0,0|0,0|0,0|0,0|0,0|0,0|0,0|0,0|0,0|0,0|0,0|0,0|0,0|0,0|0,0|0,0|0,0|0,0|0,0|0,0|0,0|0,0|0,0|0,0|0,0|0,0|0,0|0,0|0,0|0,0|0,0|0,0|0,0|0,0|0,0|0,0|0,0|0,0|0,0|0,0|0,0|0,0|0,0|0,0|0,0|0,0|0,0|0,0|0,0|0,0|0,0|0,0|0,0|0,0|0,0|0,0|0,0|0,0|0,0|0,0|0,0|0,0|0,0|0,0|0,0|0,0|0,0|0,0|0,0|0,1|0,0|0,0|0,0|0,0|0,0|0,0|0,0|0,0|0,0|0,0|0,0|0,0|0,0|0,0|0,0|0,0|0,0|0,0|0,0|0,0|0,0|0,0|0
22,29490904,.,G,T,.,PASS,AC=3717;AN=5096;DP=26275;AF=0.73;EAS_AF=0.87;EUR_AF=0.63;AFR_AF=0.76;AMR_AF=0.64;SAS_AF=0.72;VT=SNP;NS=2548,GT,0|1,0|1,1|0,1|0,1|0,0|0,1|0,1|0,0|1,1|0,1|0,0|0,0|0,0|1,1|1,0|1,0|1,1|0,0|0,1|1,1|1,1|0,0|1,1|1,0|0,0|1,1|1,1|0,1|1,1|0,1|0,1|1,0|1,1|1,1|0,0|0,1|0,1|0,1|0,0|0,1|1,0|1,1|1,0|1,1|1,0|1,1|1,0|1,0|0,0|1,1|0,1|1,0|1,1|1,0|0,0|1,1|1,0|1,1|1,0|0,0|1,0|1,0|1,1|0,0|0,0|0,1|1,1|1,1|1,1|1,1|1,1|1,1|1,1|1,0|1,1|0,1|1,1|0,1|1,1|1,0|0,1|1,0|1,0|0,1|1,1|0,1|0,0|0,0|1,1|1,1|1,1|1,0|1,1|1,1|1,0|1,0|1,1|0,1|1,1|1,1|1,1|1,0|0,1|1
22,29490938,.,T,C,.,PASS,AC=1;AN=5096;DP=23997;AF=0;EAS_AF=0;EUR_AF=0;AFR_AF=0;AMR_AF=0;SAS_AF=0;VT=SNP;NS=2548,GT,0|0,0|0,0|0,0|0,0|0,0|0,0|0,0|0,0|0,0|0,0|0,0|0,0|0,0|0,0|0,0|0,0|0,0|0,0|0,0|0,0|0,0|0,0|0,0|0,0|0,0|0,0|0,0|0,0|0,0|0,0|0,0|0,0|0,0|0,0|0,0|0,0|0,0|0,0|0,0|0,0|0,0|0,0|0,0|0,0|0,0|0,0|0,0|0,0|0,0|0,0|0,0|0,0|0,0|0,0|0,0|0,0|0,0|0,0|0,0|0,0|0,0|0,0|0,0|0,0|0,0|0,0|0,0|0,0|0,0|0,0|0,0|0,0|0,0|0,0|0,0|0,0|0,0|0,0|0,0|0,0|0,0|0,0|0,0|0,0|0,0|0,0|0,0|0,0|0,0|0,1|0,0|0,0|0,0|0,0|0,0|0,0|0,0|0,0|0,0|0,0|0,0|0,0|0,0|0
22,29491193,.,C,T,.,PASS,AC=73;AN=5096;DP=23444;AF=0.01;EAS_AF=0.05;EUR_AF=0;AFR_AF=0;AMR_AF=0.03;SAS_AF=0;VT=SNP;NS=2548,GT,0|0,0|0,0|0,0|0,0|0,0|0,0|0,0|0,0|0,0|0,0|0,0|0,0|0,0|0,0|0,0|0,0|0,0|0,0|0,0|0,0|0,0|0,0|0,0|0,0|0,0|0,0|0,0|0,0|0,0|0,0|0,0|0,0|0,1|0,0|0,0|0,0|0,0|0,0|0,0|0,0|0,0|0,0|0,0|0,0|0,0|0,0|0,0|0,0|0,0|0,0|0,0|0,0|0,0|0,0|0,0|0,0|0,0|0,0|0,0|0,0|0,0|0,0|0,0|0,0|0,0|0,0|0,0|0,0|0,0|0,0|0,0|0,0|0,0|0,0|0,0|0,0|0,0|0,0|0,0|0,1|0,0|0,0|0,0|0,0|0,0|0,0|0,0|0,0|0,0|0,0|0,0|0,0|0,0|0,0|0,0|0,0|0,0|0,0|0,0|0,0|0,0|0,0|0,0|0
22,29491197,.,G,C,.,PASS,AC=3719;AN=5096;DP=23492;AF=0.73;EAS_AF=0.87;EUR_AF=0.63;AFR_AF=0.76;AMR_AF=0.64;SAS_AF=0.72;VT=SNP;NS=2548,GT,0|1,0|1,1|0,1|0,1|0,0|0,1|0,1|0,0|1,1|0,1|0,0|0,0|0,0|1,1|1,0|1,0|1,1|0,0|0,1|1,1|1,1|0,0|1,1|1,0|0,0|1,1|1,1|0,1|1,1|0,1|0,1|1,0|1,1|1,1|0,0|0,1|0,1|0,1|0,0|0,1|1,0|1,1|1,0|1,1|1,0|1,1|1,0|1,0|0,0|1,1|0,1|1,0|1,1|1,0|0,0|1,1|1,0|1,1|1,0|0,0|1,0|1,0|1,1|0,0|0,0|0,1|1,1|1,1|1,1|1,1|1,1|1,1|1,1|1,0|1,1|0,1|1,1|0,1|1,1|1,0|0,1|1,0|1,0|0,1|1,1|0,1|0,0|0,0|1,1|1,1|1,1|1,0|1,1|1,1|1,0|1,0|1,1|0,1|1,1|1,1|1,1|1,0|0,1|1
