#CHROM,POS,ID,REF,ALT,QUAL,FILTER,INFO,FORMAT,HG01595,HG01596,HG01597,HG01598,HG01599,HG01600,HG01840,HG01841,HG01842,HG01843,HG01844,HG01845,HG01846,HG01847,HG01848,HG01849,HG01850,HG01851,HG01852,HG01853,HG01855,HG01857,HG01858,HG01859,HG01860,HG01861,HG01862,HG01863,HG01864,HG01865,HG01866,HG01867,HG01868,HG01869,HG01870,HG01871,HG01872,HG01873,HG01874,HG01878,HG02016,HG02017,HG02019,HG02020,HG02023,HG02025,HG02026,HG02028,HG02029,HG02031,HG02032,HG02035,HG02040,HG02047,HG02048,HG02049,HG02050,HG02057,HG02058,HG02060,HG02061,HG02064,HG02067,HG02069,HG02070,HG02072,HG02073,HG02075,HG02076,HG02078,HG02079,HG02081,HG02082,HG02084,HG02085,HG02086,HG02087,HG02088,HG02113,HG02116,HG02121,HG02122,HG02127,HG02128,HG02130,HG02131,HG02133,HG02134,HG02136,HG02137,HG02138,HG02139,HG02140,HG02141,HG02142,HG02512,HG02513,HG02521,HG02522,c00,c10,c01,c11,c1s,INFO:AC,INFO:AN,INFO:DP,INFO:AF,INFO:EAS_AF,INFO:EUR_AF,INFO:AFR_AF,INFO:AMR_AF,INFO:SAS_AF,INFO:EX_TARGET,INFO:VT,INFO:NS
22,29480434,.,G,T,.,PASS,AC=2;AN=5096;DP=17341;AF=0;EAS_AF=0;EUR_AF=0;AFR_AF=0;AMR_AF=0;SAS_AF=0;EX_TARGET;VT=SNP;NS=2548,GT,0|0,0|0,0|0,0|0,0|0,0|0,0|0,0|0,0|0,0|0,0|1,0|0,0|0,0|0,0|0,0|0,0|0,0|0,0|0,0|0,0|0,0|0,0|0,0|0,0|0,0|0,0|0,0|0,0|0,0|0,0|0,0|0,0|0,0|0,0|0,0|0,0|0,0|0,0|0,0|0,0|0,0|0,0|0,0|0,0|0,0|0,0|0,0|0,0|0,0|0,0|0,0|0,0|0,0|0,0|0,0|0,0|0,0|0,0|1,0|0,0|0,0|0,0|0,0|0,0|0,0|0,0|0,0|0,0|0,0|0,0|0,0|0,0|0,0|0,0|0,0|0,0|0,0|0,0|0,0|0,0|0,0|0,0|0,0|0,0|0,0|0,0|0,0|0,0|0,0|0,0|0,0|0,0|0,0|0,0|0,0|0,0|0,0|0,0|0,97,0,2,0,2,2,5096,17341,0.0,0.0,0.0,0.0,0.0,0.0,,SNP,2548
22,29480595,.,C,T,.,PASS,AC=1;AN=5096;DP=27241;AF=0;EAS_AF=0;EUR_AF=0;AFR_AF=0;AMR_AF=0;SAS_AF=0;EX_TARGET;VT=SNP;NS=2548,GT,0|0,0|0,0|0,0|0,0|0,0|0,0|0,0|0,0|0,0|0,0|0,0|0,0|0,0|0,0|0,0|0,0|0,0|0,0|0,0|0,0|0,0|0,0|0,0|0,0|0,0|0,0|0,0|0,0|0,0|0,0|0,0|0,0|0,0|0,0|0,0|0,0|0,0|0,0|0,0|0,0|0,0|0,0|0,0|0,0|0,0|0,0|0,0|0,0|0,0|0,1|0,0|0,0|0,0|0,0|0,0|0,0|0,0|0,0|0,0|0,0|0,0|0,0|0,0|0,0|0,0|0,0|0,0|0,0|0,0|0,0|0,0|0,0|0,0|0,0|0,0|0,0|0,0|0,0|0,0|0,0|0,0|0,0|0,0|0,0|0,0|0,0|0,0|0,0|0,0|0,0|0,0|0,0|0,0|0,0|0,0|0,0|0,0|0,0|0,98,1,0,0,1,1,5096,27241,0.0,0.0,0.0,0.0,0.0,0.0,,SNP,2548
22,29481428,.,C,T,.,PASS,AC=462;AN=5096;DP=18141;AF=0.09;EAS_AF=0.05;EUR_AF=0.15;AFR_AF=0.02;AMR_AF=0.12;SAS_AF=0.15;VT=SNP;NS=2548,GT,0|0,0|0,0|0,0|0,0|0,0|0,0|0,0|0,0|1,0|0,0|0,0|0,0|0,0|0,1|0,0|0,0|0,0|0,0|0,0|0,0|0,0|0,0|0,0|0,0|0,0|1,0|0,0|0,0|0,0|0,0|0,0|0,0|0,0|0,0|0,0|0,0|0,0|0,1|0,1|0,1|0,0|0,0|0,0|0,0|0,0|0,0|0,0|0,0|0,0|0,0|0,0|0,0|0,0|0,0|0,0|0,0|0,0|0,0|0,0|0,0|0,1|0,0|1,0|0,0|0,0|0,0|0,0|0,0|1,0|0,0|0,0|0,0|0,0|0,1|0,0|0,0|0,0|0,0|0,0|0,0|0,1|0,0|0,0|0,0|0,0|0,0|0,0|0,0|0,0|0,0|0,0|0,0|0,0|0,0|0,0|0,0|0,0|0,1|0,87,8,4,0,12,462,5096,18141,0.09,0.05,0.15,0.02,0.12,0.15,,SNP,2548
22,29481568,.,C,T,.,PASS,AC=464;AN=5096;DP=20034;AF=0.09;EAS_AF=0.05;EUR_AF=0.15;AFR_AF=0.02;AMR_AF=0.12;SAS_AF=0.15;VT=SNP;NS=2548,GT,0|0,0|0,0|0,0|0,0|0,0|0,0|0,0|0,0|1,0|0,0|0,0|0,0|0,0|0,1|0,0|0,0|0,0|0,0|0,0|0,0|0,0|0,0|0,0|0,0|0,0|1,0|0,0|0,0|0,0|0,0|0,0|0,0|0,0|0,0|0,0|0,0|0,0|0,1|0,1|0,1|0,0|0,0|0,0|0,0|0,0|0,0|0,0|0,0|0,0|0,0|0,0|0,0|0,0|0,0|0,0|0,0|0,0|0,0|0,0|0,0|0,1|0,0|1,0|0,0|0,0|0,0|0,0|0,0|1,0|0,0|0,0|0,0|0,0|0,1|0,0|0,0|0,0|0,0|0,0|0,0|0,1|0,0|0,0|0,0|0,0|0,0|0,0|0,0|0,0|0,0|0,0|0,0|0,0|0,0|0,0|0,0|0,0|0,1|0,87,8,4,0,12,464,5096,20034,0.09,0.05,0.15,0.02,0.12,0.15,,SNP,2548
22,29481576,.,A,G,.,PASS,AC=4415;AN=5096;DP=19564;AF=0.87;EAS_AF=0.62;EUR_AF=0.91;AFR_AF=0.97;AMR_AF=0.88;SAS_AF=0.93;VT=SNP;NS=2548,GT,1|1,1|1,0|1,1|1,1|1,0|1,0|0,1|1,1|1,1|0,1|1,1|1,0|1,1|1,1|0,0|0,0|0,1|1,1|1,1|1,0|0,1|1,1|0,1|0,0|0,1|1,0|1,1|0,1|1,0|0,0|0,1|1,0|1,1|0,1|0,0|0,0|1,0|1,1|0,1|0,1|1,0|1,1|0,1|0,1|0,1|0,1|0,0|1,1|1,1|0,1|1,1|1,1|1,1|0,1|1,1|0,0|1,1|1,0|1,0|1,0|1,1|0,1|1,1|0,1|1,1|1,0|1,1|1,0|1,1|1,1|0,1|0,0|1,1|1,1|1,0|0,1|0,1|0,1|1,1|1,1|1,1|0,1|1,1|1,1|1,1|0,1|0,1|0,1|1,0|0,0|0,1|1,0|0,1|0,1|1,1|1,0|1,1|1,1|0,12,29,17,41,128,4415,5096,19564,0.87,0.62,0.91,0.97,0.88,0.93,,SNP,2548
22,29481636,.,A,G,.,PASS,AC=462;AN=5096;DP=21374;AF=0.09;EAS_AF=0.05;EUR_AF=0.15;AFR_AF=0.02;AMR_AF=0.12;SAS_AF=0.15;VT=SNP;NS=2548,GT,0|0,0|0,0|0,0|0,0|0,0|0,0|0,0|0,0|1,0|0,0|0,0|0,0|0,0|0,1|0,0|0,0|0,0|0,0|0,0|0,0|0,0|0,0|0,0|0,0|0,0|1,0|0,0|0,0|0,0|0,0|0,0|0,0|0,0|0,0|0,0|0,0|0,0|0,1|0,1|0,1|0,0|0,0|0,0|0,0|0,0|0,0|0,0|0,0|0,0|0,0|0,0|0,0|0,0|0,0|0,0|0,0|0,0|0,0|0,0|0,0|0,1|0,0|1,0|0,0|0,0|0,0|0,0|0,0|1,0|0,0|0,0|0,0|0,0|0,1|0,0|0,0|0,0|0,0|0,0|0,0|0,1|0,0|0,0|0,0|0,0|0,0|0,0|0,0|0,0|0,0|0,0|0,0|0,0|0,0|0,0|0,0|0,0|0,1|0,87,8,4,0,12,462,5096,21374,0.09,0.05,0.15,0.02,0.12,0.15,,SNP,2548
22,29482209,.,T,TC,.,PASS,AC=3;AN=5096;DP=22514;AF=0;EAS_AF=0;EUR_AF=0;AFR_AF=0;AMR_AF=0;SAS_AF=0;VT=INDEL;NS=2548,GT,0|0,0|0,0|0,0|0,0|0,0|0,0|0,0|0,0|0,0|0,0|0,0|0,0|0,0|0,0|0,0|0,0|0,0|0,0|0,0|0,0|0,0|0,0|0,0|0,0|0,0|0,0|0,0|0,0|0,0|0,0|0,0|0,0|0,0|0,0|0,0|0,0|0,0|0,0|0,0|0,0|0,0|0,0|0,0|0,0|0,0|0,0|0,0|0,0|0,0|0,1|0,0|0,0|0,0|0,0|0,0|0,0|0,0|0,0|0,0|0,0|0,0|0,0|0,0|0,0|0,0|0,0|0,0|0,0|0,0|0,0|0,0|0,0|0,0|0,0|0,0|0,0|0,0|0,0|0,0|0,0|0,0|0,0|0,0|0,0|0,0|0,0|0,0|0,0|0,0|0,0|0,0|0,0|0,0|0,0|0,0|0,0|0,0|0,0|0,98,1,0,0,1,3,5096,22514,0.0,0.0,0.0,0.0,0.0,0.0,,INDEL,2548
22,29482385,.,G,A,.,PASS,AC=2;AN=5096;DP=22206;AF=0;EAS_AF=0;EUR_AF=0;AFR_AF=0;AMR_AF=0;SAS_AF=0;VT=SNP;NS=2548,GT,0|0,0|0,0|0,0|0,0|0,0|0,0|0,0|0,0|0,0|0,0|0,0|0,0|0,0|0,0|0,0|0,0|0,0|0,0|0,0|0,0|0,0|0,0|0,0|0,0|0,0|0,0|0,0|0,0|0,0|0,0|0,0|0,0|0,0|0,0|0,0|0,0|0,0|0,0|0,0|0,0|0,0|0,0|0,0|0,0|0,0|0,0|0,0|0,0|0,1|0,0|0,0|0,0|0,0|0,0|0,0|0,0|0,0|0,0|0,0|0,0|0,0|0,0|0,0|0,0|0,0|0,0|0,0|0,0|0,0|0,0|0,0|0,0|0,0|0,0|0,0|0,0|0,0|0,0|0,0|0,0|0,0|0,0|1,0|0,0|0,0|0,0|0,0|0,0|0,0|0,0|0,0|0,0|0,0|0,0|0,0|0,0|0,0|0,0|0,97,1,1,0,2,2,5096,22206,0.0,0.0,0.0,0.0,0.0,0.0,,SNP,2548
22,29483419,.,G,A,.,PASS,AC=3;AN=5096;DP=369355;AF=0;EAS_AF=0;EUR_AF=0;AFR_AF=0;AMR_AF=0;SAS_AF=0;EX_TARGET;VT=SNP;NS=2548,GT,0|0,0|0,0|0,0|0,0|0,0|0,0|0,0|0,0|0,0|0,0|0,0|0,0|0,0|0,0|0,0|0,0|0,0|0,0|0,0|0,1|0,0|0,0|0,0|0,0|0,0|0,0|0,0|0,0|0,0|0,0|0,0|0,0|0,0|0,0|0,0|0,0|0,0|0,0|0,0|0,0|0,0|0,0|0,0|0,0|0,0|0,0|0,0|0,0|0,0|0,0|0,0|0,0|0,0|0,0|0,0|0,0|0,0|0,0|0,0|0,0|0,0|0,0|0,0|0,0|0,0|0,0|0,0|0,0|0,0|0,0|0,0|0,0|0,0|0,0|0,0|0,0|0,0|0,0|0,0|0,0|0,0|0,0|0,0|0,0|0,0|0,0|0,0|0,0|0,0|0,0|0,0|0,0|0,0|1,0|0,0|0,0|0,0|0,0|0,97,1,1,0,2,3,5096,369355,0.0,0.0,0.0,0.0,0.0,0.0,,SNP,2548
22,29483617,.,T,C,.,PASS,AC=1;AN=5096;DP=106349;AF=0;EAS_AF=0;EUR_AF=0;AFR_AF=0;AMR_AF=0;SAS_AF=0;VT=SNP;NS=2548,GT,0|0,0|0,0|0,0|0,0|0,0|0,0|0,0|0,0|0,0|0,0|0,0|0,0|0,0|0,0|0,0|0,0|0,0|0,0|0,0|0,0|0,0|0,0|0,0|0,0|0,0|0,0|0,0|0,0|0,0|0,0|0,0|0,0|0,0|0,0|0,0|0,0|0,0|0,0|0,0|0,0|0,0|0,0|0,0|0,0|0,0|0,0|0,0|0,0|0,0|0,0|0,0|0,0|0,0|0,0|0,0|0,0|0,0|0,0|0,0|0,0|0,0|0,0|0,0|0,0|0,0|0,0|0,0|0,0|0,0|0,0|0,0|0,0|0,0|0,0|0,0|0,0|0,0|0,0|0,0|0,0|0,0|0,0|0,0|0,0|0,0|0,0|0,0|0,1|0,0|0,0|0,0|0,0|0,0|0,0|0,0|0,0|0,0|0,0|0,98,1,0,0,1,1,5096,106349,0.0,0.0,0.0,0.0,0.0,0.0,,SNP,2548
22,29483756,.,C,G,.,PASS,AC=416;AN=5096;DP=25283;AF=0.08;EAS_AF=0.17;EUR_AF=0.09;AFR_AF=0.03;AMR_AF=0.06;SAS_AF=0.07;VT=SNP;NS=2548,GT,0|1,0|0,0|0,1|0,1|1,0|1,0|0,1|0,0|0,1|0,1|0,1|0,0|1,0|0,0|0,0|0,0|0,0|0,0|0,0|0,0|0,0|1,0|0,1|0,0|0,0|0,0|1,0|0,1|0,0|0,0|0,0|0,0|1,0|0,0|0,0|0,0|1,0|1,0|0,0|0,0|1,0|1,0|0,0|0,0|0,1|0,0|0,0|1,1|1,1|0,0|0,0|0,0|0,1|0,1|0,1|0,0|1,0|0,0|0,0|0,0|0,0|0,1|0,0|0,1|0,0|0,0|1,0|0,0|0,1|0,1|0,0|0,0|0,0|1,0|1,0|0,0|0,1|0,0|0,0|1,0|0,0|0,0|1,0|1,1|1,0|0,0|0,0|0,0|1,0|0,0|0,1|0,0|0,1|0,0|1,0|1,0|1,0|1,0|0,54,19,23,3,48,416,5096,25283,0.08,0.17,0.09,0.03,0.06,0.07,,SNP,2548
22,29483768,.,GA,G,.,PASS,AC=1990;AN=5096;DP=22320;AF=0.39;EAS_AF=0.34;EUR_AF=0.35;AFR_AF=0.46;AMR_AF=0.32;SAS_AF=0.44;VT=INDEL;NS=2548,GT,1|0,1|1,0|1,1|0,0|1,0|1,0|0,0|1,0|1,0|0,0|1,0|1,0|1,0|1,1|0,0|0,0|0,1|1,1|1,1|0,1|0,1|0,0|0,0|1,0|0,1|1,0|0,1|0,0|1,0|0,0|0,1|1,0|0,0|0,0|0,0|1,0|0,0|1,1|0,1|0,1|0,1|0,0|0,0|0,0|0,0|0,1|0,0|0,0|0,0|0,1|0,0|1,1|1,1|0,0|1,0|1,0|0,1|1,0|1,0|1,0|1,1|0,0|0,0|1,0|1,1|0,0|1,0|0,0|1,0|1,0|0,1|0,1|0,1|0,1|1,0|0,0|1,0|0,1|0,0|0,0|0,1|0,1|0,0|0,0|0,0|0,0|0,1|0,0|0,0|0,0|0,0|0,0|0,0|1,1|0,0|0,0|0,1|0,1|0,39,26,26,8,68,1990,5096,22320,0.39,0.34,0.35,0.46,0.32,0.44,,INDEL,2548
22,29483827,.,TTTTATTTA,T,.,PASS,AC=1782;AN=5096;DP=17104;AF=0.35;EAS_AF=0.42;EUR_AF=0.17;AFR_AF=0.41;AMR_AF=0.24;SAS_AF=0.47;VT=INDEL;NS=2548,GT,1|1,1|1,0|0,1|0,1|1,0|1,0|0,1|1,1|1,1|0,1|1,1|1,0|1,0|1,1|0,0|0,0|0,1|1,1|1,1|0,0|0,1|1,0|0,1|0,0|0,1|1,0|1,1|0,1|1,0|0,0|0,1|1,0|1,0|0,1|0,0|0,0|1,0|1,1|0,1|0,1|1,0|1,0|0,0|0,0|0,1|0,1|0,0|1,1|1,1|0,1|0,0|0,1|1,1|0,1|1,1|0,0|1,1|1,0|1,0|1,0|1,1|0,1|1,0|0,1|1,1|0,0|1,1|0,0|1,1|1,1|0,1|0,0|1,1|1,1|1,0|0,0|0,1|0,1|0,0|1,0|0,1|0,1|1,0|1,1|1,0|0,0|0,1|0,0|1,0|0,0|0,1|0,0|0,1|0,1|1,0|1,0|1,1|1,1|0,24,27,21,27,102,1782,5096,17104,0.35,0.42,0.17,0.41,0.24,0.47,,INDEL,2548
22,29483928,.,C,A,.,PASS,AC=154;AN=5096;DP=16784;AF=0.03;EAS_AF=0.03;EUR_AF=0.06;AFR_AF=0;AMR_AF=0.03;SAS_AF=0.04;VT=SNP;NS=2548,GT,0|0,0|0,0|0,0|0,0|0,0|0,0|0,0|0,0|0,0|0,0|0,0|0,0|0,0|0,0|0,0|0,0|0,0|0,0|0,0|0,0|0,0|0,0|0,0|0,0|0,0|0,0|0,0|0,0|0,0|0,0|0,0|0,0|0,0|0,0|0,0|0,0|0,0|0,0|0,0|0,0|0,0|0,0|0,1|0,0|0,0|0,0|0,0|0,0|0,0|0,0|1,0|0,0|0,0|0,0|0,0|0,0|0,0|0,0|0,0|0,0|0,0|0,0|0,0|0,0|0,0|0,0|0,0|0,0|0,0|0,0|0,0|0,0|0,0|0,0|0,0|0,1|0,0|0,0|0,0|0,1|0,0|0,0|0,0|0,0|0,0|0,0|0,0|0,0|0,0|0,0|0,0|0,0|0,0|0,0|0,0|0,0|0,0|0,0|0,95,3,1,0,4,154,5096,16784,0.03,0.03,0.06,0.0,0.03,0.04,,SNP,2548
22,29484060,.,G,A,.,PASS,AC=1026;AN=5096;DP=14481;AF=0.2;EAS_AF=0.1;EUR_AF=0.32;AFR_AF=0.07;AMR_AF=0.33;SAS_AF=0.27;VT=SNP;NS=2548,GT,0|0,0|0,0|1,0|1,0|0,0|0,0|0,0|0,0|0,0|0,0|0,0|0,0|0,1|0,0|0,0|0,0|0,0|0,0|0,0|1,0|0,0|0,1|0,0|0,0|0,0|0,0|0,0|0,0|0,0|0,0|0,0|0,0|0,0|0,0|0,0|0,0|0,0|0,0|0,0|0,0|0,0|0,0|0,0|0,1|0,0|0,0|0,0|0,0|0,0|0,0|0,0|1,0|0,0|0,0|0,0|0,0|0,0|0,0|0,0|0,0|0,0|0,0|0,1|0,0|0,0|1,0|0,0|1,0|0,0|0,0|0,0|0,0|0,0|0,0|0,0|0,0|0,0|0,0|0,1|0,0|1,0|0,0|0,1|0,0|0,1|0,0|0,0|0,0|0,0|0,0|0,0|1,0|0,0|0,0|0,1|0,0|0,0|0,0|0,83,8,8,0,16,1026,5096,14481,0.2,0.1,0.32,0.07,0.33,0.27,,SNP,2548
22,29484272,.,G,A,.,PASS,AC=271;AN=5096;DP=22997;AF=0.05;EAS_AF=0.01;EUR_AF=0.04;AFR_AF=0.11;AMR_AF=0.04;SAS_AF=0.05;VT=SNP;NS=2548,GT,0|0,0|0,0|0,0|0,0|0,0|0,0|0,0|0,1|0,0|0,0|1,0|0,0|0,0|0,0|0,0|0,0|0,0|0,0|0,0|0,0|0,0|0,0|0,0|0,0|0,0|0,0|0,0|0,0|0,0|0,0|0,0|0,0|0,0|0,1|0,0|0,0|0,0|0,0|0,0|0,0|0,0|0,0|0,0|0,0|0,0|0,0|0,0|0,0|0,0|0,0|0,0|0,0|0,0|0,0|0,0|0,0|0,0|0,0|1,0|0,0|0,0|0,0|0,0|0,0|0,0|0,0|0,1|0,0|0,0|0,0|0,0|0,0|1,0|0,0|0,0|0,0|0,0|0,0|0,0|0,0|0,0|0,0|0,0|0,0|0,0|0,0|0,0|0,0|0,0|0,0|0,0|0,0|0,0|0,0|0,0|0,0|0,0|0,0|0,93,3,3,0,6,271,5096,22997,0.05,0.01,0.04,0.11,0.04,0.05,,SNP,2548
22,29484382,.,G,A,.,PASS,AC=31;AN=5096;DP=17078;AF=0.01;EAS_AF=0.03;EUR_AF=0;AFR_AF=0;AMR_AF=0;SAS_AF=0;VT=SNP;NS=2548,GT,0|0,0|0,0|0,0|0,0|0,0|0,0|0,0|0,0|0,0|0,0|0,0|0,0|0,0|0,0|0,0|0,0|0,0|0,0|0,0|0,0|0,0|0,0|0,0|0,0|0,0|0,0|0,0|0,0|0,0|0,0|0,0|0,0|0,0|0,0|0,0|0,0|0,0|0,0|0,0|0,0|0,0|0,0|0,1|0,0|0,0|0,0|0,0|0,0|0,0|0,0|1,0|0,0|0,0|0,0|0,0|0,0|0,0|0,0|0,0|0,0|0,0|0,0|0,0|0,0|0,0|0,0|0,0|0,0|0,0|0,0|0,0|0,0|0,0|0,0|0,0|0,1|0,0|0,0|0,0|0,1|0,0|0,0|0,0|0,0|0,0|0,0|0,0|0,0|0,0|0,0|0,0|0,0|0,0|0,0|0,0|0,0|0,0|0,0|0,95,3,1,0,4,31,5096,17078,0.01,0.03,0.0,0.0,0.0,0.0,,SNP,2548
22,29484513,.,G,A,.,PASS,AC=241;AN=5096;DP=18567;AF=0.05;EAS_AF=0.17;EUR_AF=0;AFR_AF=0;AMR_AF=0.03;SAS_AF=0.04;VT=SNP;NS=2548,GT,0|0,0|0,0|0,0|0,0|0,1|0,0|1,0|0,0|0,0|1,0|0,0|0,0|0,0|0,0|0,0|1,0|1,0|0,0|0,0|0,1|1,0|0,0|1,0|1,1|1,0|0,0|0,0|0,0|0,1|0,1|1,0|0,1|0,0|0,0|0,1|1,0|0,0|0,0|0,0|0,0|0,0|0,0|1,0|0,0|1,0|1,0|1,0|0,0|0,0|0,0|0,0|0,0|0,0|0,0|0,0|0,0|0,0|0,0|0,0|0,0|0,0|1,0|0,0|1,0|0,0|0,1|0,0|0,0|0,0|0,0|1,0|1,0|0,0|0,0|0,0|1,0|1,0|0,0|0,0|0,0|0,0|0,0|0,0|0,0|0,0|0,0|1,0|0,0|0,0|0,0|0,0|0,0|1,0|1,0|0,0|0,0|0,0|0,0|1,71,4,20,4,32,241,5096,18567,0.05,0.17,0.0,0.0,0.03,0.04,,SNP,2548
22,29484784,.,A,G,.,PASS,AC=719;AN=5096;DP=19717;AF=0.14;EAS_AF=0.1;EUR_AF=0.21;AFR_AF=0.02;AMR_AF=0.22;SAS_AF=0.21;VT=SNP;NS=2548,GT,0|0,0|0,0|0,0|0,0|0,1|0,0|0,0|0,0|1,0|0,0|0,0|0,0|0,0|0,1|0,0|0,0|0,1|0,0|1,0|1,0|1,0|0,0|0,0|0,0|0,0|1,0|0,0|0,0|0,0|0,0|0,0|0,0|0,0|0,0|0,0|0,0|0,0|0,1|0,1|0,1|0,0|0,0|0,0|0,0|0,0|0,0|0,0|0,0|0,0|0,0|0,0|1,0|0,0|0,0|0,0|0,0|0,0|0,0|0,0|0,0|0,1|0,0|1,1|0,0|0,0|0,0|0,0|0,0|1,0|0,0|0,0|0,0|0,0|0,1|0,0|0,0|0,0|0,0|0,0|0,0|1,1|0,0|0,0|0,0|0,0|0,0|0,0|0,0|0,1|0,0|0,0|1,0|0,0|0,0|0,0|0,0|0,0|0,1|0,77,12,10,0,22,719,5096,19717,0.14,0.1,0.21,0.02,0.22,0.21,,SNP,2548
22,29484925,.,T,C,.,PASS,AC=3980;AN=5096;DP=22547;AF=0.78;EAS_AF=0.88;EUR_AF=0.64;AFR_AF=0.91;AMR_AF=0.64;SAS_AF=0.74;VT=SNP;NS=2548,GT,1|1,1|1,1|1,1|1,1|1,0|1,1|1,1|1,1|0,1|1,1|1,1|1,1|1,1|1,0|1,1|1,1|1,1|1,1|1,1|1,1|1,1|1,1|1,1|1,1|1,1|0,1|1,1|1,1|1,1|1,1|1,1|1,1|1,1|1,1|1,1|1,1|1,1|1,0|1,0|1,0|1,1|1,0|1,1|1,1|1,1|1,1|1,1|1,1|1,1|1,1|1,0|1,1|1,1|1,1|1,1|1,1|1,1|1,1|1,1|1,1|1,0|1,1|0,1|1,1|1,0|1,1|1,1|1,1|0,1|1,1|1,1|1,1|0,1|1,0|1,1|1,1|1,1|1,1|0,1|1,1|1,0|1,1|1,1|1,1|1,1|1,0|1,1|1,0|1,0|1,1|1,1|1,1|1,1|1,1|1,1|1,1|1,1|1,0|1,0,6,15,78,177,3980,5096,22547,0.78,0.88,0.64,0.91,0.64,0.74,,SNP,2548
22,29484927,.,C,T,.,PASS,AC=2;AN=5096;DP=22768;AF=0;EAS_AF=0;EUR_AF=0;AFR_AF=0;AMR_AF=0;SAS_AF=0;VT=SNP;NS=2548,GT,0|0,0|0,0|0,0|0,0|0,0|0,0|0,0|0,0|0,0|0,0|0,0|0,0|0,0|0,0|0,0|0,0|0,0|0,0|0,0|0,0|0,0|0,0|0,0|0,0|0,0|0,0|0,0|0,0|0,0|0,0|0,0|0,0|0,0|0,0|0,0|0,0|0,0|0,0|0,0|0,0|0,0|0,0|0,0|0,0|0,0|0,0|0,0|0,0|0,0|0,0|0,0|0,0|0,0|0,0|0,0|0,0|0,0|0,0|0,0|0,0|0,0|0,0|0,0|0,0|0,0|0,0|0,0|0,0|0,0|0,0|0,0|0,0|0,0|0,0|0,0|1,0|0,0|0,0|0,0|0,0|0,0|0,0|0,0|0,0|0,0|0,0|0,0|0,0|0,0|0,0|0,0|0,0|0,0|0,0|0,0|0,0|0,0|0,0|0,98,0,1,0,1,2,5096,22768,0.0,0.0,0.0,0.0,0.0,0.0,,SNP,2548
22,29485225,.,C,T,.,PASS,AC=3718;AN=5096;DP=23660;AF=0.73;EAS_AF=0.87;EUR_AF=0.63;AFR_AF=0.76;AMR_AF=0.64;SAS_AF=0.72;VT=SNP;NS=2548,GT,1|1,1|1,1|1,1|1,1|0,0|1,1|0,1|1,1|0,1|1,1|0,1|1,1|1,1|1,0|1,1|1,1|1,1|1,1|1,1|1,1|1,1|1,1|1,1|1,1|1,1|0,1|1,1|1,1|1,1|1,1|1,1|1,1|1,1|1,0|1,1|1,1|1,1|1,0|1,0|1,0|1,1|1,0|1,1|1,1|1,1|1,1|1,1|1,1|1,1|1,1|1,0|1,1|1,1|1,1|1,1|1,1|1,1|1,1|0,1|1,1|1,0|1,1|0,1|1,1|1,0|1,1|1,0|1,1|0,1|1,1|1,1|1,1|0,1|1,0|1,1|1,1|1,1|1,1|0,1|1,1|1,0|1,1|1,1|1,1|1,1|1,0|1,1|1,0|1,0|1,1|1,1|1,1|1,1|1,1|1,1|1,1|1,1|1,0|1,0,10,17,72,171,3718,5096,23660,0.73,0.87,0.63,0.76,0.64,0.72,,SNP,2548
22,29485263,.,C,T,.,PASS,AC=1;AN=5096;DP=23028;AF=0;EAS_AF=0;EUR_AF=0;AFR_AF=0;AMR_AF=0;SAS_AF=0;VT=SNP;NS=2548,GT,0|0,0|0,0|0,0|0,0|0,0|0,0|0,0|0,0|0,0|0,0|0,0|0,0|0,0|0,0|0,0|0,0|0,0|0,0|0,0|0,0|0,0|0,0|0,0|0,0|0,0|0,0|0,0|0,0|0,0|0,0|0,0|0,0|0,0|0,0|0,0|0,0|0,0|0,0|0,0|0,0|0,0|0,0|0,0|0,0|0,0|0,0|0,0|0,0|0,0|0,0|0,0|0,0|0,0|0,0|0,0|0,0|0,0|0,0|0,0|0,0|0,0|0,0|0,0|0,0|0,0|0,0|0,0|0,0|0,1|0,0|0,0|0,0|0,0|0,0|0,0|0,0|0,0|0,0|0,0|0,0|0,0|0,0|0,0|0,0|0,0|0,0|0,0|0,0|0,0|0,0|0,0|0,0|0,0|0,0|0,0|0,0|0,0|0,0|0,98,1,0,0,1,1,5096,23028,0.0,0.0,0.0,0.0,0.0,0.0,,SNP,2548
22,29485479,.,G,A,.,PASS,AC=1713;AN=5096;DP=33833;AF=0.34;EAS_AF=0.41;EUR_AF=0.3;AFR_AF=0.42;AMR_AF=0.24;SAS_AF=0.26;VT=SNP;NS=2548,GT,1|1,1|1,0|0,1|0,1|0,0|1,0|1,1|1,0|0,1|0,1|0,1|1,0|1,1|0,0|1,0|0,0|0,1|1,1|1,1|1,1|0,1|1,1|0,0|0,0|0,1|0,0|1,1|1,1|0,0|1,0|0,1|0,0|1,1|0,0|1,0|0,0|1,1|1,0|0,0|0,0|1,1|1,0|0,1|1,1|0,1|0,1|0,0|1,0|1,1|0,1|1,0|0,1|1,1|0,1|1,1|0,0|1,1|1,1|0,0|1,0|1,0|0,1|0,0|0,1|1,0|0,0|1,0|0,0|0,0|1,0|0,1|0,0|0,1|1,0|1,0|0,1|0,1|1,0|0,0|1,1|0,0|0,1|1,1|1,1|1,0|1,0|0,1|0,0|1,0|0,0|0,1|0,1|0,1|1,1|1,1|1,0|1,1|1,0|0,26,25,22,26,99,1713,5096,33833,0.34,0.41,0.3,0.42,0.24,0.26,,SNP,2548
22,29485777,.,G,A,.,PASS,AC=7;AN=5096;DP=258660;AF=0;EAS_AF=0;EUR_AF=0;AFR_AF=0;AMR_AF=0;SAS_AF=0;EX_TARGET;VT=SNP;NS=2548,GT,0|0,0|0,0|0,0|0,0|0,0|0,0|0,0|0,0|0,0|0,0|0,0|0,0|0,0|0,0|0,0|0,0|0,0|0,0|0,0|0,0|0,0|0,0|0,0|0,0|0,0|0,0|0,0|0,0|0,0|0,0|0,0|0,0|0,0|0,0|0,0|0,0|0,0|0,0|0,0|0,0|0,0|0,0|0,0|0,0|0,0|0,0|0,0|0,0|0,0|0,0|0,0|0,0|0,0|0,0|0,0|0,0|0,0|0,0|0,0|0,0|0,0|0,0|0,0|0,0|0,0|0,0|0,0|0,0|0,0|0,0|0,0|0,0|0,0|0,0|0,0|0,0|0,0|0,0|0,0|0,0|0,0|0,0|0,0|0,0|0,0|0,0|0,0|0,0|0,0|0,1|0,0|0,0|0,0|0,0|0,0|0,0|0,0|0,0|0,98,1,0,0,1,7,5096,258660,0.0,0.0,0.0,0.0,0.0,0.0,,SNP,2548
22,29485839,.,C,T,.,PASS,AC=505;AN=5096;DP=255872;AF=0.1;EAS_AF=0.05;EUR_AF=0.14;AFR_AF=0.04;AMR_AF=0.12;SAS_AF=0.17;EX_TARGET;VT=SNP;NS=2548,GT,0|0,0|0,0|0,0|0,0|0,1|0,0|0,0|0,0|1,0|0,0|0,0|0,0|0,0|0,1|0,0|0,0|0,0|0,0|0,0|0,0|0,0|0,0|0,0|0,0|0,0|1,0|0,0|0,0|0,0|0,0|0,0|0,0|0,0|0,0|0,0|0,0|0,0|0,1|0,1|0,1|0,0|0,0|0,0|0,0|0,0|0,0|0,0|0,0|0,0|0,0|0,0|0,0|0,0|0,0|0,0|0,0|0,0|0,0|0,0|0,0|0,1|0,0|1,0|0,0|0,0|0,0|0,0|0,0|1,0|0,0|0,0|0,0|0,0|0,1|0,0|0,0|0,0|0,0|0,0|0,0|0,1|0,0|0,0|0,0|0,0|0,0|0,0|0,0|0,1|0,0|0,0|0,0|0,0|0,0|0,0|0,0|0,0|0,1|0,85,10,4,0,14,505,5096,255872,0.1,0.05,0.14,0.04,0.12,0.17,,SNP,2548
22,29485895,.,G,A,.,PASS,AC=5024;AN=5096;DP=162423;AF=0.99;EAS_AF=1;EUR_AF=0.96;AFR_AF=1;AMR_AF=0.97;SAS_AF=0.99;EX_TARGET;VT=SNP;NS=2548,GT,1|1,1|1,1|1,1|1,1|1,1|1,1|1,1|1,1|1,1|1,1|1,1|1,1|1,1|1,1|1,1|1,1|1,1|1,1|1,1|1,1|1,1|1,1|1,1|1,1|1,1|1,1|1,1|1,1|1,1|1,1|1,1|1,1|1,1|1,1|1,1|1,1|1,1|1,1|1,1|1,1|1,1|1,1|1,1|1,1|1,1|1,1|1,1|1,1|1,1|1,1|1,1|1,1|1,1|1,1|1,1|1,1|1,1|1,1|1,1|1,1|1,1|1,1|1,1|1,1|1,1|1,1|1,1|1,1|1,1|1,1|1,1|1,1|1,1|1,1|1,1|1,1|1,1|1,1|1,1|1,1|1,1|1,1|1,1|1,1|1,1|1,1|1,1|1,1|1,1|1,1|1,1|1,1|1,1|1,1|1,1|1,1|1,1|1,1|1,0,0,0,99,198,5024,5096,162423,0.99,1.0,0.96,1.0,0.97,0.99,,SNP,2548
22,29486051,.,C,T,.,PASS,AC=2;AN=5096;DP=28753;AF=0;EAS_AF=0;EUR_AF=0;AFR_AF=0;AMR_AF=0;SAS_AF=0;VT=SNP;NS=2548,GT,0|0,0|0,0|0,0|0,0|0,0|0,0|0,0|0,0|0,0|0,0|0,0|0,0|0,0|0,1|0,0|0,0|0,0|0,0|0,0|0,0|0,0|0,0|0,0|0,0|0,0|0,0|0,0|0,0|0,0|0,0|0,0|0,0|0,0|0,0|0,0|0,0|0,0|0,0|0,0|0,1|0,0|0,0|0,0|0,0|0,0|0,0|0,0|0,0|0,0|0,0|0,0|0,0|0,0|0,0|0,0|0,0|0,0|0,0|0,0|0,0|0,0|0,0|0,0|0,0|0,0|0,0|0,0|0,0|0,0|0,0|0,0|0,0|0,0|0,0|0,0|0,0|0,0|0,0|0,0|0,0|0,0|0,0|0,0|0,0|0,0|0,0|0,0|0,0|0,0|0,0|0,0|0,0|0,0|0,0|0,0|0,0|0,0|0,0|0,97,2,0,0,2,2,5096,28753,0.0,0.0,0.0,0.0,0.0,0.0,,SNP,2548
22,29486196,.,T,A,.,PASS,AC=8;AN=5096;DP=18046;AF=0;EAS_AF=0;EUR_AF=0;AFR_AF=0;AMR_AF=0;SAS_AF=0;VT=SNP;NS=2548,GT,0|0,0|0,0|0,0|0,0|0,0|0,0|0,0|0,0|0,0|0,0|0,0|0,0|0,0|0,0|0,0|0,0|0,0|0,0|0,0|0,0|0,0|0,0|0,0|0,0|0,0|0,0|0,0|0,0|0,0|0,0|0,0|0,0|0,0|0,0|0,0|0,0|0,0|0,0|0,0|0,0|0,0|0,0|0,0|0,0|0,0|0,0|0,0|0,0|0,0|0,0|0,0|0,0|0,0|0,0|0,0|0,0|0,0|0,0|0,0|0,0|0,0|0,0|0,0|0,0|0,0|0,0|0,0|0,0|0,0|0,0|0,0|0,0|0,0|0,0|0,0|0,0|0,0|0,0|0,0|0,0|1,0|0,0|0,0|0,0|0,0|0,0|0,0|0,0|0,0|0,0|0,0|0,0|0,0|0,0|0,0|0,0|0,0|0,0|0,98,0,1,0,1,8,5096,18046,0.0,0.0,0.0,0.0,0.0,0.0,,SNP,2548
22,29486197,.,T,A,.,PASS,AC=85;AN=5096;DP=17979;AF=0.02;EAS_AF=0.01;EUR_AF=0;AFR_AF=0.05;AMR_AF=0.01;SAS_AF=0.01;VT=SNP;NS=2548,GT,0|0,0|0,0|0,0|0,0|0,0|0,0|0,0|0,0|0,0|0,0|0,0|0,0|0,0|0,0|0,0|0,0|0,0|0,0|0,0|0,0|0,0|0,0|0,0|0,0|0,0|0,0|0,0|0,0|0,0|0,0|0,0|0,0|0,0|0,0|0,0|0,0|0,1|0,0|0,0|0,0|0,1|0,0|0,0|0,0|0,0|0,0|0,0|0,0|0,0|0,0|0,0|0,0|0,0|0,0|0,0|0,0|0,0|0,0|0,0|0,0|0,0|0,0|0,0|0,0|0,0|0,0|0,0|0,0|0,0|0,0|0,0|0,0|0,0|0,0|0,0|0,0|0,0|0,0|0,0|0,0|0,0|0,0|0,0|0,0|0,0|0,0|0,0|0,0|0,0|0,0|0,0|0,0|0,0|0,0|0,0|0,0|0,0|0,0|0,97,2,0,0,2,85,5096,17979,0.02,0.01,0.0,0.05,0.01,0.01,,SNP,2548
22,29486235,.,G,C,.,PASS,AC=1;AN=5096;DP=17943;AF=0;EAS_AF=0;EUR_AF=0;AFR_AF=0;AMR_AF=0;SAS_AF=0;VT=SNP;NS=2548,GT,0|0,0|0,0|0,0|0,0|0,0|0,0|0,0|0,0|0,0|0,0|0,0|0,0|0,0|0,0|0,0|0,0|0,0|0,0|0,0|0,0|0,0|0,0|0,0|0,0|0,0|0,0|0,0|0,0|0,0|0,0|0,0|0,0|0,0|0,0|0,0|0,0|0,0|0,0|0,0|0,0|0,0|0,0|0,0|0,0|0,0|0,0|0,0|0,0|0,0|0,0|0,0|0,0|0,0|0,0|0,0|0,0|0,0|0,0|0,0|0,0|0,0|0,0|0,0|0,0|0,0|0,0|0,0|0,0|0,0|0,0|0,0|0,0|0,0|0,0|0,0|0,0|1,0|0,0|0,0|0,0|0,0|0,0|0,0|0,0|0,0|0,0|0,0|0,0|0,0|0,0|0,0|0,0|0,0|0,0|0,0|0,0|0,0|0,0|0,98,0,1,0,1,1,5096,17943,0.0,0.0,0.0,0.0,0.0,0.0,,SNP,2548
22,29486258,.,C,G,.,PASS,AC=14;AN=5096;DP=19000;AF=0;EAS_AF=0.01;EUR_AF=0;AFR_AF=0;AMR_AF=0;SAS_AF=0;VT=SNP;NS=2548,GT,0|0,0|0,0|0,0|0,0|0,0|0,0|0,0|0,0|0,0|0,0|0,0|1,0|0,0|0,0|0,0|0,0|0,0|0,0|0,0|0,0|0,0|0,0|0,0|0,0|0,0|0,0|0,0|0,0|0,0|0,0|0,0|0,0|0,0|0,0|0,0|0,0|0,0|0,0|0,0|0,0|0,0|0,0|0,0|0,0|0,0|0,0|0,0|0,0|0,0|0,0|0,0|0,0|0,0|0,0|0,0|0,0|0,0|0,0|0,0|0,0|0,0|0,0|0,0|0,0|0,0|0,0|0,0|0,0|0,0|0,0|0,0|0,0|0,0|0,0|0,0|0,0|0,0|0,0|0,0|0,0|0,0|0,0|0,0|0,0|0,0|0,0|0,0|0,0|0,0|0,0|0,0|0,0|0,0|0,0|0,0|0,0|0,0|0,0|0,98,0,1,0,1,14,5096,19000,0.0,0.01,0.0,0.0,0.0,0.0,,SNP,2548
22,29486696,.,T,G,.,PASS,AC=2;AN=5096;DP=18384;AF=0;EAS_AF=0;EUR_AF=0;AFR_AF=0;AMR_AF=0;SAS_AF=0;VT=SNP;NS=2548,GT,0|0,0|0,0|0,0|0,0|0,0|0,0|0,0|0,0|0,0|0,0|0,0|0,0|0,0|0,0|0,1|0,0|0,0|0,0|0,0|0,0|0,0|0,0|0,0|0,0|0,0|0,0|0,0|0,0|0,0|0,0|0,0|0,0|0,0|0,0|0,0|0,0|0,0|0,0|0,0|0,0|0,0|0,0|0,0|0,0|0,0|0,0|0,0|0,0|0,0|0,0|0,0|0,0|0,0|0,0|0,0|0,0|0,0|0,0|0,0|0,0|0,0|0,0|0,0|0,0|0,0|0,0|0,0|0,0|0,0|0,0|0,0|0,0|0,0|0,0|0,0|0,0|0,0|0,0|0,0|0,0|0,0|0,0|0,0|0,0|0,0|0,0|0,0|0,0|0,0|0,0|0,0|0,0|0,0|0,0|0,0|0,0|0,0|0,0|0,98,1,0,0,1,2,5096,18384,0.0,0.0,0.0,0.0,0.0,0.0,,SNP,2548
22,29486984,.,C,T,.,PASS,AC=480;AN=5096;DP=22982;AF=0.09;EAS_AF=0.05;EUR_AF=0.14;AFR_AF=0.02;AMR_AF=0.12;SAS_AF=0.17;VT=SNP;NS=2548,GT,0|0,0|0,0|0,0|0,0|0,1|0,0|0,0|0,0|1,0|0,0|0,0|0,0|0,0|0,1|0,0|0,0|0,0|0,0|0,0|0,0|0,0|0,0|0,0|0,0|0,0|1,0|0,0|0,0|0,0|0,0|0,0|0,0|0,0|0,0|0,0|0,0|0,0|0,1|0,1|0,1|0,0|0,0|0,0|0,0|0,0|0,0|0,0|0,0|0,0|0,0|0,0|0,0|0,0|0,0|0,0|0,0|0,0|0,0|0,0|0,0|0,1|0,0|1,0|0,0|0,0|0,0|0,0|0,0|1,0|0,0|0,0|0,0|0,0|0,1|0,0|0,0|0,0|0,0|0,0|0,0|0,1|0,0|0,0|0,0|0,0|0,0|0,0|0,0|0,1|0,0|0,0|0,0|0,0|0,0|0,0|0,0|0,0|0,1|0,85,10,4,0,14,480,5096,22982,0.09,0.05,0.14,0.02,0.12,0.17,,SNP,2548
22,29487130,.,TAGTC,T,.,PASS,AC=657;AN=5096;DP=21475;AF=0.13;EAS_AF=0.05;EUR_AF=0.14;AFR_AF=0.15;AMR_AF=0.13;SAS_AF=0.17;VT=INDEL;NS=2548,GT,0|0,0|0,0|0,0|0,0|0,1|0,0|0,0|0,0|1,0|0,0|0,0|0,0|0,0|0,1|0,0|0,0|0,0|0,0|0,0|0,0|0,0|0,0|0,0|0,0|0,0|1,0|0,0|0,0|0,0|0,0|0,0|0,0|0,0|0,0|0,0|0,0|0,0|0,1|0,1|0,1|0,0|0,0|0,0|0,0|0,0|0,0|0,0|0,0|0,0|0,0|0,0|0,0|0,0|0,0|0,0|0,0|0,0|0,0|0,0|0,0|0,1|0,0|1,0|0,0|0,0|0,0|0,0|0,0|1,0|0,0|0,0|0,0|0,0|0,1|0,0|0,0|0,0|0,0|0,0|0,0|0,1|0,0|0,0|0,0|0,0|0,0|0,0|0,0|0,1|0,0|0,0|0,0|0,0|0,0|0,0|0,0|0,0|0,1|0,85,10,4,0,14,657,5096,21475,0.13,0.05,0.14,0.15,0.13,0.17,,INDEL,2548
22,29487779,.,CACTT,C,.,PASS,AC=656;AN=5096;DP=23129;AF=0.13;EAS_AF=0.05;EUR_AF=0.14;AFR_AF=0.15;AMR_AF=0.13;SAS_AF=0.17;VT=INDEL;NS=2548,GT,0|0,0|0,0|0,0|0,0|0,1|0,0|0,0|0,0|1,0|0,0|0,0|0,0|0,0|0,1|0,0|0,0|0,0|0,0|0,0|0,0|0,0|0,0|0,0|0,0|0,0|1,0|0,0|0,0|0,0|0,0|0,0|0,0|0,0|0,0|0,0|0,0|0,0|0,1|0,1|0,1|0,0|0,0|0,0|0,0|0,0|0,0|0,0|0,0|0,0|0,0|0,0|0,0|0,0|0,0|0,0|0,0|0,0|0,0|0,0|0,0|0,1|0,0|1,0|0,0|0,0|0,0|0,0|0,0|1,0|0,0|0,0|0,0|0,0|0,1|0,0|0,0|0,0|0,0|0,0|0,0|0,1|0,0|0,0|0,0|0,0|0,0|0,0|0,0|0,1|0,0|0,0|0,0|0,0|0,0|0,0|0,0|0,0|0,1|0,85,10,4,0,14,656,5096,23129,0.13,0.05,0.14,0.15,0.13,0.17,,INDEL,2548
22,29487903,.,G,T,.,PASS,AC=4318;AN=5096;DP=21985;AF=0.85;EAS_AF=0.93;EUR_AF=0.77;AFR_AF=0.86;AMR_AF=0.77;SAS_AF=0.89;VT=SNP;NS=2548,GT,1|1,1|1,1|1,1|1,1|0,1|1,1|1,1|1,1|1,1|1,1|0,1|1,1|1,1|1,1|1,1|1,1|1,1|1,1|1,1|1,1|1,1|1,1|1,1|1,1|1,1|1,1|1,1|1,1|1,1|1,1|1,1|1,1|1,1|1,0|1,1|1,1|1,1|1,1|1,1|1,1|1,1|1,0|1,1|1,1|1,1|1,1|1,1|1,1|1,1|1,1|1,0|1,1|1,1|1,1|1,1|1,1|1,1|1,1|0,1|1,1|1,1|1,1|1,1|1,1|1,0|1,1|1,0|1,1|1,1|1,1|1,1|1,1|0,1|1,1|1,1|1,1|1,1|1,1|0,1|1,1|1,1|1,1|1,1|1,1|1,1|1,0|1,1|1,0|1,1|1,1|1,1|1,1|1,1|1,1|1,1|1,1|1,1|1,1|1,0,5,7,87,186,4318,5096,21985,0.85,0.93,0.77,0.86,0.77,0.89,,SNP,2548
22,29488085,.,G,A,.,PASS,AC=1;AN=5096;DP=20943;AF=0;EAS_AF=0;EUR_AF=0;AFR_AF=0;AMR_AF=0;SAS_AF=0;VT=SNP;NS=2548,GT,0|0,0|0,0|0,0|0,0|0,0|0,0|0,0|0,0|0,0|0,0|0,0|0,0|0,0|0,0|0,0|0,0|0,0|0,0|0,0|0,0|0,0|0,0|0,0|0,0|0,0|0,0|0,0|0,0|0,0|0,0|0,0|0,0|0,0|0,0|0,0|0,0|0,0|0,0|0,0|0,0|0,0|0,0|0,0|0,0|0,0|0,0|0,0|0,0|0,0|0,0|0,0|0,0|0,0|0,0|0,0|0,0|0,0|0,0|0,0|0,0|0,0|0,0|0,0|0,0|0,0|0,0|0,0|0,0|0,0|0,0|0,0|0,0|0,0|0,0|0,1|0,0|0,0|0,0|0,0|0,0|0,0|0,0|0,0|0,0|0,0|0,0|0,0|0,0|0,0|0,0|0,0|0,0|0,0|0,0|0,0|0,0|0,0|0,0|0,98,1,0,0,1,1,5096,20943,0.0,0.0,0.0,0.0,0.0,0.0,,SNP,2548
22,29488288,.,T,C,.,PASS,AC=4278;AN=5096;DP=19182;AF=0.84;EAS_AF=0.93;EUR_AF=0.77;AFR_AF=0.83;AMR_AF=0.76;SAS_AF=0.89;VT=SNP;NS=2548,GT,1|1,1|1,1|1,1|1,1|0,1|1,1|1,1|1,1|1,1|1,1|0,1|1,1|1,1|1,1|1,1|1,1|1,1|1,1|1,1|1,1|1,1|1,1|1,1|1,1|1,1|1,1|1,1|1,1|1,1|1,1|1,1|1,1|1,1|1,0|1,1|1,1|1,1|1,1|1,1|1,1|1,1|1,0|1,1|1,1|1,1|1,1|1,1|1,1|1,1|1,1|1,0|1,1|1,1|1,1|1,1|1,1|1,1|1,1|0,1|1,1|1,1|1,1|1,1|1,1|1,0|1,1|1,0|1,1|1,1|1,1|1,1|1,1|0,1|1,1|1,1|1,1|1,1|1,1|0,1|1,1|1,1|1,1|1,1|1,1|1,1|1,0|1,1|1,0|1,1|1,1|1,1|1,1|1,1|1,1|1,1|1,1|1,1|1,1|1,0,5,7,87,186,4278,5096,19182,0.84,0.93,0.77,0.83,0.76,0.89,,SNP,2548
22,29488391,.,G,GA,.,PASS,AC=568;AN=5096;DP=20392;AF=0.11;EAS_AF=0.04;EUR_AF=0.27;AFR_AF=0.06;AMR_AF=0.14;SAS_AF=0.07;VT=INDEL;NS=2548,GT,0|0,0|0,0|0,0|0,0|0,0|0,0|0,0|0,0|0,0|0,0|0,0|0,0|0,0|0,0|0,0|0,0|0,0|0,0|0,0|0,0|0,0|0,0|0,0|0,0|0,0|0,0|0,0|0,0|0,0|0,0|0,0|0,0|0,1|0,0|0,0|0,0|0,0|0,0|0,0|0,0|0,0|0,0|0,1|0,0|0,0|0,0|0,0|0,0|0,0|0,0|1,0|0,0|0,0|0,0|0,0|0,0|0,0|0,0|0,0|0,0|0,0|0,0|0,0|0,0|0,0|0,0|0,0|0,0|0,0|0,0|0,0|0,0|0,0|0,0|0,0|0,1|0,0|0,0|0,0|0,1|0,0|0,0|0,0|0,0|0,0|0,0|0,0|0,0|0,0|0,0|0,0|0,0|0,0|0,0|0,0|0,0|0,0|0,0|0,94,4,1,0,5,568,5096,20392,0.11,0.04,0.27,0.06,0.14,0.07,,INDEL,2548
22,29488578,.,C,T,.,PASS,AC=659;AN=5096;DP=27018;AF=0.13;EAS_AF=0.05;EUR_AF=0.14;AFR_AF=0.15;AMR_AF=0.13;SAS_AF=0.17;VT=SNP;NS=2548,GT,0|0,0|0,0|0,0|0,0|0,1|0,0|0,0|0,0|1,0|0,0|0,0|0,0|0,0|0,1|0,0|0,0|0,0|0,0|0,0|0,0|0,0|0,0|0,0|0,0|0,0|1,0|0,0|0,0|0,0|0,0|0,0|0,0|0,0|0,0|0,0|0,0|0,0|0,1|0,1|0,1|0,0|0,0|0,0|0,0|0,0|0,0|0,0|0,0|0,0|0,0|0,0|0,0|0,0|0,0|0,0|0,0|0,0|0,0|0,0|0,0|0,1|0,0|1,0|0,0|0,0|0,0|0,0|0,0|1,0|0,0|0,0|0,0|0,0|0,1|0,0|0,0|0,0|0,0|0,0|0,0|0,1|0,0|0,0|0,0|0,0|0,0|0,0|0,0|0,1|0,0|0,0|0,0|0,0|0,0|0,0|0,0|0,0|0,1|0,85,10,4,0,14,659,5096,27018,0.13,0.05,0.14,0.15,0.13,0.17,,SNP,2548
22,29488761,.,T,G,.,PASS,AC=2;AN=5096;DP=107455;AF=0;EAS_AF=0;EUR_AF=0;AFR_AF=0;AMR_AF=0;SAS_AF=0;VT=SNP;NS=2548,GT,0|1,0|0,0|0,0|0,0|0,0|0,0|0,0|0,0|0,0|0,0|0,0|0,0|0,0|0,0|0,0|0,0|0,0|0,0|0,0|0,0|0,0|0,0|0,0|0,0|0,0|0,0|0,0|0,0|0,0|0,0|0,0|0,0|0,0|0,0|0,0|0,0|0,0|0,0|0,0|0,0|0,0|0,0|0,0|0,0|0,0|0,0|0,0|0,0|0,0|0,0|0,0|0,0|0,0|0,0|0,0|0,0|0,0|0,0|0,0|0,0|0,0|0,0|0,0|0,0|0,0|0,0|0,0|0,0|0,0|0,0|0,0|0,0|0,0|0,0|0,0|0,0|0,0|0,0|0,0|0,0|0,0|0,0|0,0|0,0|1,0|0,0|0,0|0,0|0,0|0,0|0,0|0,0|0,0|0,0|0,0|0,0|0,0|0,0|0,97,0,2,0,2,2,5096,107455,0.0,0.0,0.0,0.0,0.0,0.0,,SNP,2548
22,29489323,.,G,A,.,PASS,AC=2;AN=5096;DP=359135;AF=0;EAS_AF=0;EUR_AF=0;AFR_AF=0;AMR_AF=0;SAS_AF=0;EX_TARGET;VT=SNP;NS=2548,GT,0|0,0|0,0|0,0|0,0|0,0|0,0|0,0|0,0|0,0|0,0|0,0|0,0|0,0|0,0|0,0|0,0|0,0|0,0|0,0|0,0|0,0|0,0|0,0|0,0|1,0|0,0|0,0|0,0|0,0|0,0|0,0|0,0|0,0|0,0|0,0|0,0|0,0|0,0|0,0|0,0|0,0|0,0|0,0|0,0|0,0|0,0|0,0|0,0|0,0|0,0|0,0|0,0|0,0|0,0|0,0|0,0|0,0|0,0|0,0|0,0|0,0|0,0|0,0|0,0|0,0|0,0|0,0|0,0|0,0|0,0|0,0|0,0|0,0|0,0|0,0|0,0|0,0|0,0|0,0|0,0|0,0|0,0|0,0|0,0|0,0|0,0|0,0|0,0|0,0|0,0|0,0|0,0|0,0|0,0|0,0|0,0|0,0|0,0|0,98,0,1,0,1,2,5096,359135,0.0,0.0,0.0,0.0,0.0,0.0,,SNP,2548
22,29489484,.,C,T,.,PASS,AC=775;AN=5096;DP=368684;AF=0.15;EAS_AF=0.07;EUR_AF=0.23;AFR_AF=0.14;AMR_AF=0.23;SAS_AF=0.11;EX_TARGET;VT=SNP;NS=2548,GT,0|0,0|0,0|0,0|0,0|1,0|0,0|0,0|0,0|0,0|0,0|1,0|0,0|0,0|0,0|0,0|0,0|0,0|0,0|0,0|0,0|0,0|0,0|0,0|0,0|0,0|0,0|0,0|0,0|0,0|0,0|0,0|0,0|0,0|0,1|0,0|0,0|0,0|0,0|0,0|0,0|0,0|0,1|0,0|0,0|0,0|0,0|0,0|0,0|0,0|0,0|0,1|0,0|0,0|0,0|0,0|0,0|0,0|0,0|1,0|0,0|0,0|0,0|0,0|0,0|0,1|0,0|0,1|0,0|0,0|0,0|0,0|0,0|1,0|0,0|0,0|0,0|0,0|0,0|1,0|0,0|0,0|0,0|0,0|0,0|0,0|0,1|0,0|0,1|0,0|0,0|0,0|0,0|0,0|0,0|0,0|0,0|0,0|0,0|0,87,7,5,0,12,775,5096,368684,0.15,0.07,0.23,0.14,0.23,0.11,,SNP,2548
22,29489565,.,C,T,.,PASS,AC=19;AN=5096;DP=410417;AF=0;EAS_AF=0.02;EUR_AF=0;AFR_AF=0;AMR_AF=0;SAS_AF=0;EX_TARGET;VT=SNP;NS=2548,GT,0|0,0|0,0|0,0|0,0|0,0|0,0|0,0|0,0|0,0|0,0|0,0|0,0|0,0|0,0|0,0|0,0|0,0|0,1|0,0|0,0|0,0|0,0|0,0|0,0|0,0|0,0|0,0|0,0|0,0|0,0|1,0|0,0|0,0|0,0|0,0|0,0|0,0|0,0|0,0|0,0|0,0|0,0|0,0|0,0|0,0|0,1|0,0|0,0|0,0|0,1|0,0|0,0|0,0|0,0|0,1|0,0|0,1|0,0|0,0|0,0|0,0|1,0|0,0|0,0|0,0|0,0|0,0|0,0|0,0|0,0|0,0|0,0|0,0|0,0|0,0|0,0|0,0|0,0|0,0|0,0|0,0|0,0|0,0|0,0|0,0|0,0|0,1|0,0|0,0|0,0|0,0|0,0|0,0|0,0|0,0|0,0|0,0|0,0|0,91,6,2,0,8,19,5096,410417,0.0,0.02,0.0,0.0,0.0,0.0,,SNP,2548
22,29489578,.,A,C,.,PASS,AC=15;AN=5096;DP=397823;AF=0;EAS_AF=0;EUR_AF=0;AFR_AF=0;AMR_AF=0.01;SAS_AF=0;EX_TARGET;VT=SNP;NS=2548,GT,0|0,0|0,0|0,0|0,0|0,0|0,0|0,0|0,0|0,0|0,0|0,0|0,0|0,0|0,0|0,0|0,0|0,0|0,0|0,0|0,0|0,0|0,0|0,0|0,0|0,0|0,0|0,0|0,0|0,0|0,0|0,0|0,0|0,0|0,0|0,0|0,0|0,0|1,0|0,0|0,0|0,0|0,0|0,0|0,0|0,0|0,0|0,0|0,0|0,0|0,0|0,0|0,0|0,0|0,0|0,0|0,0|0,0|0,0|0,0|0,0|0,0|0,0|0,0|0,0|0,0|0,0|0,0|0,0|0,0|0,0|0,0|0,0|0,0|0,0|0,0|0,0|0,0|0,0|0,0|0,0|0,0|0,0|0,0|0,0|0,0|0,0|0,0|0,0|0,0|0,0|0,0|0,0|0,0|0,0|0,0|0,0|0,0|0,0|0,98,0,1,0,1,15,5096,397823,0.0,0.0,0.0,0.0,0.01,0.0,,SNP,2548
22,29489578,.,A,AAAGTCCCCTGAGAAGGCC,.,PASS,AC=3614;AN=5096;DP=398423;AF=0.71;EAS_AF=0.87;EUR_AF=0.63;AFR_AF=0.7;AMR_AF=0.63;SAS_AF=0.7;EX_TARGET;VT=INDEL;NS=2548,GT,1|1,1|1,1|1,1|1,1|0,0|1,1|1,1|1,1|0,1|1,1|0,1|1,1|1,1|1,0|1,1|1,1|1,1|1,1|1,1|1,1|1,1|1,1|1,1|1,1|1,1|0,1|1,1|1,1|1,1|1,1|1,1|1,1|1,1|1,0|1,1|1,1|1,1|1,0|1,0|1,0|1,1|1,0|1,1|1,1|1,1|1,1|1,1|1,1|1,1|1,1|1,0|1,1|1,1|1,1|1,1|1,1|1,1|1,1|0,1|1,1|1,0|1,1|0,1|1,1|1,0|1,1|1,0|1,1|0,1|1,1|0,1|1,1|0,1|1,0|1,1|1,1|1,1|1,1|0,1|1,1|1,0|1,1|1,1|1,1|1,1|1,0|1,1|1,0|1,0|1,1|1,1|1,1|1,1|1,1|1,1|1,1|1,1|1,0|1,0,10,17,72,171,3614,5096,398423,0.71,0.87,0.63,0.7,0.63,0.7,,INDEL,2548
22,29489605,.,A,T,.,PASS,AC=2144;AN=5096;DP=478132;AF=0.42;EAS_AF=0.46;EUR_AF=0.39;AFR_AF=0.42;AMR_AF=0.38;SAS_AF=0.43;EX_TARGET;VT=SNP;NS=2548,GT,1|0,0|1,1|0,1|0,1|0,0|1,0|1,1|0,1|0,0|1,0|0,1|0,1|0,0|1,0|0,1|0,1|0,0|1,1|0,0|1,0|1,0|1,0|1,1|0,0|1,1|0,0|1,0|1,0|1,0|1,1|0,1|0,0|1,0|1,0|0,1|0,0|1,0|1,0|0,1|0,0|1,0|1,0|1,1|0,0|1,1|0,1|0,0|1,0|1,0|1,0|1,0|1,0|1,1|0,0|1,1|0,0|1,1|0,0|0,1|0,0|1,1|0,1|0,0|1,0|1,1|0,1|0,0|1,0|1,1|0,1|0,1|0,0|1,0|1,1|0,1|0,1|0,1|0,1|0,0|1,1|0,0|1,0|1,0|1,1|0,0|1,0|0,1|0,0|1,1|0,0|1,1|0,0|1,1|0,0|1,0|1,0|1,0|1,0|1,6,42,51,0,93,2144,5096,478132,0.42,0.46,0.39,0.42,0.38,0.43,,SNP,2548
22,29489609,.,AAGGAAG,A,.,PASS,AC=2210;AN=5096;DP=479474;AF=0.43;EAS_AF=0.47;EUR_AF=0.41;AFR_AF=0.44;AMR_AF=0.39;SAS_AF=0.45;EX_TARGET;VT=INDEL;NS=2548,GT,1|0,0|1,1|0,1|0,1|0,0|1,0|1,1|0,0|0,0|1,0|0,1|0,1|0,0|1,0|1,1|0,1|0,0|1,1|0,0|1,0|1,0|1,0|1,1|0,0|1,1|0,0|1,0|1,0|1,0|1,1|0,1|0,0|1,0|1,0|0,1|0,0|1,0|1,0|0,1|0,0|1,0|1,0|1,1|0,0|1,1|0,1|0,0|1,0|1,0|1,0|1,0|1,0|1,1|0,0|1,1|0,0|1,1|0,1|0,1|0,0|1,1|0,1|0,0|1,0|1,1|0,1|0,0|1,0|1,1|0,1|0,1|0,0|1,0|1,1|0,1|0,1|0,1|0,1|0,0|1,1|0,0|1,0|1,0|1,1|0,0|1,1|0,1|0,0|1,1|0,0|1,1|0,0|1,1|0,0|1,0|1,0|1,0|1,0|1,4,43,52,0,95,2210,5096,479474,0.43,0.47,0.41,0.44,0.39,0.45,,INDEL,2548
22,29489629,.,T,A,.,PASS,AC=565;AN=5096;DP=482710;AF=0.11;EAS_AF=0.1;EUR_AF=0.06;AFR_AF=0.13;AMR_AF=0.1;SAS_AF=0.16;EX_TARGET;VT=SNP;NS=2548,GT,0|0,0|0,0|0,0|0,0|0,0|0,0|0,0|0,0|0,0|0,0|0,0|0,0|0,0|0,0|0,0|0,0|0,0|0,0|0,0|0,0|0,0|0,0|0,0|0,0|0,0|0,0|0,0|0,0|0,0|0,0|0,1|0,0|0,0|0,0|0,1|0,0|1,1|0,0|0,0|0,0|0,0|0,0|1,0|1,0|1,0|0,0|0,1|0,0|1,0|0,0|0,0|0,1|0,0|1,0|1,0|0,0|0,0|0,0|0,0|0,0|0,0|0,0|0,0|0,0|0,0|0,0|0,0|0,0|0,0|0,0|1,1|0,0|0,0|0,0|0,1|0,0|0,1|0,0|0,1|0,0|0,0|0,0|0,0|1,0|0,0|0,0|0,0|0,0|0,0|0,1|0,0|0,0|1,1|0,0|0,1|0,1|0,0|0,0|0,76,13,10,0,23,565,5096,482710,0.11,0.1,0.06,0.13,0.1,0.16,,SNP,2548
22,29489872,.,T,C,.,PASS,AC=4330;AN=5096;DP=446992;AF=0.85;EAS_AF=0.93;EUR_AF=0.77;AFR_AF=0.87;AMR_AF=0.77;SAS_AF=0.89;EX_TARGET;VT=SNP;NS=2548,GT,1|1,1|1,1|1,1|1,1|0,1|1,1|1,1|1,1|1,1|1,1|0,1|1,1|1,1|1,1|1,1|1,1|1,1|1,1|1,1|1,1|1,1|1,1|1,1|1,1|1,1|1,1|1,1|1,1|1,1|1,1|1,1|1,1|1,1|1,0|1,1|1,1|1,1|1,1|1,1|1,1|1,1|1,0|1,1|1,1|1,1|1,1|1,1|1,1|1,1|1,1|1,0|1,1|1,1|1,1|1,1|1,1|1,1|1,1|0,1|1,1|1,1|1,1|1,1|1,1|1,0|1,1|1,0|1,1|1,1|1,1|1,1|1,1|0,1|1,1|1,1|1,1|1,1|1,1|0,1|1,1|1,1|1,1|1,1|1,1|1,1|1,0|1,1|1,0|1,1|1,1|1,1|1,1|1,1|1,1|1,1|1,1|1,1|1,1|1,0,5,7,87,186,4330,5096,446992,0.85,0.93,0.77,0.87,0.77,0.89,,SNP,2548
22,29489883,.,A,T,.,PASS,AC=1;AN=5096;DP=441273;AF=0;EAS_AF=0;EUR_AF=0;AFR_AF=0;AMR_AF=0;SAS_AF=0;EX_TARGET;VT=SNP;NS=2548,GT,0|0,0|0,0|0,0|0,0|0,0|0,0|0,0|0,0|0,0|0,0|0,0|0,0|0,0|0,0|0,0|0,0|0,0|0,0|0,0|0,0|0,0|0,0|0,0|0,0|0,0|0,0|0,0|0,0|0,0|0,0|0,0|0,0|0,0|0,0|0,1|0,0|0,0|0,0|0,0|0,0|0,0|0,0|0,0|0,0|0,0|0,0|0,0|0,0|0,0|0,0|0,0|0,0|0,0|0,0|0,0|0,0|0,0|0,0|0,0|0,0|0,0|0,0|0,0|0,0|0,0|0,0|0,0|0,0|0,0|0,0|0,0|0,0|0,0|0,0|0,0|0,0|0,0|0,0|0,0|0,0|0,0|0,0|0,0|0,0|0,0|0,0|0,0|0,0|0,0|0,0|0,0|0,0|0,0|0,0|0,0|0,0|0,0|0,0|0,98,1,0,0,1,1,5096,441273,0.0,0.0,0.0,0.0,0.0,0.0,,SNP,2548
22,29490021,.,A,G,.,PASS,AC=1;AN=5096;DP=264636;AF=0;EAS_AF=0;EUR_AF=0;AFR_AF=0;AMR_AF=0;SAS_AF=0;EX_TARGET;VT=SNP;NS=2548,GT,0|0,0|0,0|0,0|0,0|0,0|0,0|0,0|0,0|0,0|0,0|0,0|0,0|0,0|0,0|0,0|0,0|0,0|0,0|0,0|0,0|0,0|0,0|0,0|0,0|0,0|0,0|0,0|0,0|0,0|0,0|0,0|0,0|0,0|0,0|0,0|0,0|0,0|0,0|0,0|0,0|0,0|0,0|0,0|0,0|0,0|0,0|0,0|0,0|0,0|0,0|0,0|0,0|0,0|0,0|0,0|0,0|1,0|0,0|0,0|0,0|0,0|0,0|0,0|0,0|0,0|0,0|0,0|0,0|0,0|0,0|0,0|0,0|0,0|0,0|0,0|0,0|0,0|0,0|0,0|0,0|0,0|0,0|0,0|0,0|0,0|0,0|0,0|0,0|0,0|0,0|0,0|0,0|0,0|0,0|0,0|0,0|0,0|0,0|0,98,0,1,0,1,1,5096,264636,0.0,0.0,0.0,0.0,0.0,0.0,,SNP,2548
22,29490043,.,T,C,.,PASS,AC=1;AN=5096;DP=243921;AF=0;EAS_AF=0;EUR_AF=0;AFR_AF=0;AMR_AF=0;SAS_AF=0;EX_TARGET;VT=SNP;NS=2548,GT,0|0,0|0,0|0,0|0,0|0,0|0,0|0,0|0,0|0,0|0,0|0,0|0,0|0,0|0,0|0,0|0,0|0,0|0,0|0,0|0,0|0,0|0,0|0,0|0,0|0,0|0,0|1,0|0,0|0,0|0,0|0,0|0,0|0,0|0,0|0,0|0,0|0,0|0,0|0,0|0,0|0,0|0,0|0,0|0,0|0,0|0,0|0,0|0,0|0,0|0,0|0,0|0,0|0,0|0,0|0,0|0,0|0,0|0,0|0,0|0,0|0,0|0,0|0,0|0,0|0,0|0,0|0,0|0,0|0,0|0,0|0,0|0,0|0,0|0,0|0,0|0,0|0,0|0,0|0,0|0,0|0,0|0,0|0,0|0,0|0,0|0,0|0,0|0,0|0,0|0,0|0,0|0,0|0,0|0,0|0,0|0,0|0,0|0,0|0,98,0,1,0,1,1,5096,243921,0.0,0.0,0.0,0.0,0.0,0.0,,SNP,2548
22,29490054,.,A,C,.,PASS,AC=607;AN=5096;DP=237371;AF=0.12;EAS_AF=0.05;EUR_AF=0.14;AFR_AF=0.11;AMR_AF=0.13;SAS_AF=0.17;EX_TARGET;VT=SNP;NS=2548,GT,0|0,0|0,0|0,0|0,0|0,1|0,0|0,0|0,0|1,0|0,0|0,0|0,0|0,0|0,1|0,0|0,0|0,0|0,0|0,0|0,0|0,0|0,0|0,0|0,0|0,0|1,0|0,0|0,0|0,0|0,0|0,0|0,0|0,0|0,0|0,0|0,0|0,0|0,1|0,1|0,1|0,0|0,0|0,0|0,0|0,0|0,0|0,0|0,0|0,0|0,0|0,0|0,0|0,0|0,0|0,0|0,0|0,0|0,0|0,0|0,0|0,1|0,0|1,0|0,0|0,0|0,0|0,0|0,0|1,0|0,0|0,0|0,0|0,0|0,1|0,0|0,0|0,0|0,0|0,0|0,0|0,1|0,0|0,0|0,0|0,0|0,0|0,0|0,0|0,1|0,0|0,0|0,0|0,0|0,0|0,0|0,0|0,0|0,1|0,85,10,4,0,14,607,5096,237371,0.12,0.05,0.14,0.11,0.13,0.17,,SNP,2548
22,29490354,.,C,T,.,PASS,AC=6;AN=5096;DP=269490;AF=0;EAS_AF=0.01;EUR_AF=0;AFR_AF=0;AMR_AF=0;SAS_AF=0;EX_TARGET;VT=SNP;NS=2548,GT,0|0,0|0,0|0,0|0,0|0,0|0,0|0,0|0,0|0,0|0,0|0,0|0,0|0,0|0,0|0,0|0,0|0,0|0,1|0,0|0,0|0,0|0,0|0,0|0,0|0,0|0,0|0,0|0,0|0,0|0,0|0,0|0,0|0,0|0,0|0,0|0,0|0,0|0,0|0,0|0,0|0,0|0,0|0,0|0,0|0,0|0,1|0,0|0,0|0,0|0,0|0,0|0,0|0,0|0,0|0,0|0,0|0,1|0,0|0,0|0,0|0,0|0,0|0,0|0,0|0,0|0,0|0,0|0,0|0,0|0,0|0,0|0,0|0,0|0,0|0,0|0,0|0,0|0,0|0,0|0,0|0,0|0,0|0,0|0,0|0,0|0,0|0,1|0,0|0,0|0,0|0,0|0,0|0,0|0,0|0,0|0,0|0,0|0,0|0,95,4,0,0,4,6,5096,269490,0.0,0.01,0.0,0.0,0.0,0.0,,SNP,2548
22,29490393,.,A,G,.,PASS,AC=10;AN=5096;DP=275208;AF=0;EAS_AF=0.01;EUR_AF=0;AFR_AF=0;AMR_AF=0;SAS_AF=0;EX_TARGET;VT=SNP;NS=2548,GT,0|0,0|0,0|0,0|0,0|0,0|0,0|0,0|0,0|0,0|0,0|0,0|0,0|0,0|0,0|0,0|0,0|0,0|0,1|0,0|0,0|0,0|0,0|0,0|0,0|0,0|0,0|0,0|0,0|0,0|0,0|0,0|0,0|0,0|0,0|0,0|0,0|0,0|0,0|0,0|0,0|0,0|0,0|0,0|0,0|0,0|0,1|0,0|0,0|0,0|0,0|0,0|0,0|0,0|0,0|0,1|0,0|0,1|0,0|0,0|0,0|0,0|0,0|0,0|0,0|0,0|0,0|0,0|0,0|0,0|0,0|0,0|0,0|0,0|0,0|0,0|0,0|0,0|0,0|0,0|0,0|0,0|0,0|0,0|0,0|0,0|0,0|0,1|0,0|0,0|0,0|0,0|0,0|0,0|0,0|0,0|0,0|0,0|0,0|0,94,5,0,0,5,10,5096,275208,0.0,0.01,0.0,0.0,0.0,0.0,,SNP,2548
22,29490397,.,C,T,.,PASS,AC=21;AN=5096;DP=275514;AF=0;EAS_AF=0;EUR_AF=0.01;AFR_AF=0;AMR_AF=0.01;SAS_AF=0;EX_TARGET;VT=SNP;NS=2548,GT,0|0,0|0,0|0,0|0,0|0,0|0,0|0,0|0,0|0,0|0,0|0,0|0,0|0,0|0,0|0,0|0,0|0,0|0,0|0,0|0,0|0,0|0,0|0,0|0,0|0,0|0,0|0,0|0,0|0,0|0,0|0,0|0,0|0,0|0,0|0,0|0,0|0,0|0,0|0,0|0,0|0,0|0,0|0,0|0,0|0,0|0,0|0,0|0,0|0,0|0,0|0,0|0,0|0,0|0,0|0,0|0,0|0,0|0,0|0,0|0,0|0,0|0,0|0,0|0,0|0,0|0,0|0,0|0,0|0,0|0,0|0,0|0,0|1,0|0,0|0,0|0,0|0,0|0,0|0,0|0,0|0,0|0,0|0,0|0,0|0,0|0,0|0,0|0,0|0,0|0,0|0,0|0,0|0,0|0,0|0,0|0,0|0,0|0,0|0,98,0,1,0,1,21,5096,275514,0.0,0.0,0.01,0.0,0.01,0.0,,SNP,2548
22,29490424,.,A,G,.,PASS,AC=4327;AN=5096;DP=283720;AF=0.85;EAS_AF=0.93;EUR_AF=0.77;AFR_AF=0.87;AMR_AF=0.77;SAS_AF=0.89;EX_TARGET;VT=SNP;NS=2548,GT,1|1,1|1,1|1,1|1,1|0,1|1,1|1,1|1,1|1,1|1,1|0,1|1,1|1,1|1,1|1,1|1,1|1,1|1,1|1,1|1,1|1,1|1,1|1,1|1,1|1,1|1,1|1,1|1,1|1,1|1,1|1,1|1,1|1,1|1,0|1,1|1,1|1,1|1,1|1,1|1,1|1,1|1,0|1,1|1,1|1,1|1,1|1,1|1,1|1,1|1,1|1,0|1,1|1,1|1,1|1,1|1,1|1,1|1,1|0,1|1,1|1,1|1,1|1,1|1,1|1,0|1,1|1,0|1,1|1,1|1,1|1,1|1,1|0,1|1,1|1,1|1,1|1,1|1,1|0,1|1,1|1,1|1,1|1,1|1,1|1,1|1,0|1,1|1,0|1,1|1,1|1,1|1,1|1,1|1,1|1,1|1,1|1,1|1,1|1,0,5,7,87,186,4327,5096,283720,0.85,0.93,0.77,0.87,0.77,0.89,,SNP,2548
22,29490904,.,G,T,.,PASS,AC=3717;AN=5096;DP=26275;AF=0.73;EAS_AF=0.87;EUR_AF=0.63;AFR_AF=0.76;AMR_AF=0.64;SAS_AF=0.72;VT=SNP;NS=2548,GT,1|1,1|1,1|1,1|1,1|0,0|1,1|1,1|1,1|0,1|1,1|0,1|1,1|1,1|1,0|1,1|1,1|1,1|1,1|1,1|1,1|1,1|1,1|1,1|1,1|1,1|0,1|1,1|1,1|1,1|1,1|1,1|1,1|1,1|1,0|1,1|1,1|1,1|1,0|1,0|1,0|1,1|1,0|1,1|1,1|1,1|1,1|1,1|1,1|1,1|1,1|1,0|1,1|1,1|1,1|1,1|1,1|1,1|1,1|0,1|1,1|1,0|1,1|0,1|1,1|1,0|1,1|1,0|1,1|0,1|1,1|1,1|1,1|0,1|1,0|1,1|1,1|1,1|1,1|0,1|1,1|1,0|1,1|1,1|1,1|1,1|1,0|1,1|1,0|1,0|1,1|1,1|1,1|1,1|1,1|1,1|1,1|1,1|1,0|1,0,9,17,73,172,3717,5096,26275,0.73,0.87,0.63,0.76,0.64,0.72,,SNP,2548
22,29491193,.,C,T,.,PASS,AC=73;AN=5096;DP=23444;AF=0.01;EAS_AF=0.05;EUR_AF=0;AFR_AF=0;AMR_AF=0.03;SAS_AF=0;VT=SNP;NS=2548,GT,0|0,0|0,0|0,0|0,0|0,0|0,0|0,0|0,0|0,0|0,0|0,0|0,0|1,0|0,0|0,0|0,0|0,0|0,0|0,0|0,0|0,0|1,0|0,0|0,0|0,0|0,0|0,0|0,0|0,0|0,0|0,0|0,0|0,0|0,0|0,0|0,0|0,0|0,0|0,0|0,0|0,0|0,0|0,0|0,0|0,0|0,0|0,0|0,0|0,0|0,0|0,0|0,0|0,0|0,0|0,0|0,0|0,0|0,0|0,0|0,0|0,0|0,0|0,0|0,0|0,0|0,0|0,0|0,0|0,1|0,1|0,0|0,0|0,0|0,0|1,0|0,0|0,0|0,0|0,0|0,0|0,0|0,0|0,0|0,0|0,0|0,0|0,0|0,0|1,0|0,0|0,0|0,0|0,0|0,0|1,0|0,0|0,0|1,0|0,91,2,6,0,8,73,5096,23444,0.01,0.05,0.0,0.0,0.03,0.0,,SNP,2548
22,29491197,.,G,C,.,PASS,AC=3719;AN=5096;DP=23492;AF=0.73;EAS_AF=0.87;EUR_AF=0.63;AFR_AF=0.76;AMR_AF=0.64;SAS_AF=0.72;VT=SNP;NS=2548,GT,1|1,1|1,1|1,1|1,1|0,0|1,1|1,1|1,1|0,1|1,1|0,1|1,1|1,1|1,0|1,1|1,1|1,1|1,1|1,1|1,1|1,1|1,1|1,1|1,1|1,1|0,1|1,1|1,1|1,1|1,1|1,1|1,1|1,1|1,0|1,1|1,1|1,1|1,0|1,0|1,0|1,1|1,0|1,1|1,1|1,1|1,1|1,1|1,1|1,1|1,1|1,0|1,1|1,1|1,1|1,1|1,1|1,1|1,1|0,1|1,1|1,0|1,1|0,1|1,1|1,0|1,1|1,0|1,1|0,1|1,1|1,1|1,1|0,1|1,0|1,1|1,1|1,1|1,1|0,1|1,1|1,0|1,1|1,1|1,1|1,1|1,0|1,1|1,0|1,0|1,1|1,1|1,1|1,1|1,1|1,1|1,1|1,1|1,0|1,0,9,17,73,172,3719,5096,23492,0.73,0.87,0.63,0.76,0.64,0.72,,SNP,2548
