#CHROM,POS,ID,REF,ALT,QUAL,FILTER,INFO,FORMAT,NA20877,NA21111,NA21141,NA21098,NA21130,NA20905,NA21102,NA20859,NA21133,NA21099,NA21089,NA21104,NA20882,NA20875,NA20847,NA21105,NA21107,NA21127,NA20867,NA20901,NA20868,NA20846,NA21115,NA20874,NA20902,NA20910,NA21110,NA21094,NA21097,NA21088,NA21095,NA21116,NA20896,NA21091,NA20861,NA21118,NA20858,NA20850,NA20903,NA21135,NA20872,NA21125,NA20900,NA21124,NA20892,NA20851,NA21103,NA20849,NA20911,NA20906,NA21142,NA20862,NA20866,NA20895,NA21086,NA20870,NA20894,NA20881,NA21128,NA20904,NA21143,NA21113,NA20891,NA21119,NA21092,NA20854,NA20869,NA21137,NA20890,NA20887,NA20864,NA20897,NA21109,NA21120,NA21129,NA21087,NA20873,NA20883,NA20889,NA20908,NA21117,NA21093,NA20853,NA21122,NA21090,NA21106,NA20899,NA21126,NA21123,NA20884,NA20876,NA21114,NA20888,NA21101,NA20852,NA20886,NA21100,NA20856,NA21108,NA20845,NA20863,NA20885,NA20878,NA21112,NA21144,NA21121
7,95297718,.,G,A,.,PASS,AC=12;AN=5096;DP=19365;AF=0;EAS_AF=0;EUR_AF=0;AFR_AF=0;AMR_AF=0;SAS_AF=0.01;VT=SNP;NS=2548,GT,0|0,0|0,0|0,0|0,0|0,0|0,0|0,0|0,0|0,0|0,0|0,0|0,0|0,0|0,0|0,0|0,0|0,0|0,0|0,0|0,0|0,0|0,0|0,0|0,0|0,0|0,1|0,0|0,0|0,0|0,0|0,0|0,0|0,0|0,0|0,0|0,0|0,0|0,0|0,0|0,0|0,0|0,0|0,0|0,0|0,0|0,0|0,0|0,0|0,0|0,0|0,0|0,0|0,0|0,0|0,0|0,0|0,0|0,0|0,0|0,0|0,0|0,0|0,0|0,0|0,0|0,0|0,0|0,0|0,0|0,0|0,0|0,0|0,0|0,0|0,0|1,0|0,0|0,0|0,0|0,0|0,0|0,0|0,0|0,0|0,0|0,0|0,0|0,0|0,0|0,0|0,0|0,0|0,0|0,0|0,1|0,0|0,0|0,0|0,0|0,0|0,0|0,0|1,0|0,0|0,0|0
7,95297726,.,A,G,.,PASS,AC=21;AN=5096;DP=19343;AF=0;EAS_AF=0;EUR_AF=0;AFR_AF=0;AMR_AF=0;SAS_AF=0.02;VT=SNP;NS=2548,GT,0|0,0|0,0|0,0|0,0|0,0|0,0|0,0|0,0|0,0|0,0|0,0|0,0|0,0|0,0|0,0|0,0|0,0|0,0|0,0|0,0|0,0|0,0|1,0|0,0|0,0|0,0|0,0|0,0|0,0|0,0|0,0|0,0|0,0|0,0|0,0|0,0|0,0|0,0|0,0|0,0|0,0|0,0|0,0|0,0|0,0|0,0|0,0|0,0|0,0|0,0|0,0|0,0|0,0|0,0|0,0|0,0|0,0|0,0|0,0|0,0|0,0|0,0|0,0|0,0|0,0|0,0|0,0|0,0|0,0|0,0|0,0|0,0|0,0|0,0|0,0|0,0|0,0|0,0|0,0|0,0|0,0|0,0|0,0|0,0|0,0|0,0|0,0|0,0|0,0|0,0|0,0|0,0|0,0|0,1|0,0|0,0|0,0|0,0|0,0|0,0|0,0|0,0|0,0|0,0|0,0|0
7,95297930,.,T,C,.,PASS,AC=4304;AN=5096;DP=20645;AF=0.84;EAS_AF=0.89;EUR_AF=0.81;AFR_AF=0.81;AMR_AF=0.86;SAS_AF=0.87;VT=SNP;NS=2548,GT,1|1,1|1,1|1,0|1,1|1,1|1,1|1,1|1,0|1,1|1,1|1,1|1,1|1,1|1,1|1,1|1,1|1,1|1,1|1,1|1,1|1,1|1,1|1,1|1,1|1,1|1,1|1,0|1,1|1,1|1,0|1,0|1,1|1,1|1,1|1,1|1,1|1,1|1,1|1,1|1,0|1,0|1,0|1,1|1,0|1,1|1,1|1,1|1,1|0,1|1,1|0,0|1,1|1,1|1,1|1,1|0,0|1,1|1,1|1,1|1,0|1,1|1,1|0,1|1,1|1,1|1,1|1,1|1,1|0,1|1,1|1,1|1,1|1,1|1,1|1,1|1,1|0,1|0,1|1,1|1,1|1,1|1,1|1,1|1,1|1,1|1,0|1,1|1,1|1,1|1,1|1,1|1,1|0,1|1,1|1,1|1,1|1,1|1,1|1,1|1,1|1,1|0,1|1,1|0,1|1,1|1
7,95298028,.,CCTTT,C,.,PASS,AC=699;AN=5096;DP=19115;AF=0.14;EAS_AF=0.13;EUR_AF=0.07;AFR_AF=0.17;AMR_AF=0.22;SAS_AF=0.12;VT=INDEL;NS=2548,GT,0|0,0|0,0|0,0|0,0|0,0|1,0|0,0|0,0|0,1|0,0|0,1|0,0|0,0|0,0|0,1|0,1|0,1|0,1|0,1|0,0|0,0|0,0|1,0|0,0|0,0|0,0|0,0|0,0|0,0|0,0|0,0|1,0|0,0|0,0|0,1|0,0|0,0|0,0|0,0|0,0|0,0|0,0|0,1|0,0|1,0|0,0|1,0|0,0|0,0|0,0|0,0|0,1|1,0|0,0|1,0|0,0|0,0|0,0|0,0|0,0|1,0|0,0|0,0|0,0|0,0|0,1|1,0|0,0|0,0|0,0|0,0|0,0|0,0|0,0|0,0|0,0|0,0|0,0|0,1|0,0|0,0|0,0|0,0|0,0|0,0|1,0|1,0|0,0|0,0|0,0|0,0|0,0|0,0|0,1|0,0|0,1|0,0|0,1|0,0|0,0|0,0|0,1|0,0|0,0|0,0|1
7,95298091,.,C,T,.,PASS,AC=100;AN=5096;DP=20347;AF=0.02;EAS_AF=0.04;EUR_AF=0;AFR_AF=0.02;AMR_AF=0.01;SAS_AF=0.03;VT=SNP;NS=2548,GT,0|0,0|0,0|0,0|0,0|0,0|0,1|0,0|0,0|0,0|0,0|0,0|0,0|0,0|0,0|0,0|0,0|0,0|0,0|0,0|0,0|0,0|0,0|0,0|0,0|0,0|0,0|0,0|0,0|0,0|0,0|0,0|0,0|0,0|0,0|0,0|0,0|0,0|0,0|0,0|0,0|0,0|0,0|0,0|0,0|0,0|0,0|0,0|0,0|0,0|0,1|0,0|0,0|0,0|0,0|0,1|0,0|0,0|0,0|0,0|0,0|0,0|0,0|0,1|0,0|0,0|0,0|0,0|0,0|0,0|0,0|0,0|0,0|0,0|0,0|0,0|0,0|0,0|0,0|0,0|0,0|0,0|0,0|0,0|0,0|0,0|0,0|0,0|0,0|0,0|0,0|0,0|0,0|0,0|0,0|0,0|0,0|0,0|0,0|0,0|0,0|0,0|0,0|0,0|0,0|0,0|0
7,95298183,.,G,A,.,PASS,AC=902;AN=5096;DP=21063;AF=0.18;EAS_AF=0.11;EUR_AF=0.07;AFR_AF=0.35;AMR_AF=0.23;SAS_AF=0.09;VT=SNP;NS=2548,GT,0|0,0|0,0|0,0|0,0|0,0|0,0|0,0|0,0|0,0|0,0|0,1|0,0|0,0|0,0|0,0|0,1|0,1|0,1|0,1|0,0|0,0|0,0|1,0|0,0|0,0|0,0|0,0|0,0|0,0|0,0|0,0|1,0|0,0|0,0|0,1|0,0|0,0|0,0|0,0|0,0|0,0|0,0|0,1|0,0|0,0|0,0|1,0|0,0|0,0|0,0|0,0|0,1|1,0|0,0|1,0|0,0|0,0|0,0|0,0|0,0|1,0|0,0|0,0|0,0|0,0|0,1|1,0|0,0|0,0|0,0|0,0|0,0|0,0|0,0|0,0|0,0|0,0|0,0|0,0|0,0|0,0|0,0|0,0|0,0|0,0|0,0|1,0|0,0|0,0|0,0|0,0|0,0|0,0|0,1|0,0|0,1|0,0|0,1|0,0|0,0|0,0|0,1|0,0|0,0|0,0|1
7,95298299,.,A,AGAT,.,PASS,AC=5;AN=5096;DP=24438;AF=0;EAS_AF=0;EUR_AF=0;AFR_AF=0;AMR_AF=0;SAS_AF=0.01;VT=INDEL;NS=2548,GT,0|0,0|0,0|0,0|0,0|0,0|0,0|0,0|0,0|0,0|0,0|0,0|0,0|0,0|0,0|0,0|0,0|0,0|0,0|0,0|0,0|0,0|0,0|0,0|0,0|0,0|0,0|0,0|0,0|0,0|0,0|0,0|0,0|0,0|0,0|0,0|0,0|0,0|0,0|0,0|0,0|0,0|0,0|0,0|0,0|0,0|0,0|0,0|0,0|0,0|0,0|0,0|0,0|0,0|0,0|0,0|0,0|0,0|0,0|0,0|0,0|0,0|0,0|0,0|0,0|0,0|0,0|0,0|0,0|0,0|0,0|0,0|0,0|0,0|0,0|0,0|0,0|0,0|0,0|0,0|0,0|0,0|0,0|0,0|0,0|0,0|0,0|0,0|0,0|0,0|0,0|0,1|0,0|0,0|0,0|0,0|0,0|0,0|0,0|0,0|0,0|0,0|0,0|0,0|0,0|0,0|0
7,95298365,.,A,G,.,PASS,AC=4232;AN=5096;DP=24625;AF=0.83;EAS_AF=0.89;EUR_AF=0.81;AFR_AF=0.76;AMR_AF=0.85;SAS_AF=0.87;VT=SNP;NS=2548,GT,1|1,1|1,1|1,0|1,1|1,1|1,1|1,1|1,0|1,1|1,1|1,1|1,1|1,1|1,1|1,1|1,1|1,1|1,1|1,1|1,1|1,1|1,1|1,1|1,1|1,1|1,1|1,0|1,1|1,1|1,0|1,0|1,1|1,1|1,1|1,1|1,1|1,1|1,1|1,1|1,0|1,0|1,0|1,1|1,0|1,1|1,1|1,1|1,1|0,1|1,1|0,0|1,1|1,1|1,1|1,1|0,0|1,1|1,1|1,1|1,0|1,1|1,1|0,1|1,1|1,1|1,1|1,1|1,1|0,1|1,1|1,1|1,1|1,1|1,1|1,1|1,1|0,1|0,1|1,1|1,1|1,1|1,1|1,1|1,1|1,1|1,0|1,1|1,1|1,1|1,1|1,1|1,1|0,1|1,1|1,1|1,1|1,1|1,1|1,1|1,1|1,1|0,1|1,1|0,1|1,1|1
7,95298396,.,T,C,.,PASS,AC=908;AN=5096;DP=25429;AF=0.18;EAS_AF=0.42;EUR_AF=0.11;AFR_AF=0.08;AMR_AF=0.14;SAS_AF=0.16;VT=SNP;NS=2548,GT,0|0,0|0,0|0,0|0,0|1,0|0,0|0,0|0,0|0,0|1,0|0,0|0,0|0,1|1,1|0,0|0,0|0,0|0,0|0,0|0,0|0,0|1,0|0,0|0,0|0,0|0,0|1,0|1,0|0,0|0,0|1,0|0,0|0,0|1,0|0,0|0,0|0,0|0,0|0,1|0,0|0,0|0,0|0,0|1,0|0,0|0,0|0,0|0,1|0,0|0,0|0,0|0,0|0,1|0,0|0,0|0,0|0,0|0,0|0,0|0,0|0,0|0,0|0,0|0,0|0,0|0,0|0,0|0,0|0,0|0,0|0,0|0,1|0,0|0,0|0,0|0,0|0,0|0,0|0,0|0,0|0,0|0,0|0,1|0,0|0,1|0,0|0,0|1,0|0,1|0,0|0,0|0,0|0,0|0,0|0,0|0,0|0,0|0,0|0,0|1,0|1,1|0,0|0,0|0,0|1,0|0
7,95298612,.,C,T,.,PASS,AC=3229;AN=5096;DP=28116;AF=0.63;EAS_AF=0.77;EUR_AF=0.74;AFR_AF=0.38;AMR_AF=0.61;SAS_AF=0.75;VT=SNP;NS=2548,GT,1|1,1|1,1|1,0|1,1|1,1|0,1|1,1|1,0|1,0|1,1|1,0|1,1|1,1|1,1|1,0|1,0|1,0|1,0|1,0|1,1|1,1|1,1|0,0|1,1|1,1|1,1|1,0|1,1|1,1|1,0|1,0|0,1|1,1|1,1|1,0|1,1|1,1|1,1|1,1|1,0|1,0|1,0|1,0|1,0|0,1|1,1|0,1|1,1|0,1|1,1|0,0|1,0|0,1|1,1|0,1|0,0|1,1|1,1|1,1|1,0|0,1|1,1|0,1|1,1|1,1|1,0|0,1|1,1|0,1|1,1|1,1|1,1|1,1|1,1|1,1|1,1|0,1|0,1|1,0|1,1|1,1|1,1|1,1|1,1|1,1|0,0|0,1|1,1|1,1|1,1|1,1|1,1|0,1|1,0|1,1|1,0|1,1|1,0|1,1|1,1|1,1|0,0|1,1|0,1|1,1|0
7,95298769,.,C,CA,.,PASS,AC=57;AN=5096;DP=69737;AF=0.01;EAS_AF=0.02;EUR_AF=0;AFR_AF=0;AMR_AF=0.01;SAS_AF=0.03;VT=INDEL;NS=2548,GT,0|0,0|0,0|0,0|0,0|0,0|1,0|0,0|0,0|0,1|0,0|0,0|0,0|0,0|0,0|0,1|0,0|0,0|0,0|0,0|0,0|0,0|0,0|0,0|0,0|0,0|0,0|0,0|0,0|0,0|0,0|0,0|0,0|0,0|0,0|0,0|0,0|0,0|0,0|0,0|0,0|0,0|0,0|0,0|0,0|1,0|0,0|0,0|0,0|0,0|0,0|0,0|0,0|0,0|0,0|0,0|0,0|0,0|0,0|0,0|0,0|0,0|0,0|0,0|0,0|0,0|0,0|0,0|0,0|0,0|0,0|0,0|0,0|0,0|0,0|0,0|0,0|0,0|0,0|0,1|0,0|0,0|0,0|0,0|0,0|0,0|1,0|0,0|0,0|0,0|0,0|0,0|0,0|0,0|0,0|0,0|0,0|0,0|0,0|0,0|0,0|0,0|0,0|0,0|0,0|0,0|0
7,95299242,.,AAC,A,.,PASS,AC=644;AN=5096;DP=74282;AF=0.13;EAS_AF=0.11;EUR_AF=0.07;AFR_AF=0.17;AMR_AF=0.21;SAS_AF=0.09;VT=INDEL;NS=2548,GT,0|0,0|0,0|0,0|0,0|0,0|0,0|0,0|0,0|0,0|0,0|0,1|0,0|0,0|0,0|0,0|0,1|0,1|0,1|0,1|0,0|0,0|0,0|1,0|0,0|0,0|0,0|0,0|0,0|0,0|0,0|0,0|1,0|0,0|0,0|0,1|0,0|0,0|0,0|0,0|0,0|0,0|0,0|0,1|0,0|0,0|0,0|1,0|0,0|0,0|0,0|0,0|0,1|1,0|0,0|1,0|0,0|0,0|0,0|0,0|0,0|1,0|0,0|0,0|0,0|0,0|0,1|1,0|0,0|0,0|0,0|0,0|0,0|0,0|0,0|0,0|0,0|0,0|0,0|0,0|0,0|0,0|0,0|0,0|0,0|0,0|0,0|1,0|0,0|0,0|0,0|0,0|0,0|0,0|0,1|0,0|0,1|0,0|0,1|0,0|0,0|0,0|0,1|0,0|0,0|0,0|1
7,95299434,.,A,G,.,PASS,AC=3267;AN=5096;DP=28064;AF=0.64;EAS_AF=0.76;EUR_AF=0.74;AFR_AF=0.41;AMR_AF=0.61;SAS_AF=0.76;VT=SNP;NS=2548,GT,1|1,1|1,1|1,0|1,1|1,1|0,1|1,1|1,0|1,0|1,1|1,0|1,1|1,1|1,1|1,0|1,0|1,0|1,0|1,0|1,1|1,1|1,1|0,1|1,1|1,1|1,1|1,0|1,1|1,1|1,0|1,0|0,1|1,1|1,1|1,0|1,1|1,1|1,1|1,1|1,0|1,0|1,0|1,0|1,0|0,1|1,1|0,1|1,1|0,1|1,1|0,0|1,0|0,1|1,1|0,1|0,0|1,1|1,1|1,1|1,0|0,1|1,1|0,1|1,0|1,1|1,0|0,1|1,1|0,1|1,1|1,1|1,1|1,1|1,1|1,1|1,1|0,1|0,1|1,0|1,1|1,1|1,1|1,1|1,1|1,1|0,0|0,1|1,1|1,1|1,1|1,1|1,1|0,1|1,0|1,1|1,0|1,1|1,0|1,1|1,1|1,1|0,0|1,1|0,1|1,1|0
7,95299665,.,A,G,.,PASS,AC=4044;AN=5096;DP=21405;AF=0.79;EAS_AF=0.89;EUR_AF=0.81;AFR_AF=0.63;AMR_AF=0.84;SAS_AF=0.87;VT=SNP;NS=2548,GT,1|1,1|1,1|1,0|1,1|1,1|1,1|1,1|1,0|1,1|1,1|1,1|1,1|1,1|1,1|1,1|1,1|1,1|1,1|1,1|1,1|1,1|1,1|1,1|1,1|1,1|1,1|1,0|1,1|1,1|1,0|1,0|1,1|1,1|1,1|1,1|1,1|1,1|1,1|1,1|1,0|1,0|1,0|1,1|1,0|1,1|1,1|1,1|1,1|0,1|1,1|0,0|1,1|1,1|1,1|1,1|0,0|1,1|1,1|1,1|1,0|1,1|1,1|0,1|1,0|1,1|1,1|1,1|1,1|0,1|1,1|1,1|1,1|1,1|1,1|1,1|1,1|0,1|0,1|1,1|1,1|1,1|1,1|1,1|1,1|1,1|1,0|1,1|1,1|1,1|1,1|1,1|1,1|0,1|1,1|1,1|1,1|1,1|1,1|1,1|1,1|1,1|0,1|1,1|0,1|1,1|1
7,95299690,.,A,G,.,PASS,AC=157;AN=5096;DP=21959;AF=0.03;EAS_AF=0;EUR_AF=0.04;AFR_AF=0;AMR_AF=0.02;SAS_AF=0.1;VT=SNP;NS=2548,GT,0|0,1|0,1|1,0|0,0|0,0|0,0|0,0|0,0|0,0|0,0|0,0|1,0|1,0|0,0|0,0|0,0|0,0|0,0|0,0|0,0|0,0|0,0|0,0|0,0|1,0|0,0|0,0|0,1|0,0|0,0|0,0|0,0|0,0|0,0|0,0|0,0|0,0|0,1|0,0|0,0|0,0|0,0|0,0|0,0|0,0|0,0|0,0|0,0|0,0|0,0|0,0|0,0|0,0|0,1|0,0|0,0|0,1|0,1|1,0|0,0|0,0|0,0|0,0|0,0|0,1|0,0|0,0|0,0|0,0|1,0|0,0|0,0|0,1|0,0|0,1|0,0|0,0|0,0|0,0|0,0|0,0|0,0|0,0|0,0|0,0|0,0|0,0|0,0|0,0|1,0|0,0|1,0|0,0|1,0|0,0|0,0|0,0|0,0|0,0|0,0|0,0|0,0|0,0|0,0|0,0|0
7,95299811,.,C,CAT,.,PASS,AC=32;AN=5096;DP=20145;AF=0.01;EAS_AF=0;EUR_AF=0;AFR_AF=0.02;AMR_AF=0;SAS_AF=0.01;VT=INDEL;NS=2548,GT,0|0,0|0,0|0,0|0,0|0,0|0,0|0,0|0,0|0,0|1,0|0,0|0,0|0,0|0,0|0,0|0,0|0,0|0,0|0,0|0,0|0,0|1,0|0,0|0,0|0,0|0,0|0,0|0,0|0,0|0,0|0,0|0,0|0,0|0,0|0,0|0,0|0,0|0,0|0,0|0,0|0,0|0,0|0,0|0,0|0,0|0,0|0,0|0,0|0,0|0,0|0,0|0,0|0,0|0,0|0,0|0,0|0,0|0,0|0,0|0,0|0,0|0,0|0,0|0,0|0,0|0,0|0,0|0,0|0,0|0,0|0,0|0,0|0,0|0,0|0,0|0,0|0,0|0,0|0,0|0,0|0,0|0,0|0,0|0,0|0,0|0,0|0,0|0,0|0,0|0,0|0,0|0,0|0,0|0,0|0,0|0,0|0,0|0,0|0,0|0,0|0,0|0,0|0,0|0,0|0,0|0
7,95299878,.,A,G,.,PASS,AC=776;AN=5096;DP=22746;AF=0.15;EAS_AF=0.13;EUR_AF=0.07;AFR_AF=0.23;AMR_AF=0.22;SAS_AF=0.12;VT=SNP;NS=2548,GT,0|0,0|0,0|0,0|0,0|0,0|1,0|0,0|0,0|0,1|0,0|0,1|0,0|0,0|0,0|0,1|0,1|0,1|0,1|0,1|0,0|0,0|0,0|1,0|0,0|0,0|0,0|0,0|0,0|0,0|0,0|0,0|1,0|0,0|0,0|0,1|0,0|0,0|0,0|0,0|0,0|0,0|0,0|0,1|0,0|1,0|0,0|1,0|0,0|0,0|0,0|0,0|0,1|1,0|0,0|1,0|0,0|0,0|0,0|0,0|0,0|1,0|0,0|0,0|0,0|0,0|0,1|1,0|0,0|0,0|0,0|0,0|0,0|0,0|0,0|0,0|0,0|0,0|0,0|0,1|0,0|0,0|0,0|0,0|0,0|0,0|1,0|1,0|0,0|0,0|0,0|0,0|0,0|0,0|0,1|0,0|0,1|0,0|0,1|0,0|0,0|0,0|0,1|0,0|0,0|0,0|1
7,95300127,.,T,C,.,PASS,AC=669;AN=5096;DP=22602;AF=0.13;EAS_AF=0.11;EUR_AF=0.07;AFR_AF=0.19;AMR_AF=0.21;SAS_AF=0.09;VT=SNP;NS=2548,GT,0|0,0|0,0|0,0|0,0|0,0|0,0|0,0|0,0|0,0|0,0|0,1|0,0|0,0|0,0|0,0|0,1|0,1|0,1|0,1|0,0|0,0|0,0|1,0|0,0|0,0|0,0|0,0|0,0|0,0|0,0|0,0|1,0|0,0|0,0|0,1|0,0|0,0|0,0|0,0|0,0|0,0|0,0|0,1|0,0|0,0|0,0|1,0|0,0|0,0|0,0|0,0|0,1|1,0|0,0|1,0|0,0|0,0|0,0|0,0|0,0|1,0|0,0|0,0|0,0|0,0|0,1|1,0|0,0|0,0|0,0|0,0|0,0|0,0|0,0|0,0|0,0|0,0|0,0|0,0|0,0|0,0|0,0|0,0|0,0|0,0|0,0|1,0|0,0|0,0|0,0|0,0|0,0|0,0|0,1|0,0|0,1|0,0|0,1|0,0|0,0|0,0|0,1|0,0|0,0|0,0|1
7,95300625,.,T,G,.,PASS,AC=2;AN=5096;DP=22889;AF=0;EAS_AF=0;EUR_AF=0;AFR_AF=0;AMR_AF=0;SAS_AF=0;VT=SNP;NS=2548,GT,0|0,0|0,0|0,0|0,0|0,0|0,0|0,0|0,0|0,0|0,1|0,0|0,0|0,0|0,0|0,0|0,0|0,0|0,0|0,0|0,0|0,0|0,0|0,0|0,0|0,0|0,0|0,0|0,0|0,0|0,0|0,0|0,0|0,0|0,0|0,0|0,0|0,0|0,0|0,0|0,0|0,0|0,0|0,0|0,0|0,0|0,0|0,0|0,0|0,0|0,0|0,0|0,0|0,0|0,0|0,0|0,0|0,0|0,0|0,0|0,0|0,0|0,0|0,0|0,0|0,0|0,0|0,0|0,0|0,0|0,0|0,0|0,0|0,0|0,0|0,0|0,0|0,0|0,0|0,0|0,0|0,0|0,0|0,0|0,0|0,0|0,0|0,0|0,0|0,0|0,0|0,0|0,0|0,0|0,0|0,0|0,0|0,0|0,0|0,0|0,0|0,0|0,0|0,0|0,1|0,0|0
7,95300773,.,T,C,.,PASS,AC=697;AN=5096;DP=24022;AF=0.14;EAS_AF=0.13;EUR_AF=0.07;AFR_AF=0.17;AMR_AF=0.22;SAS_AF=0.12;VT=SNP;NS=2548,GT,0|0,0|0,0|0,0|0,0|0,0|1,0|0,0|0,0|0,1|0,0|0,1|0,0|0,0|0,0|0,1|0,1|0,1|0,1|0,1|0,0|0,0|0,0|1,0|0,0|0,0|0,0|0,0|0,0|0,0|0,0|0,0|1,0|0,0|0,0|0,1|0,0|0,0|0,0|0,0|0,0|0,0|0,0|0,1|0,0|1,0|0,0|1,0|0,0|0,0|0,0|0,0|0,1|1,0|0,0|1,0|0,0|0,0|0,0|0,0|0,0|1,0|0,0|0,0|0,0|0,0|0,1|1,0|0,0|0,0|0,0|0,0|0,0|0,0|0,0|0,0|0,0|0,0|0,0|0,1|0,0|0,0|0,0|0,0|0,0|0,0|1,0|1,0|0,0|0,0|0,0|0,0|0,0|0,0|0,1|0,0|0,1|0,0|0,1|0,0|0,0|0,0|0,1|0,0|0,0|0,0|1
7,95300796,.,T,G,.,PASS,AC=926;AN=5096;DP=23711;AF=0.18;EAS_AF=0.42;EUR_AF=0.11;AFR_AF=0.08;AMR_AF=0.14;SAS_AF=0.18;VT=SNP;NS=2548,GT,0|0,0|0,0|0,0|0,1|1,0|0,0|0,0|0,0|0,0|1,0|0,0|0,0|0,1|1,1|0,0|0,0|0,0|0,0|0,0|0,0|0,0|1,0|0,0|1,1|0,0|0,0|1,0|1,0|0,0|0,0|1,0|0,0|0,0|1,0|0,0|1,0|0,0|0,0|0,1|0,0|0,0|0,0|0,0|1,0|0,0|0,0|0,0|0,1|0,0|0,0|0,0|0,0|0,1|0,0|0,0|0,0|0,0|0,0|0,0|0,0|0,0|0,0|0,0|0,0|0,0|0,0|0,0|1,0|0,0|0,0|1,0|0,1|0,0|1,0|0,0|0,0|0,0|0,0|0,0|0,0|0,0|0,0|0,1|0,0|1,1|0,0|0,0|1,0|0,1|0,0|1,0|0,0|0,0|0,0|0,0|0,0|0,0|0,0|0,0|1,0|1,1|0,0|0,0|0,0|1,0|0
7,95300984,.,C,CTT,.,PASS,AC=53;AN=5096;DP=21954;AF=0.01;EAS_AF=0.01;EUR_AF=0;AFR_AF=0;AMR_AF=0.01;SAS_AF=0.03;VT=INDEL;NS=2548,GT,0|0,0|0,0|0,0|0,0|0,0|1,0|0,0|0,0|0,1|0,0|0,0|0,0|0,0|0,0|0,1|0,0|0,0|0,0|0,0|0,0|0,0|0,0|0,0|0,0|0,0|0,0|0,0|0,0|0,0|0,0|0,0|0,0|0,0|0,0|0,0|0,0|0,0|0,0|0,0|0,0|0,0|0,0|0,0|0,0|1,0|0,0|0,0|0,0|0,0|0,0|0,0|0,0|0,0|0,0|0,0|0,0|0,0|0,0|0,0|0,0|0,0|0,0|0,0|0,0|0,0|0,0|0,0|0,0|0,0|0,0|0,0|0,0|0,0|0,0|0,0|0,0|0,0|0,0|0,1|0,0|0,0|0,0|0,0|0,0|0,0|1,0|0,0|0,0|0,0|0,0|0,0|0,0|0,0|0,0|0,0|0,0|0,0|0,0|0,0|0,0|0,0|0,0|0,0|0,0|0,0|0
7,95301079,.,A,C,.,PASS,AC=2318;AN=5096;DP=22538;AF=0.45;EAS_AF=0.4;EUR_AF=0.64;AFR_AF=0.26;AMR_AF=0.48;SAS_AF=0.58;VT=SNP;NS=2548,GT,1|1,1|1,1|1,0|1,0|0,1|0,1|1,1|1,0|1,0|0,1|1,0|1,1|1,0|0,0|1,0|1,0|1,0|1,0|1,0|1,1|1,1|0,1|0,1|0,0|1,1|1,1|0,0|0,1|1,1|1,0|0,0|0,1|1,1|0,1|1,0|0,1|1,1|1,1|1,0|1,0|1,0|1,0|1,0|0,0|0,1|1,1|0,1|1,0|0,1|1,1|0,0|1,0|0,0|1,1|0,1|0,0|1,1|1,1|1,1|1,0|0,1|1,1|0,1|1,1|1,1|1,0|0,1|0,1|0,1|1,1|0,1|1,0|1,1|0,1|1,1|1,1|0,1|0,1|1,0|1,1|1,1|1,1|1,0|1,1|0,0|0,0|0,1|0,1|1,0|1,1|1,1|1,1|0,1|1,0|1,1|1,0|1,1|1,0|1,1|0,1|0,0|0,0|1,1|0,1|0,1|0
7,95301392,.,C,T,.,PASS,AC=3;AN=5096;DP=22697;AF=0;EAS_AF=0;EUR_AF=0;AFR_AF=0;AMR_AF=0;SAS_AF=0;VT=SNP;NS=2548,GT,0|0,0|0,0|0,0|0,0|0,0|0,0|0,0|0,0|0,0|0,0|0,0|0,0|0,0|0,0|0,0|0,0|0,0|0,0|0,0|0,0|0,0|0,0|0,0|0,0|0,0|0,0|0,0|0,0|0,0|0,0|0,0|0,0|0,0|0,0|0,0|0,0|0,0|0,0|0,0|0,0|0,0|0,0|0,0|0,0|0,0|0,0|0,0|0,0|0,0|0,0|0,0|0,0|0,0|0,0|1,0|0,0|0,0|0,0|0,0|0,0|0,0|0,0|0,0|0,0|0,0|0,0|0,0|0,0|0,0|0,0|0,0|0,0|0,0|0,0|0,0|0,0|0,0|0,0|0,0|0,0|0,0|0,0|0,0|0,0|0,0|0,0|0,0|0,0|0,0|0,0|0,0|0,0|0,0|0,0|0,0|0,0|0,0|0,0|0,0|0,0|0,0|0,0|0,0|0,0|0,0|0
7,95301935,.,A,AAT,.,PASS,AC=74;AN=5096;DP=18711;AF=0.01;EAS_AF=0.01;EUR_AF=0;AFR_AF=0;AMR_AF=0.01;SAS_AF=0.05;VT=INDEL;NS=2548,GT,0|0,0|0,0|0,0|0,0|0,0|1,0|0,0|0,0|0,1|0,1|0,0|0,0|0,0|0,0|0,1|0,0|0,0|0,0|0,0|0,0|0,0|0,0|0,0|0,0|0,0|0,0|0,0|0,0|0,0|0,0|0,0|0,0|0,0|0,0|0,0|0,0|0,0|0,0|0,0|0,0|0,0|0,0|0,0|0,0|1,0|0,0|0,0|0,0|0,0|0,0|0,0|0,0|0,0|0,0|0,0|0,0|0,0|0,0|0,0|0,0|0,0|0,0|0,0|0,0|0,0|0,0|0,0|0,0|0,0|0,0|0,0|1,0|0,0|0,0|0,0|0,0|0,0|0,0|0,1|0,0|0,0|0,0|0,0|0,0|0,0|1,0|0,0|0,0|0,0|0,0|0,0|0,0|0,0|0,0|0,0|0,0|0,0|0,0|0,0|0,0|0,0|0,0|0,0|0,1|0,1|0
7,95301959,.,T,C,.,PASS,AC=678;AN=5096;DP=21375;AF=0.13;EAS_AF=0.11;EUR_AF=0.08;AFR_AF=0.18;AMR_AF=0.22;SAS_AF=0.09;VT=SNP;NS=2548,GT,0|0,0|0,0|0,0|0,0|0,0|0,0|0,0|0,0|0,0|0,0|0,1|0,0|0,0|0,0|0,0|0,1|0,1|0,1|0,1|0,0|0,0|0,0|1,0|0,0|0,0|0,0|0,0|0,0|0,0|0,0|0,0|1,0|0,0|0,0|0,1|0,0|0,0|0,0|0,0|0,0|0,0|0,0|0,1|0,0|0,0|0,0|1,0|0,0|0,0|0,0|0,0|0,1|1,0|0,0|1,0|0,0|0,0|0,0|0,0|0,0|1,0|0,0|0,0|0,0|0,0|0,1|1,0|0,0|0,0|0,0|0,0|0,0|0,0|0,0|0,0|0,0|0,0|0,0|0,0|0,0|0,0|0,0|0,0|0,0|0,0|0,0|1,0|0,0|0,0|0,0|0,0|0,0|0,0|0,1|0,0|0,1|0,0|0,1|0,0|0,0|0,0|0,1|0,0|0,0|0,0|1
7,95302075,.,C,T,.,PASS,AC=492;AN=5096;DP=30909;AF=0.1;EAS_AF=0.02;EUR_AF=0.07;AFR_AF=0.19;AMR_AF=0.08;SAS_AF=0.1;VT=SNP;NS=2548,GT,0|0,0|0,0|0,0|0,0|0,0|0,0|0,0|0,0|0,0|0,0|0,0|0,0|0,0|0,0|0,0|0,1|0,1|0,0|0,0|0,0|0,0|0,0|1,0|0,0|0,0|0,0|0,0|0,0|0,0|0,0|0,0|1,0|0,0|0,0|0,1|0,0|0,0|0,0|0,0|0,1|0,0|0,0|0,0|0,0|0,0|0,0|0,0|0,0|0,0|0,0|0,0|0,1|1,0|0,0|1,1|0,0|0,0|0,0|0,0|0,0|0,0|0,0|0,0|0,0|0,0|0,1|1,0|0,0|0,0|0,0|0,0|0,0|0,0|0,0|0,0|0,0|0,0|0,0|0,0|0,0|0,0|0,0|0,0|0,0|0,0|0,0|1,0|0,0|0,0|0,0|0,0|0,0|0,0|0,1|0,0|0,1|0,0|0,1|0,0|0,0|0,0|0,0|0,0|0,0|0,0|0
7,95302122,.,C,A,.,PASS,AC=1633;AN=5096;DP=75111;AF=0.32;EAS_AF=0.54;EUR_AF=0.18;AFR_AF=0.29;AMR_AF=0.35;SAS_AF=0.26;VT=SNP;NS=2548,GT,0|0,0|0,0|0,0|0,1|1,1|0,0|0,0|0,0|0,0|1,0|0,1|0,0|0,1|1,1|0,0|0,1|0,1|0,1|0,1|0,0|0,0|1,0|1,0|1,1|0,0|0,0|1,0|1,0|0,0|0,0|1,0|1,0|0,0|1,0|0,1|1,0|0,0|0,0|0,1|0,0|0,0|0,0|0,1|1,0|0,0|0,0|1,0|0,1|0,0|0,0|0,0|0,1|1,1|0,0|1,0|0,0|0,0|0,0|0,0|0,0|1,0|0,0|0,0|0,0|0,0|0,1|1,0|1,0|0,0|0,0|1,0|0,1|0,0|1,0|0,0|0,0|0,0|0,0|0,0|0,0|0,0|0,0|0,1|0,0|1,1|0,0|1,0|0,0|0,1|0,0|0,0|0,0|0,0|0,1|0,0|0,1|0,0|0,1|0,0|1,0|1,1|0,1|0,0|0,0|1,0|1
7,95302438,.,G,A,.,PASS,AC=7;AN=5096;DP=58488;AF=0;EAS_AF=0;EUR_AF=0;AFR_AF=0;AMR_AF=0;SAS_AF=0;VT=SNP;NS=2548,GT,0|0,0|0,0|0,0|0,0|0,0|0,0|0,0|0,0|0,0|0,0|0,0|0,0|0,0|0,0|0,0|0,0|0,0|0,0|0,0|0,0|0,0|0,0|0,0|0,0|0,0|0,0|0,0|0,0|0,0|0,0|0,0|0,0|0,0|0,0|0,0|0,0|0,0|0,0|0,0|0,0|0,0|0,0|0,0|0,0|0,0|0,0|0,0|0,0|0,0|0,0|0,0|0,0|0,0|0,0|0,0|0,0|0,0|0,0|0,0|0,0|0,0|0,0|0,0|0,0|0,0|0,0|0,0|0,0|0,0|0,1|0,0|0,0|0,0|0,0|0,0|0,0|0,0|0,0|0,0|0,0|0,0|0,0|0,0|0,0|0,0|0,0|0,0|0,0|0,0|0,0|0,0|0,0|0,0|0,0|0,0|0,0|0,0|0,0|0,0|0,0|0,0|0,0|0,0|0,0|0,0|0
7,95302481,.,C,T,.,PASS,AC=2;AN=5096;DP=42014;AF=0;EAS_AF=0;EUR_AF=0;AFR_AF=0;AMR_AF=0;SAS_AF=0;VT=SNP;NS=2548,GT,0|0,0|0,0|0,0|0,0|0,0|0,0|0,0|0,0|0,0|0,0|0,0|0,0|0,0|0,0|0,0|0,0|0,0|0,0|0,0|0,0|0,0|0,0|0,0|0,0|0,0|0,0|0,0|0,0|0,0|0,0|0,0|0,0|0,0|0,0|0,0|0,0|0,0|0,0|0,0|0,0|0,0|0,0|0,0|0,0|0,0|0,0|0,0|0,0|0,0|0,0|0,0|0,0|0,0|0,0|0,0|0,0|0,0|0,0|0,0|0,0|0,0|0,0|0,0|0,0|0,0|0,0|0,0|0,0|0,0|0,0|0,0|0,0|0,0|0,0|0,0|0,0|0,0|0,0|0,0|0,0|0,0|0,0|0,0|0,0|0,0|0,0|0,0|0,0|0,0|0,0|0,0|0,0|0,0|0,0|0,0|0,0|0,0|0,0|0,0|0,0|1,0|0,0|0,0|0,0|0,0|0
7,95302632,.,G,GA,.,PASS,AC=1299;AN=5096;DP=24296;AF=0.25;EAS_AF=0.43;EUR_AF=0.16;AFR_AF=0.28;AMR_AF=0.18;SAS_AF=0.2;VT=INDEL;NS=2548,GT,0|0,0|0,0|0,0|0,1|1,1|0,0|0,0|0,0|0,0|1,0|0,0|0,0|0,1|1,1|0,0|0,0|0,0|0,0|0,0|0,0|0,0|1,0|0,0|1,1|0,0|0,0|1,0|1,0|0,0|0,0|1,1|0,0|0,0|1,0|0,0|1,0|0,0|0,0|0,1|0,0|0,0|0,1|0,0|1,0|0,0|0,0|0,0|0,1|0,1|0,0|0,1|0,0|0,1|0,0|0,0|0,0|0,0|0,0|0,0|0,0|0,0|0,0|1,0|0,0|0,0|0,0|0,0|1,0|0,0|0,0|1,0|0,1|0,0|1,0|0,0|0,0|0,0|0,0|0,0|0,0|0,0|0,0|0,1|0,0|1,1|0,0|0,0|0,0|0,1|0,0|0,0|0,0|0,0|0,0|0,0|0,0|0,0|0,0|0,0|1,0|1,1|0,0|0,0|0,0|1,0|0
7,95303027,.,C,T,.,PASS,AC=9;AN=5096;DP=25132;AF=0;EAS_AF=0;EUR_AF=0;AFR_AF=0;AMR_AF=0;SAS_AF=0.01;VT=SNP;NS=2548,GT,0|0,0|0,0|0,0|0,0|0,0|0,0|0,0|0,0|0,0|0,0|0,0|0,0|0,0|0,0|1,0|0,0|0,0|0,0|0,0|0,0|0,0|0,0|0,0|0,0|0,0|0,0|0,0|0,0|0,0|0,0|0,0|0,0|0,0|0,1|0,0|0,0|0,0|0,0|0,0|0,0|0,0|1,0|0,0|0,0|0,0|0,0|0,0|0,0|0,0|0,0|0,0|0,0|0,0|0,0|0,0|0,0|0,0|0,0|0,0|0,0|0,1|0,0|0,0|1,0|0,0|0,0|0,0|0,0|0,0|0,0|0,0|0,0|0,0|0,0|0,0|0,0|0,0|0,0|0,0|0,1|0,0|0,0|0,0|0,0|0,0|0,0|0,0|0,0|0,0|0,0|0,0|0,0|0,0|0,0|0,0|0,0|0,0|0,0|0,0|0,1|0,0|0,0|0,0|0,0|0,0|0
7,95303352,.,ATGCT,A,.,PASS,AC=1922;AN=5096;DP=24102;AF=0.38;EAS_AF=0.54;EUR_AF=0.17;AFR_AF=0.5;AMR_AF=0.36;SAS_AF=0.27;VT=INDEL;NS=2548,GT,0|0,0|0,0|0,0|0,1|1,1|0,0|0,0|0,0|0,0|1,0|0,1|0,0|0,1|1,1|0,0|0,1|0,1|0,1|0,1|0,0|0,0|1,0|1,0|1,1|0,0|0,0|1,0|1,0|0,0|0,0|1,0|1,0|0,0|1,0|0,1|1,0|0,0|0,0|0,1|0,0|0,0|0,0|0,1|1,0|0,0|0,0|1,0|0,1|0,1|0,0|0,0|0,1|1,1|0,0|1,0|0,0|0,0|0,0|0,0|0,0|1,0|0,0|0,0|0,0|0,0|0,1|1,0|1,0|0,0|0,0|1,0|0,1|0,0|1,0|0,0|0,0|0,0|0,0|0,0|0,0|0,0|0,0|0,1|0,0|1,1|0,0|1,0|0,0|0,1|0,0|0,0|0,0|0,0|0,1|0,0|0,1|0,0|0,1|0,0|1,0|1,1|0,1|0,0|0,0|1,0|1
7,95303358,.,GCTTT,G,.,PASS,AC=1827;AN=5096;DP=23990;AF=0.36;EAS_AF=0.48;EUR_AF=0.17;AFR_AF=0.49;AMR_AF=0.35;SAS_AF=0.25;VT=INDEL;NS=2548,GT,0|0,0|0,0|0,0|0,1|0,1|0,0|0,0|0,0|0,0|1,0|0,1|0,0|0,1|1,1|0,0|0,1|0,1|0,1|0,1|0,0|0,0|1,0|1,0|1,1|0,0|0,0|1,0|1,0|0,0|0,0|1,0|1,0|0,0|1,0|0,1|1,0|0,0|0,0|0,1|0,0|0,0|0,0|0,1|1,0|0,0|0,0|1,0|0,1|0,1|0,0|0,0|0,1|1,1|0,0|1,0|0,0|0,0|0,0|0,0|0,0|1,0|0,0|0,0|0,0|0,0|0,1|1,0|1,0|0,0|0,0|1,0|0,1|0,0|1,0|0,0|0,0|0,0|0,0|0,0|0,0|0,0|0,0|0,1|0,0|1,1|0,0|1,0|0,0|0,1|0,0|0,0|0,0|0,0|0,1|0,0|0,1|0,0|0,1|0,0|1,0|1,1|0,1|0,0|0,0|1,0|1
7,95303592,.,T,C,.,PASS,AC=1084;AN=5096;DP=20778;AF=0.21;EAS_AF=0.11;EUR_AF=0.07;AFR_AF=0.49;AMR_AF=0.22;SAS_AF=0.09;VT=SNP;NS=2548,GT,0|0,0|0,0|0,0|0,0|0,0|0,0|0,0|0,0|0,0|0,0|0,1|0,0|0,0|0,0|0,0|0,1|0,1|0,1|0,1|0,0|0,0|0,0|1,0|0,0|0,0|0,0|0,0|0,0|0,0|0,0|0,0|1,0|0,0|0,0|0,1|0,0|0,0|0,0|0,0|0,0|0,0|0,0|0,1|0,0|0,0|0,0|1,0|0,0|0,0|0,0|0,0|0,1|1,0|0,0|1,0|0,0|0,0|0,0|0,0|0,0|1,0|0,0|0,0|0,0|0,0|0,1|1,0|0,0|0,0|0,0|0,0|0,0|0,0|0,0|0,0|0,0|0,0|0,0|0,0|0,0|0,0|0,0|0,0|0,0|0,0|0,0|1,0|0,0|0,0|0,0|0,0|0,0|0,0|0,1|0,0|0,1|0,0|0,1|0,0|0,0|0,0|0,1|0,0|0,0|0,0|1
7,95303877,.,T,C,.,PASS,AC=651;AN=5096;DP=21073;AF=0.13;EAS_AF=0.11;EUR_AF=0.06;AFR_AF=0.18;AMR_AF=0.2;SAS_AF=0.09;VT=SNP;NS=2548,GT,0|0,0|0,0|0,0|0,0|0,0|0,0|0,0|0,0|0,0|0,0|0,1|0,0|0,0|0,0|0,0|0,1|0,1|0,1|0,1|0,0|0,0|0,0|1,0|0,0|0,0|0,0|0,0|0,0|0,0|0,0|0,0|1,0|0,0|0,0|0,1|0,0|0,0|0,0|0,0|0,0|0,0|0,0|0,1|0,0|0,0|0,0|1,0|0,0|0,0|0,0|0,0|0,1|1,0|0,0|1,0|0,0|0,0|0,0|0,0|0,0|1,0|0,0|0,0|0,0|0,0|0,1|1,0|0,0|0,0|0,0|0,0|0,0|0,0|0,0|0,0|0,0|0,0|0,0|0,0|0,0|0,0|0,0|0,0|0,0|0,0|0,0|1,0|0,0|0,0|0,0|0,0|0,0|0,0|0,1|0,0|0,1|0,0|0,1|0,0|0,0|0,0|0,1|0,0|0,0|0,0|1
7,95303943,.,T,A,.,PASS,AC=1;AN=5096;DP=20211;AF=0;EAS_AF=0;EUR_AF=0;AFR_AF=0;AMR_AF=0;SAS_AF=0;VT=SNP;NS=2548,GT,0|0,0|0,0|0,0|0,0|0,0|0,0|0,0|1,0|0,0|0,0|0,0|0,0|0,0|0,0|0,0|0,0|0,0|0,0|0,0|0,0|0,0|0,0|0,0|0,0|0,0|0,0|0,0|0,0|0,0|0,0|0,0|0,0|0,0|0,0|0,0|0,0|0,0|0,0|0,0|0,0|0,0|0,0|0,0|0,0|0,0|0,0|0,0|0,0|0,0|0,0|0,0|0,0|0,0|0,0|0,0|0,0|0,0|0,0|0,0|0,0|0,0|0,0|0,0|0,0|0,0|0,0|0,0|0,0|0,0|0,0|0,0|0,0|0,0|0,0|0,0|0,0|0,0|0,0|0,0|0,0|0,0|0,0|0,0|0,0|0,0|0,0|0,0|0,0|0,0|0,0|0,0|0,0|0,0|0,0|0,0|0,0|0,0|0,0|0,0|0,0|0,0|0,0|0,0|0,0|0,0|0
7,95303961,.,G,C,.,PASS,AC=1;AN=5096;DP=19261;AF=0;EAS_AF=0;EUR_AF=0;AFR_AF=0;AMR_AF=0;SAS_AF=0;VT=SNP;NS=2548,GT,0|0,0|0,0|0,0|0,0|0,0|0,0|0,0|1,0|0,0|0,0|0,0|0,0|0,0|0,0|0,0|0,0|0,0|0,0|0,0|0,0|0,0|0,0|0,0|0,0|0,0|0,0|0,0|0,0|0,0|0,0|0,0|0,0|0,0|0,0|0,0|0,0|0,0|0,0|0,0|0,0|0,0|0,0|0,0|0,0|0,0|0,0|0,0|0,0|0,0|0,0|0,0|0,0|0,0|0,0|0,0|0,0|0,0|0,0|0,0|0,0|0,0|0,0|0,0|0,0|0,0|0,0|0,0|0,0|0,0|0,0|0,0|0,0|0,0|0,0|0,0|0,0|0,0|0,0|0,0|0,0|0,0|0,0|0,0|0,0|0,0|0,0|0,0|0,0|0,0|0,0|0,0|0,0|0,0|0,0|0,0|0,0|0,0|0,0|0,0|0,0|0,0|0,0|0,0|0,0|0,0|0
7,95304366,.,CTT,C,.,PASS,AC=1;AN=5096;DP=13773;AF=0;EAS_AF=0;EUR_AF=0;AFR_AF=0;AMR_AF=0;SAS_AF=0;VT=INDEL;NS=2548,GT,0|0,0|0,0|0,0|0,0|0,1|0,0|0,0|0,0|0,0|0,0|0,0|0,0|0,0|0,0|0,0|0,0|0,0|0,0|0,0|0,0|0,0|0,0|0,0|0,0|0,0|0,0|0,0|0,0|0,0|0,0|0,0|0,0|0,0|0,0|0,0|0,0|0,0|0,0|0,0|0,0|0,0|0,0|0,0|0,0|0,0|0,0|0,0|0,0|0,0|0,0|0,0|0,0|0,0|0,0|0,0|0,0|0,0|0,0|0,0|0,0|0,0|0,0|0,0|0,0|0,0|0,0|0,0|0,0|0,0|0,0|0,0|0,0|0,0|0,0|0,0|0,0|0,0|0,0|0,0|0,0|0,0|0,0|0,0|0,0|0,0|0,0|0,0|0,0|0,0|0,0|0,0|0,0|0,0|0,0|0,0|0,0|0,0|0,0|0,0|0,0|0,0|0,0|0,0|0,0|0,0|0
7,95304521,.,A,G,.,PASS,AC=955;AN=5096;DP=17124;AF=0.19;EAS_AF=0.42;EUR_AF=0.11;AFR_AF=0.1;AMR_AF=0.14;SAS_AF=0.18;VT=SNP;NS=2548,GT,0|0,0|0,0|0,0|0,1|1,1|0,0|0,0|0,0|0,0|1,0|0,0|0,0|0,1|1,1|0,0|0,0|0,0|0,0|0,0|0,0|0,0|1,0|0,0|1,1|0,0|0,0|1,0|1,0|0,0|0,0|1,0|0,0|0,0|1,0|0,0|1,0|0,0|0,0|0,1|0,0|0,0|0,0|0,0|1,0|0,0|0,0|0,0|0,1|0,1|0,0|0,0|0,0|0,1|0,0|0,0|0,0|0,0|0,0|0,0|0,0|0,0|0,0|0,0|0,0|0,0|0,0|0,0|1,0|0,0|0,0|1,0|0,1|0,0|1,0|0,0|0,0|0,0|0,0|0,0|0,0|0,0|0,0|0,1|0,0|1,1|0,0|0,0|0,0|0,1|0,0|1,0|0,0|0,0|0,0|0,0|0,0|0,0|0,0|0,0|1,0|1,1|0,0|0,0|0,0|1,0|0
7,95304888,.,A,G,.,PASS,AC=2802;AN=5096;DP=19454;AF=0.55;EAS_AF=0.66;EUR_AF=0.29;AFR_AF=0.78;AMR_AF=0.5;SAS_AF=0.43;VT=SNP;NS=2548,GT,0|0,0|0,0|0,0|0,1|1,1|1,0|0,0|0,0|0,1|1,1|1,1|0,0|0,1|1,1|0,1|0,1|0,1|0,1|0,1|0,0|0,0|1,0|1,0|1,1|0,0|0,0|1,1|1,0|0,0|0,1|1,1|1,0|0,0|1,0|0,1|1,0|0,0|0,0|0,1|0,0|0,1|0,1|0,1|1,1|1,0|0,0|1,0|0,1|0,1|0,0|0,1|0,1|1,1|0,0|1,0|0,0|0,0|0,0|0,0|0,1|1,0|0,0|1,0|0,0|0,0|0,1|1,0|1,0|1,0|0,0|1,0|1,1|0,0|1,0|0,0|0,0|1,0|0,0|1,1|0,0|0,0|0,0|0,1|0,0|1,1|1,0|1,0|1,0|0,1|0,0|1,0|0,0|1,0|0,1|0,0|0,1|0,0|0,1|0,0|1,0|1,1|1,1|0,0|1,1|1,1|1
7,95305034,.,C,T,.,PASS,AC=8;AN=5096;DP=22677;AF=0;EAS_AF=0;EUR_AF=0;AFR_AF=0;AMR_AF=0;SAS_AF=0.01;VT=SNP;NS=2548,GT,0|0,0|0,0|0,0|0,0|0,0|0,0|0,0|0,0|0,0|0,0|0,0|0,0|0,0|0,0|0,0|0,0|0,0|0,0|0,0|1,0|0,0|0,0|0,0|0,0|0,0|0,0|0,0|0,0|0,0|0,0|0,0|0,0|0,0|0,0|0,0|0,0|0,0|0,0|0,0|0,0|0,0|0,0|0,0|0,0|0,0|0,0|0,0|0,0|0,0|0,0|0,0|0,0|0,0|0,0|0,0|0,0|0,0|0,0|0,0|0,0|0,0|0,0|0,0|0,0|0,0|0,0|0,0|0,0|0,0|0,0|0,0|0,0|0,0|0,0|0,0|0,0|0,0|0,1|0,0|0,0|0,0|0,0|0,0|0,0|0,0|0,0|0,0|0,0|0,0|0,0|0,0|0,0|0,0|0,0|0,0|0,0|0,0|0,0|0,0|0,0|0,0|0,0|0,0|0,0|0,0|0
7,95305131,.,A,C,.,PASS,AC=4;AN=5096;DP=22339;AF=0;EAS_AF=0;EUR_AF=0;AFR_AF=0;AMR_AF=0;SAS_AF=0;VT=SNP;NS=2548,GT,0|0,0|0,0|0,0|0,0|0,0|0,0|0,0|0,0|0,0|0,0|0,0|0,0|0,0|0,0|0,0|0,0|0,0|0,0|0,0|0,0|0,0|0,0|0,0|0,0|0,0|0,0|0,0|0,0|0,0|0,0|0,0|0,0|0,0|0,0|0,0|0,0|0,0|0,0|0,0|0,0|0,0|0,0|0,0|0,1|0,0|0,0|0,0|0,0|0,0|0,0|0,0|0,0|0,0|0,0|0,0|0,0|0,0|0,0|0,0|0,0|0,0|0,0|0,0|0,0|0,0|0,0|0,0|0,0|1,0|0,0|0,0|0,0|0,0|0,0|0,0|0,0|0,0|0,0|0,0|0,0|0,0|0,0|0,0|0,0|0,0|0,0|0,0|0,0|0,0|0,0|0,0|0,0|1,0|0,0|0,0|0,0|0,0|0,0|0,0|0,0|0,0|0,0|0,0|0,0|0,0|0
7,95305143,.,G,A,.,PASS,AC=651;AN=5096;DP=22454;AF=0.13;EAS_AF=0.11;EUR_AF=0.06;AFR_AF=0.18;AMR_AF=0.2;SAS_AF=0.09;VT=SNP;NS=2548,GT,0|0,0|0,0|0,0|0,0|0,0|0,0|0,0|0,0|0,0|0,0|0,1|0,0|0,0|0,0|0,0|0,1|0,1|0,1|0,1|0,0|0,0|0,0|1,0|0,0|0,0|0,0|0,0|0,0|0,0|0,0|0,0|1,0|0,0|0,0|0,1|0,0|0,0|0,0|0,0|0,0|0,0|0,0|0,1|0,0|0,0|0,0|1,0|0,0|0,0|0,0|0,0|0,1|1,0|0,0|1,0|0,0|0,0|0,0|0,0|0,0|1,0|0,0|0,0|0,0|0,0|0,1|1,0|0,0|0,0|0,0|0,0|0,0|0,0|0,0|0,0|0,0|0,0|0,0|0,0|0,0|0,0|0,0|0,0|0,0|0,0|0,0|1,0|0,0|0,0|0,0|0,0|0,0|0,0|0,1|0,0|0,1|0,0|0,1|0,0|0,0|0,0|0,1|0,0|0,0|0,0|1
7,95305261,.,G,A,.,PASS,AC=585;AN=5096;DP=18045;AF=0.11;EAS_AF=0.11;EUR_AF=0.11;AFR_AF=0.12;AMR_AF=0.13;SAS_AF=0.1;VT=SNP;NS=2548,GT,0|0,0|0,0|0,0|0,0|0,0|0,0|0,0|0,0|0,0|0,0|1,0|0,0|0,0|0,0|0,0|0,0|0,0|0,0|0,0|0,0|0,0|0,0|0,0|0,0|0,0|0,0|0,1|0,0|0,0|0,1|0,1|0,0|0,0|0,0|0,0|0,0|0,0|0,0|0,0|0,0|0,1|0,1|0,0|0,1|0,0|0,0|0,0|0,0|0,0|0,0|0,1|0,0|0,0|0,0|0,0|0,0|0,0|0,0|0,0|0,1|0,0|0,0|1,0|0,0|0,0|0,0|0,0|0,0|1,0|0,0|0,0|0,0|0,0|0,0|0,0|0,0|1,0|0,0|1,0|0,0|0,0|0,0|0,0|0,0|0,0|0,0|0,0|1,0|0,0|0,0|0,0|0,0|1,0|0,0|0,0|0,0|0,0|0,0|0,0|0,0|0,0|1,0|0,0|1,0|0,0|0
7,95305511,.,G,C,.,PASS,AC=40;AN=5096;DP=23304;AF=0.01;EAS_AF=0;EUR_AF=0.02;AFR_AF=0;AMR_AF=0.01;SAS_AF=0.02;VT=SNP;NS=2548,GT,0|0,0|0,0|0,0|0,0|0,0|0,0|0,0|0,0|0,0|0,0|0,0|0,1|0,0|0,0|0,0|0,0|0,0|0,0|0,0|0,0|0,0|0,0|0,0|0,0|0,0|0,0|0,0|0,0|0,0|0,0|0,0|0,0|0,0|0,0|0,0|0,1|0,0|0,0|0,0|0,0|0,0|0,0|1,0|0,0|0,1|0,0|0,0|0,0|0,0|0,0|0,0|0,0|0,0|0,0|0,0|0,0|0,0|0,0|0,0|0,0|0,0|0,0|0,0|0,0|0,0|0,0|0,0|0,0|0,0|0,0|0,0|0,0|0,0|0,0|0,0|0,0|0,0|0,0|0,0|0,0|0,0|0,0|0,0|0,0|0,0|0,0|0,0|0,0|0,0|0,0|0,0|0,0|0,0|0,0|0,0|0,0|0,0|0,0|0,0|0,0|0,0|0,0|0,0|0,0|0,0|0
7,95305566,.,C,T,.,PASS,AC=25;AN=5096;DP=22205;AF=0;EAS_AF=0;EUR_AF=0;AFR_AF=0;AMR_AF=0;SAS_AF=0.03;VT=SNP;NS=2548,GT,0|0,0|0,0|0,0|0,1|0,0|0,0|0,0|0,0|0,0|0,0|0,0|0,0|0,0|0,0|0,0|0,0|0,0|0,0|0,0|0,0|0,0|0,0|0,0|1,1|0,0|0,0|0,0|0,0|0,0|0,0|0,0|0,0|0,0|0,0|0,0|1,0|0,0|0,0|0,0|0,0|0,0|0,0|0,0|1,0|0,0|0,0|0,0|0,0|0,0|0,0|0,0|0,0|0,0|0,0|0,0|0,0|0,0|0,0|0,0|0,0|0,0|0,0|0,0|0,0|0,0|0,0|0,0|1,0|0,0|0,0|1,0|0,0|0,0|1,0|0,0|0,0|0,0|0,0|0,0|0,0|0,0|0,0|0,0|0,0|1,0|0,0|0,0|0,0|0,0|0,0|0,0|0,0|0,0|0,0|0,0|0,0|0,0|0,0|0,0|0,0|0,0|0,0|0,0|0,0|0,0|0
7,95305858,.,A,T,.,PASS,AC=1;AN=5096;DP=24742;AF=0;EAS_AF=0;EUR_AF=0;AFR_AF=0;AMR_AF=0;SAS_AF=0;VT=SNP;NS=2548,GT,0|0,0|0,0|0,0|0,0|0,0|0,0|0,0|0,0|0,0|0,0|0,0|0,0|0,0|0,0|0,0|0,0|0,0|0,0|0,0|0,0|0,0|0,0|0,0|0,0|0,0|0,0|0,0|0,0|0,0|0,0|0,0|0,0|0,0|0,0|0,0|0,0|0,0|0,0|0,0|0,0|0,0|0,0|0,0|0,0|0,0|0,0|0,0|0,0|0,0|0,0|0,0|0,0|0,0|0,0|0,0|0,0|0,0|0,0|0,0|0,0|0,0|0,0|0,0|0,0|0,0|0,0|0,0|0,0|0,0|0,0|0,0|0,0|0,0|0,0|0,0|0,0|0,0|0,1|0,0|0,0|0,0|0,0|0,0|0,0|0,0|0,0|0,0|0,0|0,0|0,0|0,0|0,0|0,0|0,0|0,0|0,0|0,0|0,0|0,0|0,0|0,0|0,0|0,0|0,0|0,0|0
7,95305886,.,CA,C,.,PASS,AC=1755;AN=5096;DP=25050;AF=0.34;EAS_AF=0.24;EUR_AF=0.18;AFR_AF=0.62;AMR_AF=0.35;SAS_AF=0.24;VT=INDEL;NS=2548,GT,0|0,0|0,0|0,0|0,0|0,0|1,0|0,0|0,0|0,1|0,1|1,1|0,0|0,0|0,0|0,1|0,1|0,1|0,1|0,1|0,0|0,0|0,0|1,0|0,0|0,0|0,0|0,1|0,0|0,0|0,1|0,1|1,0|0,0|0,0|0,1|0,0|0,0|0,0|0,0|0,0|0,1|0,1|0,1|0,1|1,0|0,0|1,0|0,0|0,0|0,0|0,1|0,1|1,0|0,0|1,0|0,0|0,0|0,0|0,0|0,1|1,0|0,0|1,0|0,0|0,0|0,1|1,0|0,0|1,0|0,0|0,0|1,0|0,0|0,0|0,0|0,0|1,0|0,0|1,1|0,0|0,0|0,0|0,0|0,0|0,0|1,0|1,0|1,0|0,0|0,0|0,0|0,0|1,0|0,1|0,0|0,1|0,0|0,1|0,0|0,0|0,0|1,1|0,0|1,1|0,1|1
7,95306176,.,G,T,.,PASS,AC=9;AN=5096;DP=99064;AF=0;EAS_AF=0;EUR_AF=0;AFR_AF=0;AMR_AF=0;SAS_AF=0.01;VT=SNP;NS=2548,GT,0|0,0|0,0|0,0|0,0|0,0|0,0|0,0|0,0|0,0|0,0|0,0|0,0|0,0|0,0|0,0|0,0|0,0|0,0|0,0|0,0|0,0|0,0|0,0|0,0|0,0|0,0|0,0|0,0|0,0|0,0|0,0|0,0|0,0|0,0|0,0|0,0|0,0|0,0|0,0|0,0|0,0|0,0|0,0|0,0|0,0|0,0|0,0|0,0|0,0|0,0|0,0|0,0|0,0|0,0|0,0|0,0|0,0|0,0|0,0|0,0|0,0|0,0|0,0|0,0|0,0|0,0|0,0|0,0|0,0|0,0|0,0|0,0|0,0|0,0|0,0|0,0|0,0|0,0|0,0|0,0|0,0|0,0|0,0|0,0|0,0|0,0|0,0|0,0|0,0|0,0|0,1|0,0|0,0|0,0|0,0|0,0|0,0|0,0|0,0|0,0|0,0|0,0|0,0|0,0|0,0|0
7,95306593,.,A,G,.,PASS,AC=679;AN=5096;DP=39193;AF=0.13;EAS_AF=0.11;EUR_AF=0.06;AFR_AF=0.2;AMR_AF=0.21;SAS_AF=0.09;VT=SNP;NS=2548,GT,0|0,0|0,0|0,0|0,0|0,0|0,0|0,0|0,0|0,0|0,0|0,1|0,0|0,0|0,0|0,0|0,1|0,1|0,1|0,1|0,0|0,0|0,0|1,0|0,0|0,0|0,0|0,0|0,0|0,0|0,0|0,0|1,0|0,0|0,0|0,1|0,0|0,0|0,0|0,0|0,0|0,0|0,0|0,1|0,0|0,0|0,0|1,0|0,0|0,0|0,0|0,0|0,1|1,0|0,0|1,0|0,0|0,0|0,0|0,0|0,0|1,0|0,0|0,0|0,0|0,0|0,1|1,0|0,0|0,0|0,0|0,0|0,0|0,0|0,0|0,0|0,0|0,0|0,0|0,0|0,0|0,0|0,0|0,0|0,0|0,0|0,0|1,0|0,0|0,0|0,0|0,0|0,0|0,0|0,1|0,0|0,1|0,0|0,1|0,0|0,0|0,0|0,1|0,0|0,0|0,0|1
7,95306817,.,A,G,.,PASS,AC=2454;AN=5096;DP=17108;AF=0.48;EAS_AF=0.65;EUR_AF=0.28;AFR_AF=0.59;AMR_AF=0.48;SAS_AF=0.37;VT=SNP;NS=2548,GT,0|0,0|0,0|0,0|0,1|1,1|0,0|0,0|0,0|0,0|1,0|1,1|0,0|0,1|1,1|0,0|0,1|0,1|0,1|0,1|0,0|0,0|1,0|1,0|1,1|0,0|0,0|1,1|1,0|0,0|0,1|1,1|1,0|0,0|1,0|0,1|1,0|0,0|0,0|0,1|0,0|0,1|0,1|0,1|1,1|0,0|0,0|1,0|0,1|0,1|0,0|0,1|0,1|1,1|0,0|1,0|0,0|0,0|0,0|0,0|0,1|1,0|0,0|1,0|0,0|0,0|0,1|1,0|1,0|1,0|0,0|1,0|0,1|0,0|1,0|0,0|0,0|1,0|0,0|1,0|0,0|0,0|0,0|0,1|0,0|1,1|0,0|1,0|1,0|0,1|0,0|1,0|0,0|1,0|0,1|0,0|0,1|0,0|0,1|0,0|1,0|1,1|1,1|0,0|1,0|1,0|1
7,95306898,.,A,C,.,PASS,AC=2;AN=5096;DP=17809;AF=0;EAS_AF=0;EUR_AF=0;AFR_AF=0;AMR_AF=0;SAS_AF=0;VT=SNP;NS=2548,GT,0|0,0|0,0|0,0|0,0|0,0|0,0|0,0|0,0|0,0|0,0|0,0|0,0|0,0|0,0|0,0|0,0|0,0|0,0|0,0|0,0|0,0|0,0|0,0|0,0|0,0|0,0|0,0|0,0|0,0|0,0|0,0|0,0|0,0|0,0|0,0|0,0|0,0|0,0|0,0|0,0|0,0|0,0|0,0|0,0|0,0|0,0|0,0|0,0|0,0|0,0|0,0|0,0|0,0|0,0|0,0|0,0|0,0|0,0|0,0|0,0|0,0|0,0|0,0|0,0|0,0|0,0|0,0|0,0|0,0|0,0|0,0|0,0|0,0|0,0|0,0|0,0|0,0|0,0|0,0|0,0|0,0|0,0|0,0|0,0|0,1|0,0|0,0|0,0|0,0|0,0|0,0|0,0|0,0|0,0|0,0|0,0|0,0|0,0|0,0|0,0|0,0|0,0|0,0|0,0|0,0|0
7,95306923,.,A,C,.,PASS,AC=595;AN=5096;DP=16942;AF=0.12;EAS_AF=0.11;EUR_AF=0.12;AFR_AF=0.12;AMR_AF=0.13;SAS_AF=0.1;VT=SNP;NS=2548,GT,0|0,0|0,0|0,0|0,0|0,0|0,0|0,0|0,0|0,0|0,0|1,0|0,0|0,0|0,0|0,0|0,0|0,0|0,0|0,0|0,0|0,0|0,0|0,0|0,0|0,0|0,0|0,1|0,0|0,0|0,1|0,1|0,0|0,0|0,0|0,0|0,0|0,0|0,0|0,0|0,0|0,1|0,1|0,0|0,1|0,0|0,0|0,0|0,0|0,0|0,0|0,1|0,0|0,0|0,0|0,0|0,0|0,0|0,0|0,0|0,1|0,0|0,0|1,0|0,0|0,0|0,0|0,0|0,0|1,0|0,0|0,0|0,0|0,0|0,0|0,0|0,0|1,0|0,0|1,0|0,0|0,0|0,0|0,0|0,0|0,0|0,0|0,0|1,0|0,0|0,0|0,0|0,0|1,0|0,0|0,0|0,0|0,0|0,0|0,0|0,0|0,0|1,0|0,0|1,0|0,0|0
7,95307059,.,CTT,C,.,PASS,AC=2202;AN=5096;DP=17654;AF=0.43;EAS_AF=0.56;EUR_AF=0.27;AFR_AF=0.5;AMR_AF=0.44;SAS_AF=0.37;VT=INDEL;NS=2548,GT,0|0,0|0,0|0,0|0,1|1,1|0,0|0,0|0,0|0,1|1,0|1,1|0,0|0,1|1,1|0,0|0,1|0,1|0,1|0,1|0,0|0,0|1,0|1,0|1,1|0,0|0,0|1,1|1,0|0,0|0,1|1,1|1,0|0,0|1,0|0,1|1,0|0,0|0,0|0,1|0,0|0,1|0,1|0,1|1,1|1,0|0,0|1,0|0,1|0,1|0,0|0,1|0,1|1,1|0,0|1,0|0,0|0,0|0,0|0,0|0,1|0,0|0,0|1,0|0,0|0,0|0,1|1,0|1,0|1,0|0,0|1,0|0,1|0,0|1,0|0,0|0,0|1,0|0,0|1,1|0,0|0,0|0,0|0,1|0,0|1,0|1,0|1,0|1,0|0,1|0,0|0,0|0,0|1,0|0,1|0,0|0,1|0,0|0,1|0,0|0,0|1,1|1,1|0,0|1,0|1,0|1
7,95307072,.,T,A,.,PASS,AC=17;AN=5096;DP=16579;AF=0;EAS_AF=0;EUR_AF=0;AFR_AF=0;AMR_AF=0;SAS_AF=0.02;VT=SNP;NS=2548,GT,0|0,0|0,0|0,0|0,0|0,0|0,0|0,0|0,0|0,1|0,0|0,0|0,0|0,0|0,0|0,0|0,0|0,0|0,0|0,0|0,0|0,0|0,0|0,0|0,0|0,0|0,0|0,0|0,0|0,0|0,0|0,0|0,0|0,0|0,0|0,0|0,0|0,0|0,0|0,0|0,0|0,0|0,0|0,0|0,0|1,0|0,0|0,0|0,0|0,0|0,0|0,0|0,0|0,0|0,0|0,0|0,0|0,0|0,0|0,0|0,0|0,0|0,0|0,0|0,0|0,0|0,0|0,0|0,0|0,0|0,0|0,0|0,0|0,0|0,0|0,0|0,0|0,0|0,0|0,1|0,0|0,0|0,0|0,0|0,0|0,0|1,0|0,0|0,0|0,0|0,0|0,0|0,0|0,0|0,0|0,0|0,0|0,0|0,0|0,0|0,0|0,0|0,0|0,0|0,0|0,0|0
7,95307074,.,A,T,.,PASS,AC=1187;AN=5096;DP=16427;AF=0.23;EAS_AF=0.32;EUR_AF=0.13;AFR_AF=0.29;AMR_AF=0.23;SAS_AF=0.18;VT=SNP;NS=2548,GT,0|0,0|0,0|0,0|0,1|0,1|0,0|0,0|0,0|0,0|1,0|0,0|0,0|0,1|0,0|0,0|0,1|0,0|0,0|0,0|0,0|0,0|1,0|0,0|0,0|0,0|0,0|0,0|0,0|0,0|0,1|0,1|1,0|0,0|0,0|0,1|1,0|0,0|0,0|0,0|0,0|0,1|0,1|0,0|1,1|0,0|0,0|0,0|0,1|0,0|0,0|0,0|0,0|1,1|0,0|0,0|0,0|0,0|0,0|0,0|0,1|0,0|0,0|0,0|0,0|0,0|0,1|1,0|1,0|1,0|0,0|1,0|0,1|0,0|1,0|0,0|0,0|1,0|0,0|1,0|0,0|0,1|0,0|0,0|0,0|1,1|0,0|0,0|0,0|0,0|0,0|0,0|0,0|1,0|0,0|0,0|0,1|0,0|0,0|0,0|0,0|1,0|1,0|0,0|0,0|0,0|0
7,95307380,.,C,T,.,PASS,AC=1772;AN=5096;DP=22214;AF=0.35;EAS_AF=0.54;EUR_AF=0.22;AFR_AF=0.38;AMR_AF=0.27;SAS_AF=0.28;VT=SNP;NS=2548,GT,0|0,0|0,0|0,0|0,1|1,1|0,0|0,0|0,0|0,0|1,0|1,0|0,0|0,1|1,1|0,0|0,0|0,0|0,0|0,0|0,0|0,0|1,0|0,0|1,1|0,0|0,0|1,1|1,0|0,0|0,1|1,1|0,0|0,0|1,0|0,0|1,0|0,0|0,0|0,1|0,0|0,1|0,1|0,0|1,1|0,0|0,0|0,0|0,1|0,1|0,0|0,1|0,0|0,1|0,0|0,0|0,0|0,0|0,0|0,0|0,1|0,0|0,0|1,0|0,0|0,0|0,0|0,0|1,0|1,0|0,0|1,0|0,1|0,0|1,0|0,0|0,0|1,0|0,0|1,0|0,0|0,0|0,0|0,1|0,0|1,1|0,0|0,0|1,0|0,1|0,0|0,0|0,0|1,0|0,0|0,0|0,0|0,0|0,0|0,0|1,0|1,1|1,0|0,0|1,0|1,0|0
7,95308134,.,T,C,.,PASS,AC=2763;AN=5096;DP=319466;AF=0.54;EAS_AF=0.66;EUR_AF=0.29;AFR_AF=0.75;AMR_AF=0.5;SAS_AF=0.42;EX_TARGET;VT=SNP;NS=2548,GT,0|0,0|0,0|0,0|0,1|1,1|1,0|0,0|0,0|0,1|1,1|1,1|0,0|0,1|1,1|0,1|0,1|0,1|0,1|0,1|0,0|0,0|1,0|1,0|1,1|0,0|0,0|1,1|1,0|0,0|0,1|1,1|1,0|0,0|1,0|0,1|1,0|0,0|0,0|0,1|0,0|0,1|0,1|0,1|1,1|1,0|0,0|1,0|0,1|0,1|0,0|0,1|0,1|1,1|0,0|1,0|0,0|0,0|0,0|0,0|0,1|1,0|0,0|1,0|0,0|0,0|0,1|1,0|1,0|1,0|0,0|1,0|1,1|0,0|1,0|0,0|0,0|1,0|0,0|1,1|0,0|0,0|0,0|0,1|0,0|1,1|1,0|1,0|1,0|0,1|0,0|0,0|0,0|1,0|0,1|0,0|0,1|0,0|0,1|0,0|1,0|1,1|1,1|0,0|1,1|1,1|1
7,95308312,.,G,A,.,PASS,AC=676;AN=5096;DP=73258;AF=0.13;EAS_AF=0.11;EUR_AF=0.06;AFR_AF=0.2;AMR_AF=0.21;SAS_AF=0.09;VT=SNP;NS=2548,GT,0|0,0|0,0|0,0|0,0|0,0|0,0|0,0|0,0|0,0|0,0|0,1|0,0|0,0|0,0|0,0|0,1|0,1|0,1|0,1|0,0|0,0|0,0|1,0|0,0|0,0|0,0|0,0|0,0|0,0|0,0|0,0|1,0|0,0|0,0|0,1|0,0|0,0|0,0|0,0|0,0|0,0|0,0|0,1|0,0|0,0|0,0|1,0|0,0|0,0|0,0|0,0|0,1|1,0|0,0|1,0|0,0|0,0|0,0|0,0|0,0|1,0|0,0|0,0|0,0|0,0|0,1|1,0|0,0|0,0|0,0|0,0|0,0|0,0|0,0|0,0|0,0|0,0|0,0|0,0|0,0|0,0|0,0|0,0|0,0|0,0|0,0|1,0|0,0|0,0|0,0|0,0|0,0|0,0|0,1|0,0|0,1|0,0|0,1|0,0|0,0|0,0|0,1|0,0|0,0|0,0|1
7,95308384,.,T,TAA,.,PASS,AC=2683;AN=5096;DP=40981;AF=0.53;EAS_AF=0.65;EUR_AF=0.29;AFR_AF=0.75;AMR_AF=0.49;SAS_AF=0.37;VT=INDEL;NS=2548,GT,0|0,0|0,0|0,0|0,1|1,1|0,0|0,0|0,0|0,0|1,0|1,1|0,0|0,1|1,1|0,0|0,1|0,1|0,1|0,1|0,0|0,0|1,0|1,0|1,1|0,0|0,0|1,1|1,0|0,0|0,1|1,1|1,0|0,0|1,0|0,1|1,0|0,0|0,0|0,1|0,0|0,1|0,1|0,1|1,1|0,0|0,0|1,0|0,1|0,1|0,0|0,1|0,1|1,1|0,0|1,0|0,0|0,0|0,0|0,0|0,1|1,0|0,0|1,0|0,0|0,0|0,1|1,0|1,0|1,0|0,0|1,0|0,1|0,0|1,0|0,0|0,0|1,0|0,0|1,0|0,0|0,0|0,0|0,1|0,0|1,1|0,0|1,0|1,0|0,1|0,0|0,0|0,0|1,0|0,1|0,0|0,1|0,0|0,1|0,0|1,0|1,1|1,1|0,0|1,0|1,0|1
7,95308581,.,G,A,.,PASS,AC=2010;AN=5096;DP=19631;AF=0.39;EAS_AF=0.54;EUR_AF=0.23;AFR_AF=0.55;AMR_AF=0.28;SAS_AF=0.28;VT=SNP;NS=2548,GT,0|0,0|0,0|0,0|0,1|1,1|0,0|0,0|0,0|0,0|1,0|1,0|0,0|0,1|1,1|0,0|0,0|0,0|0,0|0,0|0,0|0,0|1,0|0,0|1,1|0,0|0,0|1,1|1,0|0,0|0,1|1,1|0,0|0,0|1,0|0,0|1,0|0,0|0,0|0,1|0,0|0,1|0,1|0,0|1,1|0,0|0,0|0,0|0,1|0,1|0,0|0,1|0,0|0,1|0,0|0,0|0,0|0,0|0,0|0,0|0,1|0,0|0,0|1,0|0,0|0,0|0,0|0,0|1,0|1,0|0,0|1,0|0,1|0,0|1,0|0,0|0,0|1,0|0,0|1,0|0,0|0,0|0,0|0,1|0,0|1,1|0,0|0,0|1,0|0,1|0,0|0,0|0,0|1,0|0,0|0,0|0,0|0,0|0,0|0,0|1,0|1,1|1,0|0,0|1,0|1,0|0
7,95308864,.,G,A,.,PASS,AC=638;AN=5096;DP=20251;AF=0.13;EAS_AF=0.11;EUR_AF=0.06;AFR_AF=0.18;AMR_AF=0.2;SAS_AF=0.09;VT=SNP;NS=2548,GT,0|0,0|0,0|0,0|0,0|0,0|0,0|0,0|0,0|0,0|0,0|0,1|0,0|0,0|0,0|0,0|0,1|0,1|0,1|0,1|0,0|0,0|0,0|1,0|0,0|0,0|0,0|0,0|0,0|0,0|0,0|0,0|1,0|0,0|0,0|0,1|0,0|0,0|0,0|0,0|0,0|0,0|0,0|0,1|0,0|0,0|0,0|1,0|0,0|0,0|0,0|0,0|0,1|1,0|0,0|1,0|0,0|0,0|0,0|0,0|0,0|1,0|0,0|0,0|0,0|0,0|0,1|1,0|0,0|0,0|0,0|0,0|0,0|0,0|0,0|0,0|0,0|0,0|0,0|0,0|0,0|0,0|0,0|0,0|0,0|0,0|0,0|1,0|0,0|0,0|0,0|0,0|0,0|0,0|0,1|0,0|0,1|0,0|0,1|0,0|0,0|0,0|0,1|0,0|0,0|0,0|1
7,95308945,.,A,G,.,PASS,AC=2803;AN=5096;DP=21459;AF=0.55;EAS_AF=0.66;EUR_AF=0.29;AFR_AF=0.78;AMR_AF=0.5;SAS_AF=0.42;VT=SNP;NS=2548,GT,0|0,0|0,0|0,0|0,1|1,1|1,0|0,0|0,0|0,1|1,1|1,1|0,0|0,1|1,1|0,1|0,1|0,1|0,1|0,1|0,0|0,0|1,0|1,0|1,1|0,0|0,0|1,1|1,0|0,0|0,1|1,1|1,0|0,0|1,0|0,1|1,0|0,0|0,0|0,1|0,0|0,1|0,1|0,1|1,1|1,0|0,0|1,0|0,1|0,1|0,0|0,1|0,1|1,1|0,0|1,0|0,0|0,0|0,0|0,0|0,1|1,0|0,0|1,0|0,0|0,0|0,1|1,0|1,0|1,0|0,0|1,0|1,1|0,0|1,0|0,0|0,0|1,0|0,0|1,1|0,0|0,0|0,0|0,1|0,0|1,1|1,0|1,0|1,0|0,1|0,0|0,0|0,0|1,0|0,1|0,0|0,1|0,0|0,1|0,0|1,0|1,1|1,1|0,0|1,1|1,1|1
7,95309018,.,G,C,.,PASS,AC=29;AN=5096;DP=20246;AF=0.01;EAS_AF=0;EUR_AF=0;AFR_AF=0;AMR_AF=0;SAS_AF=0.03;VT=SNP;NS=2548,GT,0|0,0|0,0|0,0|0,0|1,0|0,0|0,0|0,0|0,0|0,0|0,0|0,0|0,0|1,0|0,0|0,0|0,0|0,0|0,0|0,0|0,0|0,0|0,0|0,0|0,0|0,0|1,0|0,0|0,0|0,0|0,0|0,0|0,0|0,0|0,0|0,0|0,0|0,0|0,0|0,0|0,0|0,0|0,0|0,0|0,0|0,0|0,0|0,0|0,0|0,0|0,0|0,0|0,0|0,0|0,0|0,0|0,0|0,0|0,0|0,0|0,0|0,0|0,0|0,0|0,0|0,0|0,0|0,0|0,0|0,0|0,0|0,0|0,0|0,0|0,0|0,0|0,0|0,0|0,0|0,0|0,0|0,0|0,1|0,0|0,0|0,0|0,0|0,0|0,1|0,0|0,0|0,0|0,0|0,0|0,0|0,0|0,0|0,0|0,0|0,0|0,0|0,0|0,0|0,0|0,0|0
7,95309076,.,G,A,.,PASS,AC=20;AN=5096;DP=20495;AF=0;EAS_AF=0;EUR_AF=0.01;AFR_AF=0;AMR_AF=0;SAS_AF=0.01;VT=SNP;NS=2548,GT,0|0,0|0,0|0,0|0,0|0,0|0,0|0,0|0,0|0,0|0,0|0,0|0,0|0,0|0,0|0,0|0,0|0,0|0,0|0,0|0,0|0,0|0,0|0,0|0,0|0,0|0,0|0,0|0,0|1,0|0,0|0,0|0,0|0,0|0,0|0,0|0,0|0,0|0,0|0,0|0,0|0,0|0,0|0,0|0,0|0,0|0,0|0,0|0,0|0,0|0,0|0,0|0,0|0,0|0,0|0,0|0,0|0,0|0,0|0,0|0,0|0,0|0,0|0,0|0,0|0,0|0,0|0,0|0,0|0,1|0,0|0,0|0,0|0,0|0,0|0,0|0,0|0,0|0,0|0,0|0,0|0,0|0,0|0,0|0,0|0,0|0,0|0,0|0,0|0,0|0,0|0,0|0,0|0,0|0,0|0,0|0,0|0,0|0,0|0,0|0,0|0,0|0,0|0,0|0,0|0,0|0
7,95309148,.,A,AATGATATTCTC,.,PASS,AC=13;AN=5096;DP=19866;AF=0;EAS_AF=0;EUR_AF=0;AFR_AF=0;AMR_AF=0;SAS_AF=0.01;VT=INDEL;NS=2548,GT,0|0,0|0,0|0,0|0,1|0,0|0,0|0,0|0,0|0,0|0,0|0,0|0,0|0,0|0,0|0,0|0,0|0,0|0,0|0,0|0,0|0,0|0,0|0,0|1,1|0,0|0,0|0,0|0,0|0,0|0,0|0,0|0,0|0,0|0,0|0,0|0,0|0,0|0,0|0,0|0,0|0,0|0,0|0,0|0,0|0,0|0,0|0,0|0,0|0,0|0,0|0,0|0,0|0,0|0,0|0,0|0,0|0,0|0,0|0,0|0,0|0,0|0,0|0,0|0,0|0,0|0,0|0,0|1,0|0,0|0,0|1,0|0,0|0,0|1,0|0,0|0,0|0,0|0,0|0,0|0,0|0,0|0,0|0,0|0,0|0,0|0,0|0,0|0,0|0,0|0,0|0,0|0,0|0,0|0,0|0,0|0,0|0,0|0,0|0,0|0,0|0,0|0,0|0,0|0,0|0,0|0
7,95309314,.,G,GAA,.,PASS,AC=1765;AN=5096;DP=17200;AF=0.35;EAS_AF=0.54;EUR_AF=0.22;AFR_AF=0.38;AMR_AF=0.27;SAS_AF=0.28;VT=INDEL;NS=2548,GT,0|0,0|0,0|0,0|0,1|1,1|0,0|0,0|0,0|0,0|1,0|1,0|0,0|0,1|1,1|0,0|0,0|0,0|0,0|0,0|0,0|0,0|1,0|0,0|1,1|0,0|0,0|1,1|1,0|0,0|0,1|1,1|0,0|0,0|1,0|0,0|1,0|0,0|0,0|0,1|0,0|0,1|0,1|0,0|1,1|0,0|0,0|0,0|0,1|0,1|0,0|0,1|0,0|0,1|0,0|0,0|0,0|0,0|0,0|0,0|0,1|0,0|0,0|1,0|0,0|0,0|0,0|0,0|1,0|1,0|0,0|1,0|0,1|0,0|1,0|0,0|0,0|1,0|0,0|1,0|0,0|0,0|0,0|0,1|0,0|1,1|0,0|0,0|1,0|0,1|0,0|0,0|0,0|1,0|0,0|0,0|0,0|0,0|0,0|0,0|1,0|1,1|1,0|0,0|1,0|1,0|0
7,95309474,.,T,C,.,PASS,AC=586;AN=5096;DP=18424;AF=0.11;EAS_AF=0.11;EUR_AF=0.11;AFR_AF=0.12;AMR_AF=0.13;SAS_AF=0.1;VT=SNP;NS=2548,GT,0|0,0|0,0|0,0|0,0|0,0|0,0|0,0|0,0|0,0|0,0|1,0|0,0|0,0|0,0|0,0|0,0|0,0|0,0|0,0|0,0|0,0|0,0|0,0|0,0|0,0|0,0|0,1|0,0|0,0|0,1|0,1|0,0|0,0|0,0|0,0|0,0|0,0|0,0|0,0|0,0|0,1|0,1|0,0|0,1|0,0|0,0|0,0|0,0|0,0|0,0|0,1|0,0|0,0|0,0|0,0|0,0|0,0|0,0|0,0|0,1|0,0|0,0|1,0|0,0|0,0|0,0|0,0|0,0|1,0|0,0|0,0|0,0|0,0|0,0|0,0|0,0|1,0|0,0|1,0|0,0|0,0|0,0|0,0|0,0|0,0|0,0|0,0|1,0|0,0|0,0|0,0|0,0|1,0|0,0|0,0|0,0|0,0|0,0|0,0|0,0|0,0|1,0|0,0|1,0|0,0|0
7,95309699,.,T,C,.,PASS,AC=2;AN=5096;DP=16701;AF=0;EAS_AF=0;EUR_AF=0;AFR_AF=0;AMR_AF=0;SAS_AF=0;VT=SNP;NS=2548,GT,0|0,0|0,0|0,0|0,0|0,0|0,0|0,0|0,0|0,0|0,0|0,0|0,0|0,0|0,0|0,0|0,0|0,0|0,0|0,0|0,0|0,0|0,0|0,0|0,0|0,0|0,0|0,0|0,0|0,0|0,0|0,0|0,0|0,1|0,0|0,0|0,0|0,0|0,0|0,0|0,0|0,0|0,0|0,0|0,0|0,0|0,0|0,0|0,0|0,0|0,0|0,0|0,0|0,0|0,0|0,0|0,0|0,0|0,0|0,0|0,0|0,0|0,0|0,0|0,0|0,0|0,0|0,0|0,0|0,0|0,0|0,0|0,0|0,0|0,0|0,0|0,0|0,0|0,0|0,0|0,0|0,0|0,0|0,0|0,0|0,0|0,0|0,0|0,0|0,0|0,0|0,0|0,0|0,0|0,0|0,0|0,0|0,0|0,0|0,0|0,0|0,0|0,0|0,0|0,0|0,0|0
7,95309720,.,C,A,.,PASS,AC=1999;AN=5096;DP=17382;AF=0.39;EAS_AF=0.53;EUR_AF=0.23;AFR_AF=0.55;AMR_AF=0.28;SAS_AF=0.28;VT=SNP;NS=2548,GT,0|0,0|0,0|0,0|0,1|1,1|0,0|0,0|0,0|0,0|1,0|1,0|0,0|0,1|1,1|0,0|0,0|0,0|0,0|0,0|0,0|0,0|1,0|0,0|1,1|0,0|0,0|1,1|1,0|0,0|0,1|1,1|0,0|0,0|1,0|0,0|1,0|0,0|0,0|0,1|0,0|0,1|0,1|0,0|1,1|0,0|0,0|0,0|0,1|0,1|0,0|0,1|0,0|0,1|0,0|0,0|0,0|0,0|0,0|0,0|0,1|0,0|0,0|1,0|0,0|0,0|0,0|0,0|1,0|1,0|0,0|1,0|0,1|0,0|1,0|0,0|0,0|1,0|0,0|1,0|0,0|0,0|0,0|0,1|0,0|1,1|0,0|0,0|1,0|0,1|0,0|0,0|0,0|1,0|0,0|0,0|0,0|0,0|0,0|0,0|1,0|1,1|1,0|0,0|1,0|1,0|0
7,95310379,.,G,T,.,PASS,AC=3;AN=5096;DP=21085;AF=0;EAS_AF=0;EUR_AF=0;AFR_AF=0;AMR_AF=0;SAS_AF=0;VT=SNP;NS=2548,GT,0|0,0|0,0|0,0|0,0|0,0|0,0|0,0|0,0|0,0|0,0|0,0|0,0|0,0|0,0|0,0|0,0|0,0|0,0|0,0|0,0|0,0|0,0|0,0|0,0|0,0|0,0|0,0|0,0|0,0|0,0|0,0|0,0|0,0|0,0|0,0|0,0|0,0|0,0|0,0|0,0|0,0|0,0|0,0|0,0|0,0|0,0|0,0|0,0|0,0|0,0|0,0|0,0|0,0|0,0|0,0|0,0|0,0|0,0|0,0|0,0|0,0|0,0|0,0|0,0|0,0|0,0|0,0|0,0|0,0|0,0|0,0|0,0|0,0|0,0|0,0|0,0|0,0|0,0|0,0|0,0|0,0|0,0|0,0|0,0|0,0|0,0|0,0|0,0|0,0|0,0|0,1|0,0|0,0|0,0|0,0|0,0|0,0|0,0|0,0|0,0|0,0|0,0|0,0|0,0|0,0|0
7,95310485,.,T,C,.,PASS,AC=2802;AN=5096;DP=20886;AF=0.55;EAS_AF=0.66;EUR_AF=0.29;AFR_AF=0.78;AMR_AF=0.5;SAS_AF=0.42;VT=SNP;NS=2548,GT,0|0,0|0,0|0,0|0,1|1,1|1,0|0,0|0,0|0,1|1,1|1,1|0,0|0,1|1,1|0,1|0,1|0,1|0,1|0,1|0,0|0,0|1,0|1,0|1,1|0,0|0,0|1,1|1,0|0,0|0,1|1,1|1,0|0,0|1,0|0,1|1,0|0,0|0,0|0,1|0,0|0,1|0,1|0,1|1,1|1,0|0,0|1,0|0,1|0,1|0,0|0,1|0,1|1,1|0,0|1,0|0,0|0,0|0,0|0,0|0,1|1,0|0,0|1,0|0,0|0,0|0,1|1,0|1,0|1,0|0,0|1,0|1,1|0,0|1,0|0,0|0,0|1,0|0,0|1,1|0,0|0,0|0,0|0,1|0,0|1,1|1,0|1,0|1,0|0,1|0,0|0,0|0,0|1,0|0,1|0,0|0,1|0,0|0,1|0,0|1,0|1,1|1,1|0,0|1,1|1,1|1
7,95310518,.,G,A,.,PASS,AC=1770;AN=5096;DP=20988;AF=0.35;EAS_AF=0.53;EUR_AF=0.22;AFR_AF=0.38;AMR_AF=0.27;SAS_AF=0.28;VT=SNP;NS=2548,GT,0|0,0|0,0|0,0|0,1|1,1|0,0|0,0|0,0|0,0|1,0|1,0|0,0|0,1|1,1|0,0|0,0|0,0|0,0|0,0|0,0|0,0|1,0|0,0|1,1|0,0|0,0|1,1|1,0|0,0|0,1|1,1|0,0|0,0|1,0|0,0|1,0|0,0|0,0|0,1|0,0|0,1|0,1|0,0|1,1|0,0|0,0|0,0|0,1|0,1|0,0|0,1|0,0|0,1|0,0|0,0|0,0|0,0|0,0|0,0|0,1|0,0|0,0|1,0|0,0|0,0|0,0|0,0|1,0|1,0|0,0|1,0|0,1|0,0|1,0|0,0|0,0|1,0|0,0|1,0|0,0|0,0|0,0|0,1|0,0|1,1|0,0|0,0|1,0|0,1|0,0|0,0|0,0|1,0|0,0|0,0|0,0|0,0|0,0|0,0|1,0|1,1|1,0|0,0|1,0|1,0|0
7,95310757,.,G,A,.,PASS,AC=12;AN=5096;DP=20753;AF=0;EAS_AF=0;EUR_AF=0.01;AFR_AF=0;AMR_AF=0.01;SAS_AF=0;VT=SNP;NS=2548,GT,0|0,0|0,0|0,0|0,0|0,0|0,0|0,0|0,0|0,0|0,0|0,0|0,0|0,0|0,0|0,0|0,0|0,0|0,0|0,0|0,0|0,0|0,0|0,0|0,0|0,0|0,0|0,0|0,0|0,0|0,0|0,0|0,0|0,0|0,0|0,0|0,0|0,0|0,0|0,0|0,0|0,0|0,0|0,0|0,0|0,0|0,0|0,0|0,0|0,0|0,0|0,0|0,0|0,0|0,0|0,0|0,0|0,0|0,0|0,0|0,0|0,0|0,0|0,0|0,0|0,0|0,0|0,0|0,0|0,0|0,0|0,0|0,0|0,0|0,0|0,0|0,0|0,0|0,0|0,0|0,0|0,0|0,0|0,0|0,0|0,0|0,0|1,0|0,0|0,0|0,0|0,0|0,0|0,0|0,0|0,0|0,0|0,0|0,0|0,0|0,0|0,0|0,0|0,0|0,0|0,0|0
7,95310807,.,A,T,.,PASS,AC=2762;AN=5096;DP=20869;AF=0.54;EAS_AF=0.66;EUR_AF=0.29;AFR_AF=0.75;AMR_AF=0.5;SAS_AF=0.42;VT=SNP;NS=2548,GT,0|0,0|0,0|0,0|0,1|1,1|1,0|0,0|0,0|0,1|1,1|1,1|0,0|0,1|1,1|0,1|0,1|0,1|0,1|0,1|0,0|0,0|1,0|1,0|1,1|0,0|0,0|1,1|1,0|0,0|0,1|1,1|1,0|0,0|1,0|0,1|1,0|0,0|0,0|0,1|0,0|0,1|0,1|0,1|1,1|1,0|0,0|1,0|0,1|0,1|0,0|0,1|0,1|1,1|0,0|1,0|0,0|0,0|0,0|0,0|0,1|1,0|0,0|1,0|0,0|0,0|0,1|1,0|1,0|1,0|0,0|1,0|1,1|0,0|1,0|0,0|0,0|1,0|0,0|1,1|0,0|0,0|0,0|0,1|0,0|1,1|1,0|1,0|1,0|0,1|0,0|0,0|0,0|1,0|0,1|0,0|0,1|0,0|0,1|0,0|1,0|1,1|1,1|0,0|1,1|1,1|1
7,95310810,.,C,T,.,PASS,AC=1183;AN=5096;DP=20804;AF=0.23;EAS_AF=0.43;EUR_AF=0.11;AFR_AF=0.26;AMR_AF=0.15;SAS_AF=0.18;VT=SNP;NS=2548,GT,0|0,0|0,0|0,0|0,1|1,1|0,0|0,0|0,0|0,0|1,0|0,0|0,0|0,1|1,1|0,0|0,0|0,0|0,0|0,0|0,0|0,0|1,0|0,0|1,1|0,0|0,0|1,0|1,0|0,0|0,0|1,0|0,0|0,0|1,0|0,0|1,0|0,0|0,0|0,1|0,0|0,0|0,0|0,0|1,0|0,0|0,0|0,0|0,1|0,1|0,0|0,0|0,0|0,1|0,0|0,0|0,0|0,0|0,0|0,0|0,0|0,0|0,0|0,0|0,0|0,0|0,0|0,0|1,0|0,0|0,0|1,0|0,1|0,0|1,0|0,0|0,0|0,0|0,0|0,0|0,0|0,0|0,0|0,1|0,0|1,1|0,0|0,0|0,0|0,1|0,0|0,0|0,0|0,0|0,0|0,0|0,0|0,0|0,0|0,0|1,0|1,1|0,0|0,0|0,0|1,0|0
7,95310923,.,A,G,.,PASS,AC=2762;AN=5096;DP=19950;AF=0.54;EAS_AF=0.66;EUR_AF=0.29;AFR_AF=0.75;AMR_AF=0.5;SAS_AF=0.42;VT=SNP;NS=2548,GT,0|0,0|0,0|0,0|0,1|1,1|1,0|0,0|0,0|0,1|1,1|1,1|0,0|0,1|1,1|0,1|0,1|0,1|0,1|0,1|0,0|0,0|1,0|1,0|1,1|0,0|0,0|1,1|1,0|0,0|0,1|1,1|1,0|0,0|1,0|0,1|1,0|0,0|0,0|0,1|0,0|0,1|0,1|0,1|1,1|1,0|0,0|1,0|0,1|0,1|0,0|0,1|0,1|1,1|0,0|1,0|0,0|0,0|0,0|0,0|0,1|1,0|0,0|1,0|0,0|0,0|0,1|1,0|1,0|1,0|0,0|1,0|1,1|0,0|1,0|0,0|0,0|1,0|0,0|1,1|0,0|0,0|0,0|0,1|0,0|1,1|1,0|1,0|1,0|0,1|0,0|0,0|0,0|1,0|0,1|0,0|0,1|0,0|0,1|0,0|1,0|1,1|1,1|0,0|1,1|1,1|1
7,95310928,.,C,G,.,PASS,AC=1186;AN=5096;DP=19977;AF=0.23;EAS_AF=0.43;EUR_AF=0.11;AFR_AF=0.26;AMR_AF=0.15;SAS_AF=0.18;VT=SNP;NS=2548,GT,0|0,0|0,0|0,0|0,1|1,1|0,0|0,0|0,0|0,0|1,0|0,0|0,0|0,1|1,1|0,0|0,0|0,0|0,0|0,0|0,0|0,0|1,0|0,0|1,1|0,0|0,0|1,0|1,0|0,0|0,0|1,0|0,0|0,0|1,0|0,0|1,0|0,0|0,0|0,1|0,0|0,0|0,0|0,0|1,0|0,0|0,0|0,0|0,1|0,1|0,0|0,0|0,0|0,1|0,0|0,0|0,0|0,0|0,0|0,0|0,0|0,0|0,0|0,0|0,0|0,0|0,0|0,0|1,0|0,0|0,0|1,0|0,1|0,0|1,0|0,0|0,0|0,0|0,0|0,0|0,0|0,0|0,0|0,1|0,0|1,1|0,0|0,0|0,0|0,1|1,0|0,0|0,0|0,0|0,0|0,0|0,0|0,0|0,0|0,0|1,0|1,1|0,0|0,0|0,0|1,0|0
7,95310931,.,G,A,.,PASS,AC=24;AN=5096;DP=19986;AF=0;EAS_AF=0;EUR_AF=0;AFR_AF=0;AMR_AF=0;SAS_AF=0.02;VT=SNP;NS=2548,GT,0|0,0|0,0|0,0|0,0|0,0|0,0|0,0|0,0|0,0|0,0|0,0|0,0|0,0|0,0|0,0|0,0|0,0|0,0|0,0|0,0|0,0|0,0|0,0|0,0|0,0|0,0|0,0|0,1|0,0|0,0|0,0|0,0|0,0|0,0|0,0|0,0|0,0|0,0|0,0|0,0|0,0|0,0|0,0|0,0|0,0|0,0|0,0|0,0|0,0|0,0|0,0|0,0|0,0|0,0|0,0|0,0|0,0|0,1|0,0|0,0|0,0|0,0|0,0|0,0|0,1|0,0|0,0|0,0|0,0|1,0|0,0|0,0|0,0|0,0|0,0|0,0|0,0|0,0|0,0|0,0|0,0|0,0|0,0|0,0|0,0|0,0|0,0|0,0|0,0|1,0|0,0|0,0|0,0|1,0|0,0|0,0|0,0|0,0|0,0|0,0|0,0|0,0|0,0|0,0|0,0|0
7,95310946,.,T,C,.,PASS,AC=641;AN=5096;DP=19975;AF=0.13;EAS_AF=0.11;EUR_AF=0.06;AFR_AF=0.18;AMR_AF=0.2;SAS_AF=0.09;VT=SNP;NS=2548,GT,0|0,0|0,0|0,0|0,0|0,0|0,0|0,0|0,0|0,0|0,0|0,1|0,0|0,0|0,0|0,0|0,1|0,1|0,1|0,1|0,0|0,0|0,0|1,0|0,0|0,0|0,0|0,0|0,0|0,0|0,0|0,0|1,0|0,0|0,0|0,1|0,0|0,0|0,0|0,0|0,0|0,0|0,0|0,1|0,0|0,0|0,0|1,0|0,0|0,0|0,0|0,0|0,1|1,0|0,0|1,0|0,0|0,0|0,0|0,0|0,0|1,0|0,0|0,0|0,0|0,0|0,1|1,0|0,0|0,0|0,0|0,0|0,0|0,0|0,0|0,0|0,0|0,0|0,0|0,0|0,0|0,0|0,0|0,0|0,0|0,0|0,0|1,0|0,0|0,0|0,0|0,0|0,0|0,0|0,1|0,0|0,1|0,0|0,1|0,0|0,0|0,0|0,1|0,0|0,0|0,0|1
7,95310978,.,A,T,.,PASS,AC=6;AN=5096;DP=20847;AF=0;EAS_AF=0;EUR_AF=0;AFR_AF=0;AMR_AF=0;SAS_AF=0.01;VT=SNP;NS=2548,GT,0|0,0|0,0|0,0|0,0|0,0|0,0|0,0|0,0|0,0|0,0|0,0|0,0|0,0|0,0|0,0|0,0|0,0|0,0|0,0|0,0|0,0|0,1|0,0|0,0|0,0|0,0|0,0|0,0|0,0|0,0|0,0|0,0|0,0|0,0|0,0|0,0|0,0|0,0|0,0|0,0|0,0|0,0|0,0|0,0|0,0|0,0|0,0|0,0|0,0|0,0|0,0|0,0|0,0|0,0|0,0|0,0|0,0|0,0|0,0|0,0|0,0|0,0|0,0|0,0|0,0|0,0|0,0|0,0|0,0|0,0|0,0|0,0|0,0|0,0|0,0|0,0|0,0|0,0|0,0|0,0|0,0|0,0|0,0|0,0|0,0|0,0|0,0|0,0|0,0|0,0|0,0|0,0|0,0|0,0|0,0|0,0|0,0|0,0|0,0|0,0|0,0|0,0|0,0|0,0|0,0|0
7,95311166,.,TG,T,.,PASS,AC=1770;AN=5096;DP=35414;AF=0.35;EAS_AF=0.53;EUR_AF=0.22;AFR_AF=0.38;AMR_AF=0.27;SAS_AF=0.28;VT=INDEL;NS=2548,GT,0|0,0|0,0|0,0|0,1|1,1|0,0|0,0|0,0|0,0|1,0|1,0|0,0|0,1|1,1|0,0|0,0|0,0|0,0|0,0|0,0|0,0|1,0|0,0|1,1|0,0|0,0|1,1|1,0|0,0|0,1|1,1|0,0|0,0|1,0|0,0|1,0|0,0|0,0|0,1|0,0|0,1|0,1|0,0|1,1|0,0|0,0|0,0|0,1|0,1|0,0|0,1|0,0|0,1|0,0|0,0|0,0|0,0|0,0|0,0|0,1|0,0|0,0|1,0|0,0|0,0|0,0|0,0|1,0|1,0|0,0|1,0|0,1|0,0|1,0|0,0|0,0|1,0|0,0|1,0|0,0|0,0|0,0|0,1|0,0|1,1|0,0|0,0|1,0|0,1|0,0|0,0|0,0|1,0|0,0|0,0|0,0|0,0|0,0|0,0|1,0|1,1|1,0|0,0|1,0|1,0|0
7,95311275,.,G,A,.,PASS,AC=1182;AN=5096;DP=74881;AF=0.23;EAS_AF=0.43;EUR_AF=0.11;AFR_AF=0.26;AMR_AF=0.15;SAS_AF=0.18;VT=SNP;NS=2548,GT,0|0,0|0,0|0,0|0,1|1,1|0,0|0,0|0,0|0,0|1,0|0,0|0,0|0,1|1,1|0,0|0,0|0,0|0,0|0,0|0,0|0,0|1,0|0,0|1,1|0,0|0,0|1,0|1,0|0,0|0,0|1,0|0,0|0,0|1,0|0,0|1,0|0,0|0,0|0,1|0,0|0,0|0,0|0,0|1,0|0,0|0,0|0,0|0,1|0,1|0,0|0,0|0,0|0,1|0,0|0,0|0,0|0,0|0,0|0,0|0,0|0,0|0,0|0,0|0,0|0,0|0,0|0,0|1,0|0,0|0,0|1,0|0,1|0,0|1,0|0,0|0,0|0,0|0,0|0,0|0,0|0,0|0,0|0,1|0,0|1,1|0,0|0,0|0,0|0,1|0,0|0,0|0,0|0,0|0,0|0,0|0,0|0,0|0,0|0,0|1,0|1,1|0,0|0,0|0,0|1,0|0
7,95311320,.,G,A,.,PASS,AC=8;AN=5096;DP=121857;AF=0;EAS_AF=0;EUR_AF=0;AFR_AF=0;AMR_AF=0;SAS_AF=0.01;VT=SNP;NS=2548,GT,0|0,0|0,0|0,0|0,0|0,0|0,0|0,0|0,0|0,0|0,0|0,0|0,0|0,0|0,0|0,0|0,0|0,0|0,0|0,0|0,0|0,0|0,0|0,0|0,0|0,0|0,0|0,0|0,0|0,0|0,0|0,0|0,0|0,0|0,0|0,0|0,0|0,0|0,0|0,0|0,0|0,0|0,0|0,0|0,0|0,0|0,0|0,0|0,0|0,0|0,0|0,0|0,0|0,0|0,0|0,0|0,0|0,0|0,1|0,0|0,0|0,0|0,0|0,0|0,0|0,0|0,0|0,0|0,0|0,0|0,0|0,0|0,0|0,0|0,0|0,0|0,0|0,0|0,0|0,0|0,0|0,0|0,0|0,0|0,0|0,0|0,0|0,0|0,0|0,0|0,0|0,0|0,0|0,0|0,0|0,0|0,0|0,0|0,0|0,0|0,0|0,0|0,0|0,0|0,0|0,0|0
7,95311470,.,T,C,.,PASS,AC=78;AN=5096;DP=434292;AF=0.02;EAS_AF=0.07;EUR_AF=0;AFR_AF=0;AMR_AF=0;SAS_AF=0;EX_TARGET;VT=SNP;NS=2548,GT,0|0,0|0,0|0,0|0,0|0,0|0,0|0,0|0,0|0,0|0,0|0,0|0,0|0,0|0,0|0,0|0,0|0,0|0,0|0,0|0,0|0,0|0,0|0,0|0,0|0,0|0,0|0,0|0,0|0,0|0,0|0,0|0,0|0,0|0,0|0,0|0,0|0,0|0,0|0,0|0,0|0,0|0,0|0,0|0,0|0,0|0,0|1,0|0,0|0,0|0,0|0,0|0,0|0,0|0,0|0,0|0,0|0,0|0,0|0,0|0,0|0,0|0,0|0,0|0,0|0,0|0,0|0,0|0,0|0,0|0,0|0,0|0,0|0,0|0,0|0,0|0,0|0,0|0,0|0,0|0,0|0,0|0,0|0,0|0,0|0,0|0,0|0,0|0,0|0,0|0,0|0,0|0,0|0,0|0,0|0,0|0,0|0,0|0,0|0,0|0,0|0,0|0,0|0,0|0,0|0,0|0
7,95311568,.,A,C,.,PASS,AC=12;AN=5096;DP=364129;AF=0;EAS_AF=0;EUR_AF=0;AFR_AF=0;AMR_AF=0.01;SAS_AF=0.01;EX_TARGET;VT=SNP;NS=2548,GT,0|0,0|0,0|0,0|0,0|0,0|0,0|0,0|0,0|0,0|0,0|0,0|0,0|0,0|0,0|0,0|0,0|0,0|0,0|0,0|0,0|0,0|0,0|0,0|0,0|0,0|0,0|0,0|0,0|0,0|0,0|0,0|0,0|0,0|0,0|0,0|0,0|0,0|0,0|0,0|0,0|0,0|0,0|0,0|0,0|0,0|0,0|0,0|0,0|0,0|0,0|0,0|0,0|0,0|0,1|0,0|0,0|0,0|0,0|1,0|0,0|0,0|0,0|0,0|0,0|0,0|0,0|0,0|0,0|0,0|0,0|0,0|0,0|0,0|0,0|0,0|0,0|0,0|0,0|0,0|0,0|0,0|0,0|0,0|0,0|0,0|0,0|0,0|0,0|0,0|0,0|0,0|0,0|0,0|0,0|0,0|0,0|0,0|0,0|0,0|0,0|0,0|0,0|0,0|0,0|0,0|0
7,95311726,.,G,T,.,PASS,AC=2761;AN=5096;DP=70380;AF=0.54;EAS_AF=0.66;EUR_AF=0.29;AFR_AF=0.75;AMR_AF=0.5;SAS_AF=0.42;VT=SNP;NS=2548,GT,0|0,0|0,0|0,0|0,1|1,1|1,0|0,0|0,0|0,1|1,1|1,1|0,0|0,1|1,1|0,1|0,1|0,1|0,1|0,1|0,0|0,0|1,0|1,0|1,1|0,0|0,0|1,1|1,0|0,0|0,1|1,1|1,0|0,0|1,0|0,1|1,0|0,0|0,0|0,1|0,0|0,1|0,1|0,1|1,1|1,0|0,0|1,0|0,1|0,1|0,0|0,1|0,1|1,1|0,0|1,0|0,0|0,0|0,0|0,0|0,1|1,0|0,0|1,0|0,0|0,0|0,1|1,0|1,0|1,0|0,0|1,0|1,1|0,0|1,0|0,0|0,0|1,0|0,0|1,1|0,0|0,0|0,0|0,1|0,0|1,1|1,0|1,0|1,0|0,1|0,0|0,0|0,0|1,0|0,1|0,0|0,1|0,0|0,1|0,0|1,0|1,1|1,1|0,0|1,1|1,1|1
7,95311964,.,TAC,T,.,PASS,AC=3;AN=5096;DP=24772;AF=0;EAS_AF=0;EUR_AF=0;AFR_AF=0;AMR_AF=0;SAS_AF=0;VT=INDEL;NS=2548,GT,0|0,0|0,0|0,0|0,0|0,0|0,0|0,0|0,0|0,0|0,0|0,0|0,0|0,0|0,0|0,0|0,0|0,0|0,0|0,0|0,0|0,0|0,0|0,0|0,0|0,0|0,0|0,0|0,0|0,0|0,0|0,0|0,0|0,0|0,0|0,0|0,0|0,0|0,0|0,0|0,0|0,0|0,0|0,0|0,0|0,1|0,0|0,0|0,0|0,0|0,0|0,0|0,0|0,0|0,0|0,0|0,0|0,0|0,0|0,0|0,0|0,0|0,0|0,0|0,0|0,0|0,0|0,0|0,0|0,0|0,0|0,0|0,0|0,0|0,0|0,0|0,0|0,0|0,0|0,0|0,0|0,0|0,0|0,0|0,0|0,0|0,0|0,0|0,0|0,0|0,0|0,0|0,0|0,0|0,0|0,0|0,0|0,0|0,0|0,0|0,0|0,0|0,0|0,0|0,0|0,0|0
7,95312103,.,G,A,.,PASS,AC=1770;AN=5096;DP=23976;AF=0.35;EAS_AF=0.53;EUR_AF=0.22;AFR_AF=0.38;AMR_AF=0.27;SAS_AF=0.28;VT=SNP;NS=2548,GT,0|0,0|0,0|0,0|0,1|1,1|0,0|0,0|0,0|0,0|1,0|1,0|0,0|0,1|1,1|0,0|0,0|0,0|0,0|0,0|0,0|0,0|1,0|0,0|1,1|0,0|0,0|1,1|1,0|0,0|0,1|1,1|0,0|0,0|1,0|0,0|1,0|0,0|0,0|0,1|0,0|0,1|0,1|0,0|1,1|0,0|0,0|0,0|0,1|0,1|0,0|0,1|0,0|0,1|0,0|0,0|0,0|0,0|0,0|0,0|0,1|0,0|0,0|1,0|0,0|0,0|0,0|0,0|1,0|1,0|0,0|1,0|0,1|0,0|1,0|0,0|0,0|1,0|0,0|1,0|0,0|0,0|0,0|0,1|0,0|1,1|0,0|0,0|1,0|0,1|0,0|0,0|0,0|1,0|0,0|0,0|0,0|0,0|0,0|0,0|1,0|1,1|1,0|0,0|1,0|1,0|0
7,95312392,.,C,T,.,PASS,AC=6;AN=5096;DP=19681;AF=0;EAS_AF=0;EUR_AF=0;AFR_AF=0;AMR_AF=0;SAS_AF=0.01;VT=SNP;NS=2548,GT,0|0,0|0,0|0,0|0,0|0,0|0,0|0,0|0,0|0,0|1,0|0,0|0,0|0,0|0,0|0,0|0,0|0,0|0,0|0,0|0,0|0,0|1,0|0,0|0,0|0,0|0,0|0,0|0,0|0,0|0,0|0,0|0,0|0,0|0,0|0,0|0,0|0,0|0,0|0,0|0,0|0,0|0,0|0,0|0,0|0,0|0,0|0,0|0,0|0,0|0,0|0,0|0,0|0,0|0,0|0,0|0,0|0,0|0,0|0,0|0,0|0,0|0,0|0,0|0,0|0,0|0,0|0,0|0,0|0,0|0,0|0,0|0,0|0,0|0,0|0,0|0,0|0,0|0,0|0,0|0,0|0,0|0,0|0,0|0,0|0,0|0,0|0,0|0,0|0,0|0,0|0,0|0,0|0,0|0,0|0,0|0,0|0,0|0,0|0,0|0,0|0,0|0,0|0,0|0,0|0,0|0
7,95312469,.,C,A,.,PASS,AC=638;AN=5096;DP=21371;AF=0.13;EAS_AF=0.11;EUR_AF=0.06;AFR_AF=0.18;AMR_AF=0.2;SAS_AF=0.09;VT=SNP;NS=2548,GT,0|0,0|0,0|0,0|0,0|0,0|0,0|0,0|0,0|0,0|0,0|0,1|0,0|0,0|0,0|0,0|0,1|0,1|0,1|0,1|0,0|0,0|0,0|1,0|0,0|0,0|0,0|0,0|0,0|0,0|0,0|0,0|1,0|0,0|0,0|0,1|0,0|0,0|0,0|0,0|0,0|0,0|0,0|0,1|0,0|0,0|0,0|1,0|0,0|0,0|0,0|0,0|0,1|1,0|0,0|1,0|0,0|0,0|0,0|0,0|0,0|1,0|0,0|0,0|0,0|0,0|0,1|1,0|0,0|0,0|0,0|0,0|0,0|0,0|0,0|0,0|0,0|0,0|0,0|0,0|0,0|0,0|0,0|0,0|0,0|0,0|0,0|1,0|0,0|0,0|0,0|0,0|0,0|0,0|0,1|0,0|0,1|0,0|0,1|0,0|0,0|0,0|0,1|0,0|0,0|0,0|1
7,95312509,.,G,A,.,PASS,AC=79;AN=5096;DP=21253;AF=0.02;EAS_AF=0.02;EUR_AF=0;AFR_AF=0;AMR_AF=0.01;SAS_AF=0.05;VT=SNP;NS=2548,GT,0|0,0|0,0|0,0|0,0|0,0|1,0|0,0|0,0|0,1|0,1|0,0|0,0|0,0|0,0|0,1|0,0|0,0|0,0|0,0|0,0|0,0|0,0|0,0|0,0|0,0|0,0|0,0|0,0|0,0|0,0|0,0|0,0|0,0|0,0|0,0|0,0|0,0|0,0|0,0|0,0|0,0|0,0|0,0|0,0|1,0|0,0|0,0|0,0|0,0|0,0|0,0|0,0|0,0|0,0|0,0|0,0|0,0|0,0|0,0|0,0|0,0|0,0|0,0|0,0|0,0|0,0|0,0|0,0|0,0|0,0|0,0|1,0|0,0|0,0|0,0|0,0|0,0|0,0|0,1|0,0|0,0|0,0|0,0|0,0|0,0|1,0|0,0|0,0|0,0|0,0|0,0|0,0|0,0|0,0|0,0|0,0|0,0|0,0|0,0|0,0|0,0|0,0|0,0|0,1|0,1|0
7,95312718,.,C,G,.,PASS,AC=79;AN=5096;DP=20081;AF=0.02;EAS_AF=0.02;EUR_AF=0;AFR_AF=0;AMR_AF=0.01;SAS_AF=0.05;VT=SNP;NS=2548,GT,0|0,0|0,0|0,0|0,0|0,0|1,0|0,0|0,0|0,1|0,1|0,0|0,0|0,0|0,0|0,1|0,0|0,0|0,0|0,0|0,0|0,0|0,0|0,0|0,0|0,0|0,0|0,0|0,0|0,0|0,0|0,0|0,0|0,0|0,0|0,0|0,0|0,0|0,0|0,0|0,0|0,0|0,0|0,0|0,0|1,0|0,0|0,0|0,0|0,0|0,0|0,0|0,0|0,0|0,0|0,0|0,0|0,0|0,0|0,0|0,0|0,0|0,0|0,0|0,0|0,0|0,0|0,0|0,0|0,0|0,0|0,0|1,0|0,0|0,0|0,0|0,0|0,0|0,0|0,1|0,0|0,0|0,0|0,0|0,0|0,0|1,0|0,0|0,0|0,0|0,0|0,0|0,0|0,0|0,0|0,0|0,0|0,0|0,0|0,0|0,0|0,0|0,0|0,0|0,1|0,1|0
7,95312771,.,G,A,.,PASS,AC=637;AN=5096;DP=18995;AF=0.12;EAS_AF=0.11;EUR_AF=0.06;AFR_AF=0.18;AMR_AF=0.2;SAS_AF=0.09;VT=SNP;NS=2548,GT,0|0,0|0,0|0,0|0,0|0,0|0,0|0,0|0,0|0,0|0,0|0,1|0,0|0,0|0,0|0,0|0,1|0,1|0,1|0,1|0,0|0,0|0,0|1,0|0,0|0,0|0,0|0,0|0,0|0,0|0,0|0,0|1,0|0,0|0,0|0,1|0,0|0,0|0,0|0,0|0,0|0,0|0,0|0,1|0,0|0,0|0,0|1,0|0,0|0,0|0,0|0,0|0,1|1,0|0,0|1,0|0,0|0,0|0,0|0,0|0,0|1,0|0,0|0,0|0,0|0,0|0,1|1,0|0,0|0,0|0,0|0,0|0,0|0,0|0,0|0,0|0,0|0,0|0,0|0,0|0,0|0,0|0,0|0,0|0,0|0,0|0,0|1,0|0,0|0,0|0,0|0,0|0,0|0,0|0,1|0,0|0,1|0,0|0,1|0,0|0,0|0,0|0,1|0,0|0,0|0,0|1
7,95312934,.,A,G,.,PASS,AC=3;AN=5096;DP=23527;AF=0;EAS_AF=0;EUR_AF=0;AFR_AF=0;AMR_AF=0;SAS_AF=0;VT=SNP;NS=2548,GT,0|0,0|0,0|0,0|0,0|0,0|0,0|0,0|0,0|0,0|0,0|0,0|0,0|0,0|0,0|0,0|0,0|0,0|0,0|0,0|0,0|0,0|0,0|0,0|0,1|0,0|0,0|0,0|0,0|0,0|0,0|0,0|0,0|0,0|0,0|0,0|1,0|0,0|0,0|0,0|0,0|0,0|0,0|0,0|0,0|0,0|0,0|0,0|0,0|0,0|0,0|0,0|0,0|0,0|0,0|0,0|0,0|0,0|0,0|0,0|0,0|0,0|0,0|0,0|0,0|0,0|0,0|0,0|0,0|0,0|0,0|0,0|0,0|0,0|0,0|0,0|0,0|0,0|0,0|0,0|0,0|0,0|0,0|0,0|0,0|1,0|0,0|0,0|0,0|0,0|0,0|0,0|0,0|0,0|0,0|0,0|0,0|0,0|0,0|0,0|0,0|0,0|0,0|0,0|0,0|0,0|0
7,95313269,.,G,A,.,PASS,AC=5;AN=5096;DP=21327;AF=0;EAS_AF=0;EUR_AF=0;AFR_AF=0;AMR_AF=0;SAS_AF=0.01;VT=SNP;NS=2548,GT,0|0,0|0,0|0,0|0,0|0,0|0,0|0,0|0,0|0,0|0,0|0,0|0,0|0,0|0,0|0,0|0,0|0,0|0,0|0,0|0,0|0,0|0,0|0,0|0,0|0,0|0,0|0,0|0,0|0,0|0,0|0,0|0,0|0,0|0,0|0,0|0,0|0,0|0,0|0,0|0,0|0,0|0,0|0,0|0,0|0,0|0,0|0,0|0,0|0,0|0,0|0,0|0,0|0,0|0,0|0,0|0,0|0,0|0,0|0,0|0,0|0,0|0,0|0,0|0,0|0,0|0,0|0,0|0,1|0,0|0,0|0,0|0,0|0,0|0,0|0,0|0,0|0,0|0,0|0,0|0,0|0,0|0,0|0,0|0,0|0,0|0,0|0,0|0,0|0,0|0,0|0,0|0,0|0,0|0,0|0,0|0,0|0,0|0,0|0,0|0,0|0,0|0,0|0,0|0,0|0,0|0
7,95313453,.,A,C,.,PASS,AC=2746;AN=5096;DP=18139;AF=0.54;EAS_AF=0.67;EUR_AF=0.4;AFR_AF=0.63;AMR_AF=0.53;SAS_AF=0.43;VT=SNP;NS=2548,GT,0|0,0|0,0|0,0|0,1|1,1|1,0|0,0|0,0|0,1|1,1|1,1|0,0|0,1|1,1|0,1|0,1|0,1|0,1|0,1|0,0|0,0|1,0|1,0|1,1|0,0|0,0|1,1|1,0|0,0|0,1|1,1|1,0|0,0|1,0|0,1|1,0|0,0|0,0|0,1|0,0|1,1|0,1|0,1|1,1|1,0|0,0|1,0|0,1|0,1|0,0|0,1|0,1|1,1|0,0|1,0|0,0|0,0|0,0|0,0|0,1|1,0|0,0|1,0|0,0|0,0|0,1|1,0|1,0|1,0|0,0|1,0|1,1|0,0|1,0|0,0|0,0|1,0|0,0|1,1|0,0|0,0|0,0|0,1|0,0|1,1|1,0|1,0|1,0|0,1|0,0|0,0|0,0|1,0|0,1|0,0|0,1|0,0|0,1|0,0|1,0|1,1|1,1|0,0|1,1|1,1|1
7,95313605,.,G,A,.,PASS,AC=482;AN=5096;DP=17637;AF=0.09;EAS_AF=0.11;EUR_AF=0.11;AFR_AF=0.05;AMR_AF=0.11;SAS_AF=0.1;VT=SNP;NS=2548,GT,0|0,0|0,0|0,0|0,0|0,0|0,0|0,0|0,0|0,0|0,0|1,0|0,0|0,0|0,0|0,0|0,0|0,0|0,0|0,0|0,0|0,0|0,0|0,0|0,0|0,0|0,0|0,1|0,0|0,0|0,1|0,1|0,0|0,0|0,0|0,0|0,0|0,0|0,0|0,0|0,0|0,1|0,1|0,0|0,1|0,0|0,0|0,0|0,0|0,0|0,0|0,1|0,0|0,0|0,0|0,0|0,0|0,0|0,0|0,0|0,1|0,0|0,0|1,0|0,0|0,0|0,0|0,0|0,0|1,0|0,0|0,0|0,0|0,0|0,0|0,0|0,0|1,0|0,0|1,0|0,0|0,0|0,0|0,0|0,0|0,0|0,0|0,0|1,0|0,0|0,0|0,0|0,0|1,0|0,0|0,0|0,0|0,0|0,0|0,0|0,0|0,0|1,0|0,0|1,0|0,0|0
7,95313618,.,A,G,.,PASS,AC=70;AN=5096;DP=17620;AF=0.01;EAS_AF=0;EUR_AF=0.01;AFR_AF=0.02;AMR_AF=0.01;SAS_AF=0.02;VT=SNP;NS=2548,GT,0|0,0|0,0|0,0|0,0|0,0|0,0|0,0|0,0|0,0|0,0|0,0|1,0|0,0|0,0|0,0|0,0|0,0|0,0|0,0|0,0|0,0|0,1|0,0|0,0|0,0|0,0|0,0|0,0|0,0|0,0|0,0|0,0|0,0|0,0|0,0|0,0|0,0|0,0|0,0|0,0|0,0|0,0|0,0|0,0|0,0|0,0|0,0|0,0|0,0|0,0|0,0|0,0|0,0|0,1|0,0|0,0|0,1|0,0|1,0|0,0|0,0|0,0|0,0|0,0|0,0|0,0|0,0|0,0|0,0|0,0|0,0|0,0|0,0|0,0|0,0|0,0|0,0|0,0|0,0|0,0|0,0|0,0|0,0|0,0|0,0|0,0|1,0|0,0|0,0|0,0|0,0|0,0|0,0|0,0|0,0|1,0|0,0|0,0|0,0|0,0|0,0|0,0|0,0|0,0|0,0|0
7,95313620,.,G,GTA,.,PASS,AC=1964;AN=5096;DP=17789;AF=0.39;EAS_AF=0.53;EUR_AF=0.31;AFR_AF=0.44;AMR_AF=0.32;SAS_AF=0.3;VT=INDEL;NS=2548,GT,0|1,0|0,0|0,0|0,1|1,1|0,0|0,0|0,0|0,0|1,0|1,0|0,0|0,1|1,1|0,0|0,0|0,0|0,0|0,0|0,0|0,0|1,0|0,0|1,1|0,0|0,0|1,1|1,0|0,0|0,1|1,1|0,0|0,0|1,0|0,0|1,0|0,0|0,0|0,1|0,0|1,1|0,1|0,0|1,1|0,0|0,0|0,0|0,1|0,1|0,0|0,1|0,0|0,1|0,0|0,0|0,0|0,0|0,0|0,0|0,1|0,0|0,0|1,0|0,0|0,0|0,0|0,0|1,0|1,0|0,0|1,0|0,1|0,0|1,0|0,0|0,0|1,0|0,0|1,0|0,0|0,0|0,0|0,1|0,0|1,1|0,0|0,0|1,0|0,1|0,0|0,0|0,0|1,0|0,0|1,0|0,0|0,0|0,0|0,0|1,0|1,1|1,0|0,0|1,0|1,0|0
7,95313624,.,G,A,.,PASS,AC=1016;AN=5096;DP=17961;AF=0.2;EAS_AF=0.33;EUR_AF=0.21;AFR_AF=0.1;AMR_AF=0.19;SAS_AF=0.2;VT=SNP;NS=2548,GT,0|0,0|0,0|0,0|0,1|1,1|0,0|0,0|0,0|0,0|1,0|1,0|0,0|0,0|1,0|0,0|0,0|0,0|0,0|0,0|0,0|0,0|0,0|0,0|1,1|0,0|0,0|1,0|1,0|0,0|0,1|0,1|0,0|0,0|0,0|0,0|1,0|0,0|0,0|0,0|0,0|1,1|0,1|0,0|1,1|0,0|0,0|0,0|0,0|0,0|0,0|0,0|0,0|0,1|0,0|0,0|0,0|0,0|0,0|0,0|0,1|0,0|0,0|1,0|0,0|0,0|0,0|0,0|1,0|1,0|0,0|1,0|0,1|0,0|1,0|0,0|0,0|1,0|0,0|1,0|0,0|0,0|0,0|0,1|0,0|1,1|0,0|0,0|1,0|0,0|0,0|0,0|0,0|1,0|0,0|0,0|0,0|0,0|0,0|0,0|1,0|1,1|0,0|0,0|1,0|0,0|0
7,95313658,.,C,G,.,PASS,AC=16;AN=5096;DP=15778;AF=0;EAS_AF=0;EUR_AF=0;AFR_AF=0;AMR_AF=0;SAS_AF=0.01;VT=SNP;NS=2548,GT,0|0,0|0,0|0,0|0,0|0,0|0,0|0,0|0,0|0,0|0,0|0,1|0,0|0,0|0,0|0,0|0,0|1,0|0,1|0,0|0,0|0,0|0,0|0,0|0,0|0,0|0,0|0,0|0,0|0,0|0,0|0,0|0,0|0,0|0,0|0,0|0,0|0,0|0,0|0,0|0,0|0,0|0,0|0,0|0,0|0,0|0,0|0,0|0,0|0,0|0,0|0,0|0,0|0,0|0,0|0,0|0,0|0,0|0,0|0,0|0,0|0,0|0,0|0,0|0,0|0,0|0,0|0,0|0,0|0,0|0,0|0,0|0,0|0,0|0,0|0,0|0,0|0,0|0,0|0,0|0,0|0,0|0,0|0,0|0,0|0,0|0,0|0,0|0,0|0,0|0,0|0,0|0,0|0,0|0,0|0,0|0,0|0,0|0,0|0,0|0,0|0,0|0,0|0,0|0,0|0,0|0
7,95313976,.,T,C,.,PASS,AC=1;AN=5096;DP=21441;AF=0;EAS_AF=0;EUR_AF=0;AFR_AF=0;AMR_AF=0;SAS_AF=0;VT=SNP;NS=2548,GT,0|0,0|0,0|0,0|0,0|0,0|0,0|0,0|0,0|0,0|0,0|0,0|0,0|0,0|0,0|0,0|0,0|0,0|0,0|0,0|0,0|0,0|0,0|0,0|0,0|0,0|0,0|0,0|0,0|0,0|0,0|0,0|0,0|0,0|0,0|0,0|0,0|0,0|0,0|0,0|0,0|0,0|0,0|0,0|0,0|0,0|0,0|0,0|0,0|0,0|0,0|0,0|0,0|0,0|0,0|0,0|0,0|0,0|0,0|0,0|0,0|0,0|0,0|0,0|0,0|0,0|0,0|0,0|0,0|0,0|0,0|0,0|0,0|0,0|0,0|0,0|0,0|0,0|0,0|0,0|0,0|0,0|0,0|0,0|0,0|0,0|0,0|0,0|0,0|0,0|0,0|0,0|0,0|0,0|0,0|0,0|0,0|0,0|0,0|1,0|0,0|0,0|0,0|0,0|0,0|0,0|0
7,95314085,.,G,A,.,PASS,AC=1532;AN=5096;DP=20234;AF=0.3;EAS_AF=0.53;EUR_AF=0.29;AFR_AF=0.15;AMR_AF=0.29;SAS_AF=0.29;VT=SNP;NS=2548,GT,0|0,0|0,0|0,0|0,1|1,1|0,0|0,0|0,0|0,0|1,0|1,0|0,0|0,1|1,1|0,0|0,0|0,0|0,0|0,0|0,0|0,0|1,0|0,0|1,1|0,0|0,0|1,1|1,0|0,0|0,1|1,1|0,0|0,0|1,0|0,0|1,0|0,0|0,0|0,1|0,0|1,1|0,1|0,0|1,0|0,0|0,0|0,0|0,1|0,1|0,0|0,1|0,0|0,1|0,0|0,0|0,0|0,0|0,0|0,0|0,1|0,0|0,0|1,0|0,0|0,0|0,0|0,0|1,0|0,0|0,0|1,0|0,1|0,0|1,0|0,0|0,0|1,0|0,0|1,0|0,0|0,0|0,0|0,1|0,0|1,1|0,0|0,0|1,0|0,1|0,0|0,0|0,0|0,0|0,0|0,0|0,0|0,0|0,0|0,0|1,0|1,1|1,0|0,0|1,0|1,0|0
7,95314143,.,G,A,.,PASS,AC=2;AN=5096;DP=21038;AF=0;EAS_AF=0;EUR_AF=0;AFR_AF=0;AMR_AF=0;SAS_AF=0;VT=SNP;NS=2548,GT,0|0,0|0,0|0,0|0,0|0,0|0,0|0,0|0,0|0,0|0,0|0,0|0,0|0,0|0,0|0,0|0,0|0,0|0,0|0,0|0,0|0,0|0,0|0,0|0,0|0,0|0,0|0,0|0,0|0,0|0,0|0,0|0,0|0,0|0,0|0,0|0,0|0,0|0,0|0,0|0,0|0,0|0,0|0,0|0,0|0,0|0,0|0,0|0,0|0,0|0,0|0,0|0,0|0,0|0,0|0,0|0,0|0,0|0,0|0,0|0,0|0,0|0,0|0,0|0,0|0,0|0,0|0,0|0,0|0,0|0,0|0,0|0,0|0,0|0,0|1,0|0,0|0,0|0,0|0,0|0,0|0,0|0,0|0,0|0,0|0,0|0,0|0,0|0,0|0,0|0,0|0,0|0,0|0,0|0,0|0,0|0,0|0,0|0,0|0,0|0,0|0,0|0,0|0,0|0,0|0,0|0
7,95314572,.,A,G,.,PASS,AC=88;AN=5096;DP=21107;AF=0.02;EAS_AF=0;EUR_AF=0.04;AFR_AF=0;AMR_AF=0.04;SAS_AF=0.01;VT=SNP;NS=2548,GT,0|0,0|0,0|0,0|0,0|0,0|0,0|0,0|0,0|0,0|0,0|0,0|0,0|0,0|0,0|0,0|0,0|0,0|0,0|0,0|0,0|0,0|0,0|0,0|0,0|0,0|0,0|0,0|0,0|0,0|0,1|0,0|0,0|0,0|0,0|0,0|0,0|0,0|0,0|0,0|0,0|0,0|0,0|0,0|0,0|0,0|0,0|0,0|0,0|0,0|0,0|0,0|0,0|0,0|0,0|0,0|0,0|0,0|0,0|0,0|0,0|0,0|0,0|0,0|0,0|0,0|0,0|0,0|0,0|0,0|0,0|0,0|0,0|0,0|0,0|0,0|0,0|0,0|0,0|0,0|0,0|0,0|0,0|0,0|0,0|0,0|0,0|0,0|0,0|0,0|0,0|0,0|0,0|0,0|0,0|0,0|0,0|0,0|0,0|0,0|0,0|0,0|1,0|0,0|0,0|0,0|0
7,95314871,.,GA,G,.,PASS,AC=1565;AN=5096;DP=22019;AF=0.31;EAS_AF=0.53;EUR_AF=0.3;AFR_AF=0.16;AMR_AF=0.3;SAS_AF=0.29;VT=INDEL;NS=2548,GT,0|1,0|0,0|0,0|0,1|1,1|0,0|0,0|0,0|0,0|1,0|1,0|0,0|0,1|1,1|0,0|0,0|0,0|0,0|0,0|0,0|0,0|1,0|0,0|1,1|0,0|0,0|1,1|1,0|0,0|0,1|1,1|0,0|0,0|1,0|0,0|1,0|0,0|0,0|0,1|0,0|1,1|0,1|0,0|1,1|0,0|0,0|0,0|0,1|0,1|0,0|0,1|0,0|0,1|0,0|0,0|0,0|0,0|0,0|0,0|0,1|0,0|0,0|1,0|0,0|0,0|0,0|0,0|1,0|1,0|0,0|1,0|0,1|0,0|1,0|0,0|0,0|1,0|0,0|1,0|0,0|0,0|0,0|0,1|0,0|1,1|0,0|0,0|1,0|0,1|0,0|0,0|0,0|1,0|0,0|0,0|0,0|0,0|0,0|0,0|1,0|1,1|1,0|0,0|1,0|1,0|0
7,95315611,.,C,T,.,PASS,AC=930;AN=5096;DP=62831;AF=0.18;EAS_AF=0.03;EUR_AF=0.36;AFR_AF=0.15;AMR_AF=0.21;SAS_AF=0.18;VT=SNP;NS=2548,GT,0|0,0|1,0|0,0|0,0|0,0|0,0|0,0|1,0|0,0|0,0|0,0|0,0|0,0|0,0|1,0|1,0|0,0|1,0|0,0|0,0|0,1|0,0|0,0|0,0|0,1|1,0|0,0|0,0|1,0|0,0|0,0|0,0|0,1|0,1|1,0|0,0|0,0|0,0|1,0|0,1|0,0|1,0|0,0|0,0|0,0|0,0|0,0|1,0|0,0|0,0|0,0|0,0|0,0|0,0|0,1|0,0|0,0|0,0|0,0|0,0|0,1|1,0|0,0|1,0|0,0|0,0|0,1|0,1|0,1|0,1|0,0|0,0|0,0|0,0|1,0|0,0|0,1|0,0|0,0|1,1|1,1|0,0|0,0|0,1|0,0|0,0|0,0|0,0|1,0|0,0|0,0|0,0|0,1|0,0|1,0|0,0|0,1|0,0|0,1|0,1|0,0|0,0|0,0|0,0|0,0|0
7,95315672,.,C,T,.,PASS,AC=1;AN=5096;DP=37358;AF=0;EAS_AF=0;EUR_AF=0;AFR_AF=0;AMR_AF=0;SAS_AF=0;VT=SNP;NS=2548,GT,0|0,0|0,0|0,0|0,0|0,0|0,0|0,0|0,0|0,0|0,0|0,0|0,0|0,0|0,0|0,0|0,0|0,0|0,0|0,0|0,0|0,0|0,0|0,0|0,0|0,0|0,0|0,0|0,0|0,0|0,0|0,0|0,0|0,0|0,0|0,0|0,0|0,0|0,0|0,0|0,0|0,0|0,0|0,0|0,0|0,0|0,0|0,0|0,0|0,0|0,0|0,0|0,0|0,0|0,0|0,0|0,0|0,0|0,0|0,0|0,0|0,0|0,0|0,0|0,0|0,0|0,0|0,0|0,0|0,0|0,0|0,0|0,0|0,0|0,0|0,0|0,0|0,0|0,0|0,0|0,0|0,0|0,0|0,0|0,0|0,0|0,0|0,0|0,0|0,0|0,0|0,0|0,0|0,0|0,0|0,0|0,0|0,0|0,0|0,0|0,0|0,0|0,0|0,1|0,0|0,0|0
7,95315798,.,T,C,.,PASS,AC=33;AN=5096;DP=26083;AF=0.01;EAS_AF=0;EUR_AF=0.02;AFR_AF=0;AMR_AF=0.01;SAS_AF=0.01;VT=SNP;NS=2548,GT,0|0,0|0,0|0,0|0,0|0,0|0,0|0,0|0,0|0,0|0,0|1,0|0,0|0,0|0,0|0,0|0,0|0,0|0,0|0,0|0,0|0,0|0,0|0,0|0,0|0,0|0,0|0,0|0,0|0,0|0,0|0,0|0,0|0,0|0,0|0,0|0,0|0,0|0,0|0,0|0,0|0,0|0,0|0,0|0,0|0,0|0,0|0,0|0,0|0,0|0,0|0,0|0,0|0,0|0,0|0,0|0,0|0,0|0,0|0,0|0,0|0,0|0,0|0,0|0,0|0,0|0,0|0,0|0,0|0,0|0,0|0,0|0,0|0,0|0,0|0,0|0,0|0,0|0,0|0,0|0,0|0,0|0,0|0,0|0,0|0,0|0,0|0,0|0,0|0,0|0,0|0,0|0,0|0,0|0,0|0,0|0,0|0,0|0,0|0,0|0,0|0,0|0,0|0,0|0,0|0,0|0
7,95315903,.,T,G,.,PASS,AC=930;AN=5096;DP=23040;AF=0.18;EAS_AF=0.03;EUR_AF=0.36;AFR_AF=0.15;AMR_AF=0.21;SAS_AF=0.18;VT=SNP;NS=2548,GT,0|0,0|1,0|0,0|0,0|0,0|0,0|0,0|1,0|0,0|0,0|0,0|0,0|0,0|0,0|1,0|1,0|0,0|1,0|0,0|0,0|0,1|0,0|0,0|0,0|0,1|1,0|0,0|0,0|1,0|0,0|0,0|0,0|0,1|0,1|1,0|0,0|0,0|0,0|1,0|0,1|0,0|1,0|0,0|0,0|0,0|0,0|0,0|1,0|0,0|0,0|0,0|0,0|0,0|0,0|0,1|0,0|0,0|0,0|0,0|0,0|0,1|1,0|0,0|1,0|0,0|0,0|0,1|0,1|0,1|0,1|0,0|0,0|0,0|0,0|1,0|0,0|0,1|0,0|0,0|1,1|1,1|0,0|0,0|0,1|0,0|0,0|0,0|0,0|1,0|0,0|0,0|0,0|0,1|0,0|1,0|0,0|0,1|0,0|0,1|0,1|0,0|0,0|0,0|0,0|0,0|0
7,95315942,.,A,G,.,PASS,AC=3;AN=5096;DP=21894;AF=0;EAS_AF=0;EUR_AF=0;AFR_AF=0;AMR_AF=0;SAS_AF=0;VT=SNP;NS=2548,GT,0|0,0|0,0|0,0|0,0|0,0|0,0|0,0|0,0|0,0|0,0|0,0|0,0|0,0|0,0|0,0|0,0|0,0|0,0|0,0|0,0|0,0|0,0|0,0|0,0|0,0|0,0|0,0|0,0|0,0|0,0|0,0|0,0|0,0|0,0|0,0|0,0|0,0|0,0|0,0|0,0|0,0|0,0|0,0|0,0|0,0|0,0|0,0|0,0|0,0|0,0|0,0|0,0|0,0|0,0|0,0|0,0|0,0|0,0|0,0|0,0|0,0|0,0|0,0|0,0|0,0|0,0|0,0|0,0|0,0|0,0|0,0|0,0|0,0|0,0|0,0|0,0|0,0|0,0|0,0|0,0|0,0|0,0|0,0|0,0|0,0|0,0|0,0|0,0|0,0|0,0|0,0|0,0|0,0|0,0|0,0|0,0|0,0|0,0|0,0|0,0|1,0|0,0|0,0|0,0|0,0|0
7,95316062,.,T,C,.,PASS,AC=3465;AN=5096;DP=20976;AF=0.68;EAS_AF=0.7;EUR_AF=0.71;AFR_AF=0.66;AMR_AF=0.73;SAS_AF=0.61;VT=SNP;NS=2548,GT,0|0,0|1,0|0,0|0,1|1,1|1,0|0,0|1,0|0,1|1,1|1,1|0,0|0,1|1,1|1,1|1,1|0,1|1,1|0,1|0,0|0,1|1,0|1,0|1,1|0,1|1,0|1,1|1,0|1,0|0,1|1,1|1,0|0,1|1,1|1,1|1,0|0,0|0,0|1,1|0,1|1,1|1,1|0,1|1,1|1,0|0,0|1,0|1,1|0,1|0,0|0,1|0,1|1,1|0,0|1,1|0,0|0,0|0,0|0,0|0,1|1,1|1,0|1,0|1,0|0,0|0,1|1,1|1,1|1,1|0,1|1,0|1,1|0,0|1,0|1,0|0,0|1,1|0,0|1,1|1,1|1,1|0,0|0,1|0,1|1,1|1,0|1,0|1,0|1,1|0,0|0,0|0,0|1,1|0,1|1,0|0,1|0,1|0,1|0,1|1,1|1,1|1,1|0,0|1,1|1,1|1
7,95316141,.,C,T,.,PASS,AC=2534;AN=5096;DP=20289;AF=0.5;EAS_AF=0.67;EUR_AF=0.36;AFR_AF=0.51;AMR_AF=0.52;SAS_AF=0.43;VT=SNP;NS=2548,GT,0|0,0|0,0|0,0|0,1|1,1|1,0|0,0|0,0|0,1|1,1|1,1|0,0|0,1|1,1|0,1|0,1|0,1|0,1|0,1|0,0|0,0|1,0|1,0|1,1|0,0|0,0|1,1|1,0|0,0|0,1|1,1|1,0|0,0|1,0|0,1|1,0|0,0|0,0|0,1|0,0|1,1|0,1|0,1|1,1|1,0|0,0|1,0|0,1|0,1|0,0|0,1|0,1|1,1|0,0|1,0|0,0|0,0|0,0|0,0|0,1|1,0|0,0|1,0|0,0|0,0|0,1|1,0|1,0|1,0|0,0|1,0|1,1|0,0|1,0|0,0|0,0|1,0|0,0|1,1|0,0|0,0|0,0|0,1|0,0|1,1|1,0|1,0|1,0|0,1|0,0|0,0|0,0|1,0|0,1|0,0|0,1|0,0|0,1|0,0|1,0|1,1|1,1|0,0|1,1|1,1|1
7,95316345,.,A,G,.,PASS,AC=79;AN=5096;DP=21472;AF=0.02;EAS_AF=0.02;EUR_AF=0;AFR_AF=0;AMR_AF=0.01;SAS_AF=0.05;VT=SNP;NS=2548,GT,0|0,0|0,0|0,0|0,0|0,0|1,0|0,0|0,0|0,1|0,1|0,0|0,0|0,0|0,0|0,1|0,0|0,0|0,0|0,0|0,0|0,0|0,0|0,0|0,0|0,0|0,0|0,0|0,0|0,0|0,0|0,0|0,0|0,0|0,0|0,0|0,0|0,0|0,0|0,0|0,0|0,0|0,0|0,0|0,0|1,0|0,0|0,0|0,0|0,0|0,0|0,0|0,0|0,0|0,0|0,0|0,0|0,0|0,0|0,0|0,0|0,0|0,0|0,0|0,0|0,0|0,0|0,0|0,0|0,0|0,0|0,0|1,0|0,0|0,0|0,0|0,0|0,0|0,0|0,1|0,0|0,0|0,0|0,0|0,0|0,0|1,0|0,0|0,0|0,0|0,0|0,0|0,0|0,0|0,0|0,0|0,0|0,0|0,0|0,0|0,0|0,0|0,0|0,0|0,1|0,1|0
7,95316347,.,T,C,.,PASS,AC=931;AN=5096;DP=21487;AF=0.18;EAS_AF=0.13;EUR_AF=0.06;AFR_AF=0.36;AMR_AF=0.23;SAS_AF=0.1;VT=SNP;NS=2548,GT,0|0,0|0,0|0,0|0,0|0,0|1,0|0,0|0,0|0,1|0,1|0,1|0,0|0,0|0,0|0,1|0,1|0,1|0,1|0,1|0,0|0,0|0,0|1,0|0,0|0,0|0,0|0,0|0,0|0,0|0,0|0,0|1,0|0,0|0,0|0,1|0,0|0,0|0,0|0,0|0,0|0,0|0,0|0,1|0,0|1,0|0,0|1,0|0,0|0,0|0,0|0,0|0,1|1,0|0,0|1,0|0,0|0,0|0,0|0,0|0,0|1,0|0,0|0,0|0,0|0,0|0,1|1,0|0,0|0,0|0,0|0,0|1,0|0,0|0,0|0,0|0,0|0,0|0,0|0,1|0,0|0,0|0,0|0,0|0,0|0,0|1,0|1,0|0,0|0,0|0,0|0,0|0,0|0,0|0,1|0,0|0,1|0,0|0,1|0,0|0,0|0,0|0,1|0,0|0,1|0,1|1
7,95316484,.,CA,C,.,PASS,AC=27;AN=5096;DP=43473;AF=0.01;EAS_AF=0;EUR_AF=0.01;AFR_AF=0;AMR_AF=0;SAS_AF=0.02;VT=INDEL;NS=2548,GT,0|0,0|0,0|1,0|0,0|0,0|0,0|0,0|0,0|0,0|0,0|0,0|0,0|0,0|0,0|0,0|0,0|0,0|0,0|0,0|0,0|0,0|0,0|0,0|0,0|1,0|0,0|0,0|0,0|0,0|0,0|0,0|0,0|0,0|0,0|0,0|0,0|0,0|0,1|0,0|0,0|0,0|0,0|0,0|0,0|0,0|0,0|0,0|0,0|0,0|0,0|0,0|0,0|0,0|0,0|0,0|0,0|0,0|0,0|0,0|0,0|0,0|0,0|0,0|0,0|0,0|0,0|0,0|0,0|0,0|0,0|0,0|0,0|0,0|0,0|0,0|0,0|0,0|0,0|0,0|0,0|0,0|0,0|0,0|0,0|0,0|0,0|0,0|0,0|0,0|0,0|0,0|0,0|0,0|0,0|0,0|0,0|0,0|0,0|0,0|0,0|0,0|0,0|0,0|0,0|0,0|0
7,95316500,.,A,G,.,PASS,AC=2;AN=5096;DP=47905;AF=0;EAS_AF=0;EUR_AF=0;AFR_AF=0;AMR_AF=0;SAS_AF=0;VT=SNP;NS=2548,GT,0|0,0|0,0|0,0|0,0|0,0|0,0|0,0|0,0|0,0|0,0|0,0|0,0|0,0|0,0|0,0|0,0|0,0|0,0|0,0|0,0|0,0|0,0|0,0|0,0|0,0|0,0|0,0|0,0|0,0|0,0|0,0|0,0|0,0|0,0|0,0|0,0|0,0|0,0|0,0|0,0|0,0|0,0|0,0|0,0|0,0|0,0|0,0|0,0|0,0|0,0|0,0|0,0|0,0|0,0|0,0|0,0|0,0|0,0|0,0|0,0|0,0|0,0|0,0|0,0|0,0|0,0|0,0|0,0|0,0|0,0|0,0|0,0|0,0|0,0|0,0|0,0|0,0|0,0|1,0|0,0|0,0|0,0|0,0|0,0|0,0|0,0|0,0|0,0|0,0|0,0|0,0|0,0|0,0|0,0|0,0|0,0|0,0|0,0|0,0|0,0|0,0|0,0|0,0|0,0|0,0|0
7,95316560,.,G,A,.,PASS,AC=933;AN=5096;DP=85702;AF=0.18;EAS_AF=0.03;EUR_AF=0.36;AFR_AF=0.15;AMR_AF=0.21;SAS_AF=0.18;VT=SNP;NS=2548,GT,0|0,0|1,0|0,0|0,0|0,0|0,0|0,0|1,0|0,0|0,0|0,0|0,0|0,0|0,0|1,0|1,0|0,0|1,0|0,0|0,0|0,1|0,0|0,0|0,0|0,1|1,0|0,0|0,0|1,0|0,0|0,0|0,0|0,1|0,1|1,0|0,0|0,0|0,0|1,0|0,1|0,0|1,0|0,0|0,0|0,0|0,0|0,0|1,0|0,0|0,0|0,0|0,0|0,0|0,0|0,1|0,0|0,0|0,0|0,0|0,0|0,1|1,0|0,0|1,0|0,0|0,0|0,1|0,1|0,1|0,1|0,0|0,0|0,0|0,0|1,0|0,0|0,1|0,0|0,0|1,1|1,1|0,0|0,0|0,1|0,0|0,0|0,0|0,0|1,0|0,0|0,0|0,0|0,1|0,0|1,0|0,0|0,1|0,0|0,1|0,1|0,0|0,0|0,0|0,0|0,0|0
7,95316772,.,A,T,.,PASS,AC=930;AN=5096;DP=421607;AF=0.18;EAS_AF=0.03;EUR_AF=0.36;AFR_AF=0.15;AMR_AF=0.21;SAS_AF=0.18;EX_TARGET;VT=SNP;NS=2548,GT,0|0,0|1,0|0,0|0,0|0,0|0,0|0,0|1,0|0,0|0,0|0,0|0,0|0,0|0,0|1,0|1,0|0,0|1,0|0,0|0,0|0,1|0,0|0,0|0,0|0,1|1,0|0,0|0,0|1,0|0,0|0,0|0,0|0,1|0,1|1,0|0,0|0,0|0,0|1,0|0,1|0,0|1,0|0,0|0,0|0,0|0,0|0,0|1,0|0,0|0,0|0,0|0,0|0,0|0,0|0,1|0,0|0,0|0,0|0,0|0,0|0,1|1,0|0,0|1,0|0,0|0,0|0,1|0,1|0,1|0,1|0,0|0,0|0,0|0,0|1,0|0,0|0,1|0,0|0,0|1,1|1,1|0,0|0,0|0,1|0,0|0,0|0,0|0,0|1,0|0,0|0,0|0,0|0,1|0,0|1,0|0,0|0,1|0,0|0,1|0,1|0,0|0,0|0,0|0,0|0,0|0
7,95316943,.,G,T,.,PASS,AC=2532;AN=5096;DP=89093;AF=0.5;EAS_AF=0.67;EUR_AF=0.36;AFR_AF=0.51;AMR_AF=0.52;SAS_AF=0.43;VT=SNP;NS=2548,GT,0|0,0|0,0|0,0|0,1|1,1|1,0|0,0|0,0|0,1|1,1|1,1|0,0|0,1|1,1|0,1|0,1|0,1|0,1|0,1|0,0|0,0|1,0|1,0|1,1|0,0|0,0|1,1|1,0|0,0|0,1|1,1|1,0|0,0|1,0|0,1|1,0|0,0|0,0|0,1|0,0|1,1|0,1|0,1|1,1|1,0|0,0|1,0|0,1|0,1|0,0|0,1|0,1|1,1|0,0|1,0|0,0|0,0|0,0|0,0|0,1|1,0|0,0|1,0|0,0|0,0|0,1|1,0|1,0|1,0|0,0|1,0|1,1|0,0|1,0|0,0|0,0|1,0|0,0|1,1|0,0|0,0|0,0|0,1|0,0|1,1|1,0|1,0|1,0|0,1|0,0|0,0|0,0|1,0|0,1|0,0|0,1|0,0|0,1|0,0|1,0|1,1|1,1|0,0|1,1|1,1|1
7,95317259,.,G,T,.,PASS,AC=930;AN=5096;DP=16460;AF=0.18;EAS_AF=0.03;EUR_AF=0.36;AFR_AF=0.15;AMR_AF=0.21;SAS_AF=0.18;VT=SNP;NS=2548,GT,0|0,0|1,0|0,0|0,0|0,0|0,0|0,0|1,0|0,0|0,0|0,0|0,0|0,0|0,0|1,0|1,0|0,0|1,0|0,0|0,0|0,1|0,0|0,0|0,0|0,1|1,0|0,0|0,0|1,0|0,0|0,0|0,0|0,1|0,1|1,0|0,0|0,0|0,0|1,0|0,1|0,0|1,0|0,0|0,0|0,0|0,0|0,0|1,0|0,0|0,0|0,0|0,0|0,0|0,0|0,1|0,0|0,0|0,0|0,0|0,0|0,1|1,0|0,0|1,0|0,0|0,0|0,1|0,1|0,1|0,1|0,0|0,0|0,0|0,0|1,0|0,0|0,1|0,0|0,0|1,1|1,1|0,0|0,0|0,1|0,0|0,0|0,0|0,0|1,0|0,0|0,0|0,0|0,1|0,0|1,0|0,0|0,1|0,0|0,1|0,1|0,0|0,0|0,0|0,0|0,0|0
7,95317483,.,C,T,.,PASS,AC=563;AN=5096;DP=16679;AF=0.11;EAS_AF=0.11;EUR_AF=0.11;AFR_AF=0.11;AMR_AF=0.12;SAS_AF=0.1;VT=SNP;NS=2548,GT,0|0,0|0,0|0,0|0,0|0,0|0,0|0,0|0,0|0,0|0,0|1,0|0,0|0,0|0,0|0,0|0,0|0,0|0,0|0,0|0,0|0,0|0,0|0,0|0,0|0,0|0,0|0,1|0,0|0,0|0,1|0,1|0,0|0,0|0,0|0,0|0,0|0,0|0,0|0,0|0,0|0,1|0,1|0,0|0,1|0,0|0,0|0,0|0,0|0,0|0,0|0,1|0,0|0,0|0,0|0,0|0,0|0,0|0,0|0,0|0,1|0,0|0,0|1,0|0,0|0,0|0,0|0,0|0,0|1,0|0,0|0,0|0,0|0,0|0,0|0,0|0,0|1,0|0,0|1,0|0,0|0,0|0,0|0,0|0,0|0,0|0,0|0,0|1,0|0,0|0,0|0,0|0,0|1,0|0,0|0,0|0,0|0,0|0,0|0,0|0,0|0,0|1,0|0,0|1,0|0,0|0
7,95317705,.,C,T,.,PASS,AC=930;AN=5096;DP=17182;AF=0.18;EAS_AF=0.03;EUR_AF=0.36;AFR_AF=0.15;AMR_AF=0.21;SAS_AF=0.18;VT=SNP;NS=2548,GT,0|0,0|1,0|0,0|0,0|0,0|0,0|0,0|1,0|0,0|0,0|0,0|0,0|0,0|0,0|1,0|1,0|0,0|1,0|0,0|0,0|0,1|0,0|0,0|0,0|0,1|1,0|0,0|0,0|1,0|0,0|0,0|0,0|0,1|0,1|1,0|0,0|0,0|0,0|1,0|0,1|0,0|1,0|0,0|0,0|0,0|0,0|0,0|1,0|0,0|0,0|0,0|0,0|0,0|0,0|0,1|0,0|0,0|0,0|0,0|0,0|0,1|1,0|0,0|1,0|0,0|0,0|0,1|0,1|0,1|0,1|0,0|0,0|0,0|0,0|1,0|0,0|0,1|0,0|0,0|1,1|1,1|0,0|0,0|0,1|0,0|0,0|0,0|0,0|1,0|0,0|0,0|0,0|0,1|0,0|1,0|0,0|0,1|0,0|0,1|0,1|0,0|0,0|0,0|0,0|0,0|0
7,95317780,.,G,A,.,PASS,AC=24;AN=5096;DP=16837;AF=0;EAS_AF=0;EUR_AF=0;AFR_AF=0;AMR_AF=0;SAS_AF=0.02;VT=SNP;NS=2548,GT,0|0,0|0,0|0,0|0,0|0,0|0,0|0,0|0,0|0,0|0,0|0,0|0,0|0,0|0,1|0,0|0,0|0,0|0,0|0,0|0,0|0,0|0,0|0,0|0,0|0,0|0,0|0,0|0,0|0,0|0,0|1,0|0,0|0,0|0,0|0,0|0,0|0,0|0,0|0,1|0,0|0,0|0,0|0,0|0,0|0,0|0,0|0,0|0,0|0,0|0,0|0,0|0,0|0,0|0,0|0,0|0,0|0,0|0,0|0,0|0,0|0,0|0,0|0,0|0,0|0,0|0,0|0,0|0,0|0,0|0,0|0,0|0,0|0,0|0,0|0,0|0,0|0,0|0,0|0,0|0,0|0,0|0,0|0,0|0,0|0,0|0,0|0,0|0,0|0,0|0,0|0,0|0,0|0,0|0,0|0,0|0,0|0,0|0,0|0,0|0,0|0,0|0,0|0,0|0,0|1,0|0
7,95318193,.,A,G,.,PASS,AC=2;AN=5096;DP=85772;AF=0;EAS_AF=0;EUR_AF=0;AFR_AF=0;AMR_AF=0;SAS_AF=0;VT=SNP;NS=2548,GT,0|0,0|0,0|0,0|0,0|0,0|0,0|0,0|0,0|0,0|0,0|0,0|0,0|0,0|0,0|0,0|0,0|0,0|0,0|0,0|0,0|0,0|0,0|0,0|0,0|0,0|0,0|0,0|0,0|0,0|0,0|0,0|0,1|0,0|0,0|0,0|0,0|0,0|0,0|0,0|0,0|0,0|0,0|0,0|0,0|0,0|0,0|0,0|0,0|0,0|0,0|0,0|0,0|0,0|0,0|0,0|0,0|0,0|0,0|0,0|0,0|0,0|0,0|0,0|0,0|0,0|0,0|0,0|0,0|0,0|0,0|0,0|0,0|0,0|0,0|0,0|0,0|0,0|0,0|0,0|0,0|0,0|0,0|0,0|0,0|0,0|0,0|0,0|0,0|0,0|0,1|0,0|0,0|0,0|0,0|0,0|0,0|0,0|0,0|0,0|0,0|0,0|0,0|0,0|0,0|0,0|0
7,95318487,.,G,A,.,PASS,AC=1655;AN=5096;DP=98003;AF=0.32;EAS_AF=0.55;EUR_AF=0.3;AFR_AF=0.17;AMR_AF=0.31;SAS_AF=0.34;VT=SNP;NS=2548,GT,0|0,0|0,0|0,0|0,1|1,1|1,0|0,0|0,0|0,1|1,1|1,0|0,0|0,1|1,1|0,1|0,0|0,0|0,0|0,0|0,0|0,0|1,0|0,0|1,1|0,0|0,0|1,1|1,0|0,0|0,1|1,1|0,0|0,0|1,0|0,0|1,0|0,0|0,0|0,1|0,0|1,1|0,1|0,0|1,1|1,0|0,0|0,0|0,1|0,1|0,0|0,1|0,0|0,1|0,0|0,0|0,0|0,0|0,0|0,0|0,1|0,0|0,0|1,0|0,0|0,0|0,0|0,0|1,0|1,0|0,0|1,0|1,1|0,0|1,0|0,0|0,0|1,0|0,0|1,1|0,0|0,0|0,0|0,1|0,0|1,1|1,0|0,0|1,0|0,1|0,0|0,0|0,0|1,0|0,0|0,0|0,0|0,0|0,0|0,0|1,0|1,1|1,0|0,0|1,1|1,1|0
7,95318657,.,C,T,.,PASS,AC=726;AN=5096;DP=29992;AF=0.14;EAS_AF=0.03;EUR_AF=0.31;AFR_AF=0.04;AMR_AF=0.19;SAS_AF=0.18;VT=SNP;NS=2548,GT,0|0,0|1,0|0,0|0,0|0,0|0,0|0,0|1,0|0,0|0,0|0,0|0,0|0,0|0,0|1,0|1,0|0,0|1,0|0,0|0,0|0,1|0,0|0,0|0,0|0,1|1,0|0,0|0,0|1,0|0,0|0,0|0,0|0,1|0,1|1,0|0,0|0,0|0,0|1,0|0,1|0,0|1,0|0,0|0,0|0,0|0,0|0,0|1,0|0,0|0,0|0,0|0,0|0,0|0,0|0,1|0,0|0,0|0,0|0,0|0,0|0,1|1,0|0,0|1,0|0,0|0,0|0,1|0,1|0,1|0,1|0,0|0,0|0,0|0,0|1,0|0,0|0,1|0,0|0,0|1,1|1,1|0,0|0,0|0,1|0,0|0,0|0,0|0,0|1,0|0,0|0,0|0,0|0,1|0,0|1,0|0,0|0,1|0,0|0,1|0,1|0,0|0,0|0,0|0,0|0,0|0
7,95318697,.,G,A,.,PASS,AC=898;AN=5096;DP=26489;AF=0.18;EAS_AF=0.03;EUR_AF=0.36;AFR_AF=0.12;AMR_AF=0.21;SAS_AF=0.18;VT=SNP;NS=2548,GT,0|0,0|1,0|0,0|0,0|0,0|0,0|0,0|1,0|0,0|0,0|0,0|0,0|0,0|0,0|1,0|1,0|0,0|1,0|0,0|0,0|0,1|0,0|0,0|0,0|0,1|1,0|0,0|0,0|1,0|0,0|0,0|0,0|0,1|0,1|1,0|0,0|0,0|0,0|1,0|0,1|0,0|1,0|0,0|0,0|0,0|0,0|0,0|1,0|0,0|0,0|0,0|0,0|0,0|0,0|0,1|0,0|0,0|0,0|0,0|0,0|0,1|1,0|0,0|1,0|0,0|0,0|0,1|0,1|0,1|0,1|0,0|0,0|0,0|0,0|1,0|0,0|0,1|0,0|0,0|1,1|1,1|0,0|0,0|0,1|0,0|0,0|0,0|0,0|1,0|0,0|0,0|0,0|0,1|0,0|1,0|0,0|0,1|0,0|0,1|0,1|0,0|0,0|0,0|0,0|0,0|0
7,95318716,.,T,C,.,PASS,AC=604;AN=5096;DP=25272;AF=0.12;EAS_AF=0.11;EUR_AF=0.06;AFR_AF=0.15;AMR_AF=0.19;SAS_AF=0.09;VT=SNP;NS=2548,GT,0|0,0|0,0|0,0|0,0|0,0|0,0|0,0|0,0|0,0|0,0|0,1|0,0|0,0|0,0|0,0|0,1|0,1|0,1|0,1|0,0|0,0|0,0|1,0|0,0|0,0|0,0|0,0|0,0|0,0|0,0|0,0|1,0|0,0|0,0|0,1|0,0|0,0|0,0|0,0|0,0|0,0|0,0|0,1|0,0|0,0|0,0|1,0|0,0|0,0|0,0|0,0|0,1|1,0|0,0|1,0|0,0|0,0|0,0|0,0|0,0|1,0|0,0|0,0|0,0|0,0|0,1|1,0|0,0|0,0|0,0|0,0|0,0|0,0|0,0|0,0|0,0|0,0|0,0|0,0|0,0|0,0|0,0|0,0|0,0|0,0|0,0|1,0|0,0|0,0|0,0|0,0|0,0|0,0|0,1|0,0|0,1|0,0|0,1|0,0|0,0|0,0|0,1|0,0|0,0|0,0|1
7,95318870,.,G,T,.,PASS,AC=3457;AN=5096;DP=21903;AF=0.68;EAS_AF=0.7;EUR_AF=0.71;AFR_AF=0.66;AMR_AF=0.73;SAS_AF=0.61;VT=SNP;NS=2548,GT,0|0,0|1,0|0,0|0,1|1,1|1,0|0,0|1,0|0,1|1,1|1,1|0,0|0,1|1,1|1,1|1,1|0,1|1,1|0,1|0,0|0,1|1,0|1,0|1,1|0,1|1,0|1,1|1,0|1,0|0,1|1,1|1,0|0,1|1,1|1,1|1,0|0,0|0,0|1,1|0,1|1,1|1,1|0,1|1,1|1,0|0,0|1,0|1,1|0,1|0,0|0,1|0,1|1,1|0,0|1,1|0,0|0,0|0,0|0,0|0,1|1,1|1,0|1,0|1,0|0,0|0,1|1,1|1,1|1,1|0,1|1,0|1,1|0,0|1,0|1,0|0,0|1,1|0,0|1,1|1,1|1,1|0,0|0,1|0,1|1,1|1,0|1,0|1,0|1,1|0,0|0,0|0,0|1,1|0,1|1,0|0,1|0,1|0,1|0,1|1,1|1,1|1,1|0,0|1,1|1,1|1
7,95319032,.,A,G,.,PASS,AC=3458;AN=5096;DP=21159;AF=0.68;EAS_AF=0.7;EUR_AF=0.71;AFR_AF=0.66;AMR_AF=0.73;SAS_AF=0.61;VT=SNP;NS=2548,GT,0|0,0|1,0|0,0|0,1|1,1|1,0|0,0|1,0|0,1|1,1|1,1|0,0|0,1|1,1|1,1|1,1|0,1|1,1|0,1|0,0|0,1|1,0|1,0|1,1|0,1|1,0|1,1|1,0|1,0|0,1|1,1|1,0|0,1|1,1|1,1|1,0|0,0|0,0|1,1|0,1|1,1|1,1|0,1|1,1|1,0|0,0|1,0|1,1|0,1|0,0|0,1|0,1|1,1|0,0|1,1|0,0|0,0|0,0|0,0|0,1|1,1|1,0|1,0|1,0|0,0|0,1|1,1|1,1|1,1|0,1|1,0|1,1|0,0|1,0|1,0|0,0|1,1|0,0|1,1|1,1|1,1|0,0|0,1|0,1|1,1|1,0|1,0|1,0|1,1|0,0|0,0|0,0|1,1|0,1|1,0|0,1|0,1|0,1|0,1|1,1|1,1|1,1|0,0|1,1|1,1|1
7,95319131,.,CT,C,.,PASS,AC=37;AN=5096;DP=15234;AF=0.01;EAS_AF=0;EUR_AF=0.01;AFR_AF=0.01;AMR_AF=0;SAS_AF=0.01;VT=INDEL;NS=2548,GT,0|0,1|0,0|0,0|0,0|0,0|0,0|0,0|0,0|0,0|0,0|0,0|0,0|0,0|0,0|0,0|0,0|0,0|0,0|0,0|0,0|0,0|0,0|0,0|0,0|0,0|0,0|0,0|0,0|0,0|0,0|0,0|0,0|0,0|0,0|0,0|0,0|0,0|0,0|0,0|0,0|0,0|0,0|0,0|0,0|0,0|0,0|0,1|0,0|0,0|0,0|0,0|0,0|0,0|0,0|0,0|0,0|0,0|0,0|0,0|0,0|0,0|0,0|0,0|0,0|0,0|0,0|0,0|0,0|0,0|0,0|0,0|0,0|0,0|0,0|0,0|0,0|0,0|0,0|0,0|0,0|0,0|0,0|0,0|0,0|0,0|0,0|0,0|0,0|0,0|0,0|1,0|0,0|0,0|0,0|0,0|0,0|0,0|0,0|0,0|0,0|0,0|0,0|0,0|0,0|0,0|0
7,95319148,.,A,T,.,PASS,AC=39;AN=5096;DP=13657;AF=0.01;EAS_AF=0.01;EUR_AF=0.01;AFR_AF=0;AMR_AF=0.01;SAS_AF=0.01;VT=SNP;NS=2548,GT,0|0,0|0,0|0,0|0,0|0,0|0,0|0,0|0,0|0,0|0,0|0,0|0,0|0,0|0,0|0,0|0,0|0,0|0,0|0,0|0,0|0,0|0,0|0,0|0,0|0,0|0,0|0,0|0,0|0,0|0,0|0,0|0,0|0,0|0,0|0,0|0,0|0,0|0,0|0,0|0,0|0,0|0,0|0,0|0,0|0,0|0,0|0,0|0,0|0,0|0,0|0,0|0,0|0,0|0,0|0,0|0,0|0,0|0,0|0,0|0,0|0,0|0,0|0,0|0,0|0,0|0,0|0,1|0,0|0,0|0,0|0,0|0,0|0,0|0,0|0,0|0,0|0,0|0,0|0,0|0,0|0,0|0,0|0,0|0,0|0,0|0,0|0,0|0,0|0,0|0,0|0,0|0,0|0,0|0,0|0,0|0,0|0,0|0,0|0,0|0,0|0,0|0,0|0,0|0,0|0,0|0
7,95319314,.,A,C,.,PASS,AC=942;AN=5096;DP=19514;AF=0.18;EAS_AF=0.43;EUR_AF=0.18;AFR_AF=0.01;AMR_AF=0.17;SAS_AF=0.19;VT=SNP;NS=2548,GT,0|0,0|0,0|0,0|0,1|1,1|0,0|0,0|0,0|0,0|1,0|0,0|0,0|0,1|1,1|0,0|0,0|0,0|0,0|0,0|0,0|0,0|1,0|0,0|1,1|0,0|0,0|1,0|0,0|0,0|0,0|1,0|0,0|0,0|1,0|0,0|1,0|0,0|0,0|0,1|0,0|1,0|0,0|0,0|1,0|0,0|0,0|0,0|0,1|0,1|0,0|0,0|0,0|0,1|0,0|0,0|0,0|0,0|0,0|0,0|0,0|0,0|0,0|0,0|0,0|0,0|0,0|0,0|1,0|0,0|0,0|1,0|0,1|0,0|1,0|0,0|0,0|0,0|0,0|0,0|0,0|0,0|0,0|0,1|0,0|1,1|0,0|0,0|0,0|0,1|0,0|0,0|0,0|0,0|0,0|0,0|0,0|0,0|0,0|0,0|1,0|1,1|0,0|0,0|0,0|1,0|0
7,95319393,.,A,G,.,PASS,AC=79;AN=5096;DP=20701;AF=0.02;EAS_AF=0.02;EUR_AF=0;AFR_AF=0;AMR_AF=0.01;SAS_AF=0.05;VT=SNP;NS=2548,GT,0|0,0|0,0|0,0|0,0|0,0|1,0|0,0|0,0|0,1|0,1|0,0|0,0|0,0|0,0|0,1|0,0|0,0|0,0|0,0|0,0|0,0|0,0|0,0|0,0|0,0|0,0|0,0|0,0|0,0|0,0|0,0|0,0|0,0|0,0|0,0|0,0|0,0|0,0|0,0|0,0|0,0|0,0|0,0|0,0|1,0|0,0|0,0|0,0|0,0|0,0|0,0|0,0|0,0|0,0|0,0|0,0|0,0|0,0|0,0|0,0|0,0|0,0|0,0|0,0|0,0|0,0|0,0|0,0|0,0|0,0|0,0|1,0|0,0|0,0|0,0|0,0|0,0|0,0|0,1|0,0|0,0|0,0|0,0|0,0|0,0|1,0|0,0|0,0|0,0|0,0|0,0|0,0|0,0|0,0|0,0|0,0|0,0|0,0|0,0|0,0|0,0|0,0|0,0|0,1|0,1|0
7,95319437,.,A,G,.,PASS,AC=4126;AN=5096;DP=21169;AF=0.81;EAS_AF=1;EUR_AF=0.81;AFR_AF=0.67;AMR_AF=0.9;SAS_AF=0.73;VT=SNP;NS=2548,GT,1|1,0|1,0|0,0|0,1|1,1|1,1|1,1|1,0|1,1|1,1|1,1|0,1|0,1|1,1|1,1|1,1|0,1|1,1|1,1|0,0|0,1|1,0|1,0|1,1|0,1|1,0|1,1|1,0|1,1|0,1|1,1|1,1|0,1|1,1|1,1|1,1|0,1|1,0|1,1|1,1|1,1|1,1|1,1|1,1|1,1|0,1|1,0|1,1|0,1|1,1|0,1|1,1|1,1|0,0|1,1|0,0|1,0|1,0|0,1|0,1|1,1|1,1|1,1|1,1|0,0|1,1|1,1|1,1|1,1|0,1|1,0|1,1|1,0|1,1|1,0|0,0|1,1|0,0|1,1|1,1|1,1|1,1|0,1|0,1|1,1|1,0|1,0|1,0|1,1|0,1|0,0|0,0|1,1|0,1|1,0|1,1|1,1|1,1|1,1|1,1|1,1|1,1|0,1|1,1|1,1|1
7,95319472,.,A,G,.,PASS,AC=4125;AN=5096;DP=21548;AF=0.81;EAS_AF=1;EUR_AF=0.81;AFR_AF=0.67;AMR_AF=0.9;SAS_AF=0.73;VT=SNP;NS=2548,GT,1|1,0|1,0|0,0|0,1|1,1|1,1|1,1|1,0|1,1|1,1|1,1|0,1|0,1|1,1|1,1|1,1|0,1|1,1|1,1|0,0|0,1|1,0|1,0|1,1|0,1|1,0|1,1|1,0|1,1|0,1|1,1|1,1|0,1|1,1|1,1|1,1|0,1|1,0|1,1|1,1|1,1|1,1|1,1|1,1|1,1|0,1|1,0|1,1|0,1|1,1|0,1|1,1|1,1|0,0|1,1|0,0|1,0|1,0|0,1|0,1|1,1|1,1|1,1|1,1|0,0|1,1|1,1|1,1|1,1|0,1|1,0|1,1|1,0|1,1|1,0|0,0|1,1|0,0|1,1|1,1|1,1|1,1|0,1|0,1|1,1|1,0|1,0|1,0|1,1|0,1|0,0|0,0|1,1|0,1|1,0|1,1|1,1|1,1|1,1|1,1|1,1|1,1|0,1|1,1|1,1|1
7,95319529,.,C,T,.,PASS,AC=3322;AN=5096;DP=21584;AF=0.65;EAS_AF=0.97;EUR_AF=0.51;AFR_AF=0.52;AMR_AF=0.74;SAS_AF=0.59;VT=SNP;NS=2548,GT,1|1,0|0,0|0,0|0,1|1,1|1,1|1,1|0,0|1,1|1,1|1,1|0,1|0,1|1,1|1,1|1,1|0,1|0,1|1,1|0,0|0,1|1,0|1,0|1,1|0,0|0,0|1,1|1,0|0,1|0,1|1,1|1,1|0,0|1,1|0,1|1,1|0,1|1,0|0,1|1,0|1,1|1,1|1,1|1,1|1,1|0,1|1,0|0,1|0,1|1,1|0,1|1,1|1,1|0,0|1,0|0,0|1,0|1,0|0,1|0,1|1,1|0,1|1,1|1,1|0,0|1,1|1,0|1,0|1,0|0,0|1,0|1,1|1,0|1,1|0,0|0,0|1,0|0,0|1,1|1,1|1,0|1,1|0,1|0,1|1,1|1,0|1,0|1,0|0,1|0,1|0,0|0,0|1,0|0,1|0,0|1,1|1,1|1,1|1,0|1,1|1,1|1,1|0,1|1,1|1,1|1
7,95320017,.,A,G,.,PASS,AC=2659;AN=5096;DP=22770;AF=0.52;EAS_AF=0.86;EUR_AF=0.36;AFR_AF=0.42;AMR_AF=0.57;SAS_AF=0.45;VT=SNP;NS=2548,GT,1|1,0|0,0|0,0|0,1|1,1|1,1|1,1|0,0|1,1|1,1|0,1|0,1|0,1|1,1|0,1|0,1|0,1|0,1|1,1|0,0|0,0|1,0|1,0|1,1|0,0|0,0|1,0|1,0|0,1|0,0|1,0|1,1|0,0|1,0|0,1|1,1|0,1|1,0|0,1|1,0|1,0|0,0|1,1|1,0|1,1|0,1|1,0|0,1|0,1|1,1|0,0|1,1|1,1|0,0|1,0|0,0|1,0|1,0|0,1|0,1|1,0|0,1|0,1|0,1|0,0|1,1|1,0|1,0|0,0|0,0|1,0|1,1|1,0|1,1|0,0|0,0|0,0|0,0|0,1|0,0|0,0|1,1|0,1|0,0|1,1|1,0|1,0|0,0|0,1|0,1|0,0|0,0|0,0|0,1|0,0|1,1|0,0|1,1|1,0|1,0|1,1|0,1|0,1|0,1|1,1|1
7,95320225,.,T,C,.,PASS,AC=1088;AN=5096;DP=22869;AF=0.21;EAS_AF=0.11;EUR_AF=0.18;AFR_AF=0.33;AMR_AF=0.11;SAS_AF=0.27;VT=SNP;NS=2548,GT,0|0,1|0,1|1,1|1,0|0,0|0,1|0,0|0,1|0,0|0,0|0,0|1,0|1,0|0,0|0,0|0,0|1,0|0,0|0,0|1,1|1,0|0,1|0,1|0,0|1,0|0,1|0,0|0,0|0,0|1,0|0,0|0,0|1,0|0,0|0,0|0,0|1,0|0,1|0,0|0,0|0,0|0,0|0,0|0,0|0,0|1,0|0,1|0,0|0,0|0,1|1,0|0,0|0,0|1,1|0,0|0,1|0,1|0,0|1,0|1,1|0,0|0,0|0,1|0,0|1,0|0,0|0,0|0,0|0,0|0,0|0,1|0,0|0,1|0,0|0,1|1,1|0,0|1,1|0,0|0,0|0,0|0,0|1,0|1,0|0,0|0,1|0,1|0,1|0,0|0,0|1,1|1,1|0,0|0,0|0,0|0,0|0,0|0,0|0,0|0,0|0,0|0,0|1,0|0,0|0,0|0
7,95320351,.,A,G,.,PASS,AC=1481;AN=5096;DP=22505;AF=0.29;EAS_AF=0.12;EUR_AF=0.35;AFR_AF=0.38;AMR_AF=0.19;SAS_AF=0.36;VT=SNP;NS=2548,GT,0|1,1|1,1|1,1|1,0|0,0|0,1|0,0|0,1|0,0|0,0|0,0|1,0|1,0|0,0|1,0|1,0|1,0|0,0|0,0|1,1|1,0|0,1|0,1|0,0|1,1|1,1|1,0|0,1|0,0|1,0|0,0|0,0|1,1|0,1|1,0|0,0|1,0|0,1|0,0|0,0|0,0|1,0|0,0|0,0|0,0|1,0|0,1|0,0|0,0|0,1|1,0|0,0|0,0|1,1|0,0|0,1|0,1|0,1|1,0|1,1|0,1|0,0|0,1|1,0|1,1|0,0|0,1|0,0|0,0|1,0|0,1|0,1|0,1|0,0|1,1|1,1|0,0|1,1|0,0|1,1|0,0|0,0|1,0|1,1|0,1|0,1|0,1|0,1|1,0|1,0|1,1|1,1|0,0|1,0|0,0|0,0|1,1|0,0|0,1|0,1|0,0|0,0|1,0|0,0|0,0|0
7,95320489,.,G,A,.,PASS,AC=3296;AN=5096;DP=22168;AF=0.65;EAS_AF=0.71;EUR_AF=0.78;AFR_AF=0.48;AMR_AF=0.7;SAS_AF=0.63;VT=SNP;NS=2548,GT,0|1,0|1,0|0,1|0,1|1,1|1,0|1,1|1,0|1,1|1,1|1,0|0,1|0,1|1,1|1,0|1,0|0,1|1,0|1,0|0,0|0,1|1,0|0,0|1,0|0,1|1,0|1,1|1,0|0,1|0,1|1,0|1,1|0,1|1,1|1,1|0,1|0,1|1,0|1,1|1,1|1,1|1,0|1,0|1,1|1,1|0,1|0,0|1,1|0,1|1,0|0,1|1,0|1,0|0,0|0,1|0,0|1,0|1,0|0,1|0,0|0,1|1,1|0,0|1,1|0,0|1,0|0,1|1,1|1,1|0,1|1,0|1,1|1,0|1,1|1,0|0,0|1,1|1,0|1,1|1,1|1,1|0,1|0,1|0,1|0,1|1,0|1,0|1,0|1,1|0,1|0,0|0,0|1,1|0,0|1,0|1,0|0,1|1,1|1,1|1,1|1,1|1,0|0,1|1,1|1,1|0
7,95320616,.,C,T,.,PASS,AC=2239;AN=5096;DP=21302;AF=0.44;EAS_AF=0.73;EUR_AF=0.41;AFR_AF=0.23;AMR_AF=0.48;SAS_AF=0.43;VT=SNP;NS=2548,GT,1|1,1|0,1|0,0|0,1|1,1|0,0|1,1|0,0|1,0|1,0|1,0|0,1|1,1|1,1|1,0|1,0|0,0|0,0|1,0|0,0|0,1|1,0|0,0|1,1|0,0|0,1|1,1|0,0|0,1|0,1|1,0|0,1|0,0|1,1|0,0|1,1|0,1|1,0|0,1|1,0|1,1|1,0|1,0|1,1|0,1|0,1|0,0|0,1|0,1|1,0|0,1|1,0|0,1|0,0|0,0|0,0|1,0|1,0|0,1|0,0|0,1|0,1|0,0|1,1|0,0|1,0|0,0|1,0|1,0|0,0|1,0|0,1|1,0|1,1|0,0|0,1|1,0|0,0|0,1|1,1|1,0|1,1|0,1|0,0|1,1|0,0|0,0|1,0|0,1|0,1|0,0|0,0|1,0|0,0|0,1|1,0|0,1|1,0|1,1|1,1|1,1|1,0|1,1|1,0|1,0|0
7,95320743,.,T,G,.,PASS,AC=2909;AN=5096;DP=21732;AF=0.57;EAS_AF=0.72;EUR_AF=0.77;AFR_AF=0.22;AMR_AF=0.67;SAS_AF=0.6;VT=SNP;NS=2548,GT,1|1,1|1,1|0,0|0,1|1,1|0,0|1,1|1,0|1,0|1,0|1,0|0,1|1,1|1,1|1,0|1,0|0,1|1,0|1,0|0,0|0,1|1,0|0,1|1,1|0,1|1,1|1,1|0,0|1,1|0,1|1,1|1,1|0,1|1,1|1,1|1,1|0,1|1,0|1,1|1,0|1,1|1,1|1,0|1,1|0,1|0,1|0,0|1,1|0,1|1,0|0,1|1,0|1,1|0,0|0,0|0,0|1,0|1,0|0,1|0,1|0,1|1,1|1,0|1,1|0,0|1,0|0,1|1,1|1,1|0,1|1,1|0,1|1,0|1,1|1,0|1,1|1,0|0,0|1,1|1,1|1,1|1,1|1,1|0,1|1,1|0,0|1,0|1,0|1,1|0,1|0,0|0,0|1,1|0,0|1,1|1,0|1,1|1,1|1,1|1,1|1,1|1,0|1,1|1,0|1,0|0
7,95320851,.,C,T,.,PASS,AC=3;AN=5096;DP=22181;AF=0;EAS_AF=0;EUR_AF=0;AFR_AF=0;AMR_AF=0;SAS_AF=0;VT=SNP;NS=2548,GT,0|0,0|0,0|0,0|0,0|0,0|0,0|0,0|0,0|0,0|0,0|0,0|0,0|0,0|0,0|0,0|0,0|0,0|0,0|0,0|0,0|0,0|0,0|0,0|0,0|0,0|0,0|0,0|0,0|0,0|0,0|0,0|0,0|0,0|0,0|0,0|0,0|0,0|0,0|0,0|0,0|0,0|0,0|0,0|0,0|0,0|0,0|0,0|0,0|0,0|0,0|0,0|0,0|0,0|1,0|0,0|0,0|0,0|0,0|0,0|0,0|0,0|0,0|0,0|0,0|0,0|0,0|0,0|0,0|0,0|0,0|0,0|0,0|0,0|0,0|0,0|0,0|0,0|0,0|0,0|0,0|0,0|0,0|0,0|0,0|0,0|0,0|0,0|0,0|0,0|0,0|0,0|0,0|0,0|0,0|0,0|0,0|0,0|0,0|0,0|0,0|0,0|0,0|0,0|0,0|0,0|0
7,95320865,.,C,T,.,PASS,AC=1534;AN=5096;DP=23058;AF=0.3;EAS_AF=0.62;EUR_AF=0.3;AFR_AF=0.06;AMR_AF=0.34;SAS_AF=0.27;VT=SNP;NS=2548,GT,1|1,0|0,0|0,0|0,1|1,1|0,0|0,1|0,0|1,0|0,0|0,0|0,1|0,1|1,1|0,0|0,0|0,0|0,0|1,0|0,0|0,0|1,0|0,0|1,1|0,0|0,0|1,0|0,0|0,1|0,0|0,0|0,0|0,0|1,0|0,0|1,1|0,1|1,0|0,1|0,0|1,0|0,0|1,0|1,1|0,1|0,0|0,0|0,1|0,1|1,0|0,0|1,0|0,1|0,0|0,0|0,0|1,0|1,0|0,1|0,0|0,0|0,0|0,0|0,1|0,0|1,0|0,0|1,0|1,0|0,0|1,0|0,1|0,0|1,0|0,0|0,0|0,0|0,0|0,0|0,0|1,0|1,1|0,1|0,0|1,0|0,0|0,0|0,0|0,1|0,0|0,0|0,0|0,0|0,0|0,1|1,0|0,0|0,0|1,1|1,0|1,1|0,0|0,0|0,0|1,0|0
7,95320872,.,G,A,.,PASS,AC=83;AN=5096;DP=23498;AF=0.02;EAS_AF=0;EUR_AF=0.04;AFR_AF=0;AMR_AF=0.04;SAS_AF=0.01;VT=SNP;NS=2548,GT,0|0,0|0,0|0,0|0,0|0,0|0,0|0,0|0,0|0,0|0,0|0,0|0,0|0,0|0,0|0,0|0,0|0,0|0,0|0,0|0,0|0,0|0,0|0,0|0,0|0,0|0,0|0,0|0,0|0,0|0,1|0,0|0,0|0,0|0,0|0,0|0,0|0,0|0,0|0,0|0,0|0,0|0,0|0,0|0,0|0,0|0,0|0,0|0,0|0,0|0,0|0,0|0,0|0,0|0,0|0,0|0,0|0,0|0,0|0,0|0,0|0,0|0,0|0,0|0,0|0,0|0,0|0,0|0,0|0,0|0,0|0,0|0,0|0,0|0,0|0,0|0,0|0,0|0,0|0,0|0,0|0,0|0,0|0,0|0,0|0,0|0,0|0,0|0,0|0,0|0,0|0,0|0,0|0,0|0,0|0,0|0,0|0,0|0,0|0,0|0,0|0,0|1,0|0,0|0,0|0,0|0
7,95321294,.,G,A,.,PASS,AC=30;AN=5096;DP=21791;AF=0.01;EAS_AF=0;EUR_AF=0;AFR_AF=0.02;AMR_AF=0;SAS_AF=0;VT=SNP;NS=2548,GT,0|0,0|0,0|0,0|0,0|0,0|0,0|0,0|0,0|0,0|0,0|0,0|0,0|0,0|0,0|0,0|0,0|0,0|0,0|0,0|0,0|0,0|0,0|0,0|0,0|0,0|0,0|0,0|0,0|0,0|0,0|0,0|0,0|0,0|0,0|0,0|0,0|0,0|0,0|0,0|0,0|0,0|0,0|0,0|0,0|0,0|0,0|0,0|0,0|0,0|0,0|0,0|0,0|0,0|0,0|0,0|0,0|0,0|0,0|0,0|0,0|0,0|0,0|0,0|0,0|0,0|0,0|0,0|0,0|0,0|0,0|0,0|0,0|0,0|0,0|0,0|0,0|0,0|0,1|0,0|0,0|0,0|0,0|0,0|0,0|0,0|0,0|0,0|0,0|0,0|0,0|0,0|0,0|0,0|0,0|0,0|0,0|0,0|0,0|0,0|0,0|0,0|0,0|0,0|0,0|0,0|0
7,95321453,.,C,T,.,PASS,AC=272;AN=5096;DP=21235;AF=0.05;EAS_AF=0.04;EUR_AF=0.02;AFR_AF=0.09;AMR_AF=0.02;SAS_AF=0.07;VT=SNP;NS=2548,GT,0|0,0|0,0|0,0|0,0|0,0|1,0|0,0|0,0|0,1|0,1|0,0|0,0|0,0|0,0|0,1|0,0|0,0|0,0|0,0|0,0|0,0|0,0|0,0|0,0|0,0|0,0|0,0|1,0|0,0|0,0|0,0|0,0|0,0|0,0|0,0|0,0|0,0|0,0|0,0|0,1|0,0|0,0|0,0|0,0|1,0|0,0|0,0|0,0|0,0|0,0|0,0|0,0|0,0|0,0|0,0|0,0|0,0|0,0|0,0|0,0|0,0|0,1|0,0|0,0|0,0|0,0|0,0|0,0|0,0|0,0|0,0|1,0|0,0|0,0|0,0|0,0|0,1|0,0|0,0|0,0|0,0|0,0|0,0|0,0|0,0|1,0|0,0|0,0|0,0|0,0|0,0|0,0|0,0|0,0|0,0|0,0|0,0|0,0|0,0|0,0|0,0|0,0|0,0|0,1|0,1|0
7,95321525,.,C,T,.,PASS,AC=610;AN=5096;DP=21582;AF=0.12;EAS_AF=0.25;EUR_AF=0.08;AFR_AF=0.01;AMR_AF=0.19;SAS_AF=0.13;VT=SNP;NS=2548,GT,0|0,0|0,0|0,0|0,1|1,1|0,0|0,0|0,0|0,0|1,0|0,0|0,0|0,0|1,0|0,0|0,0|0,0|0,0|0,0|0,0|0,1|1,0|0,0|1,1|0,0|0,0|1,0|0,0|0,0|0,0|0,0|0,0|0,0|1,0|0,0|1,0|0,0|0,0|0,0|0,0|0,0|0,0|0,0|1,0|0,0|0,0|0,0|0,1|0,0|0,0|0,0|0,0|0,1|0,0|0,0|0,0|0,0|0,0|0,0|0,0|0,0|0,0|0,0|0,0|0,0|0,0|0,0|1,0|0,0|0,0|1,0|0,0|0,0|1,0|0,0|0,0|0,0|0,0|0,0|0,0|1,0|0,0|0,1|0,0|1,0|0,0|0,0|0,0|0,1|0,0|0,0|0,0|0,0|0,0|0,1|0,0|0,0|0,0|0,0|1,0|0,0|0,0|0,0|0,0|0,0|0
7,95321546,.,G,T,.,PASS,AC=13;AN=5096;DP=21196;AF=0;EAS_AF=0.01;EUR_AF=0;AFR_AF=0;AMR_AF=0;SAS_AF=0;VT=SNP;NS=2548,GT,0|0,0|0,0|0,0|0,0|0,0|0,0|0,0|0,0|0,0|0,0|0,0|0,0|0,0|0,0|0,0|0,0|0,0|0,0|0,0|0,0|0,0|0,0|0,0|0,0|0,0|0,0|0,0|0,0|0,0|0,0|0,0|0,0|0,0|0,0|0,0|0,0|0,0|0,0|0,0|0,0|0,0|0,0|0,0|0,0|0,0|0,0|0,0|0,0|0,0|0,0|0,0|0,0|0,0|0,0|0,0|0,0|0,0|0,0|0,0|0,0|0,0|0,0|0,0|0,1|0,0|0,0|0,0|0,0|0,0|0,0|0,0|0,0|0,0|0,0|0,0|0,0|0,0|0,0|0,0|0,0|0,0|0,0|0,0|0,0|0,0|0,0|0,0|0,0|0,0|0,0|0,0|0,0|0,0|0,0|0,0|0,0|0,0|0,0|0,0|0,0|0,0|0,0|0,0|0,0|0,0|0
7,95322113,.,A,G,.,PASS,AC=1;AN=5096;DP=16901;AF=0;EAS_AF=0;EUR_AF=0;AFR_AF=0;AMR_AF=0;SAS_AF=0;VT=SNP;NS=2548,GT,0|0,0|0,0|0,0|0,0|0,0|0,0|0,0|0,0|0,0|0,0|0,0|0,0|0,1|0,0|0,0|0,0|0,0|0,0|0,0|0,0|0,0|0,0|0,0|0,0|0,0|0,0|0,0|0,0|0,0|0,0|0,0|0,0|0,0|0,0|0,0|0,0|0,0|0,0|0,0|0,0|0,0|0,0|0,0|0,0|0,0|0,0|0,0|0,0|0,0|0,0|0,0|0,0|0,0|0,0|0,0|0,0|0,0|0,0|0,0|0,0|0,0|0,0|0,0|0,0|0,0|0,0|0,0|0,0|0,0|0,0|0,0|0,0|0,0|0,0|0,0|0,0|0,0|0,0|0,0|0,0|0,0|0,0|0,0|0,0|0,0|0,0|0,0|0,0|0,0|0,0|0,0|0,0|0,0|0,0|0,0|0,0|0,0|0,0|0,0|0,0|0,0|0,0|0,0|0,0|0,0|0
7,95322257,.,T,C,.,PASS,AC=502;AN=5096;DP=11759;AF=0.1;EAS_AF=0.18;EUR_AF=0.11;AFR_AF=0.05;AMR_AF=0.07;SAS_AF=0.09;VT=SNP;NS=2548,GT,1|1,0|0,0|0,0|0,0|0,0|0,0|0,1|0,0|1,0|0,0|0,0|0,1|0,0|0,0|0,0|0,0|0,0|0,0|1,0|0,0|0,0|0,0|0,0|0,0|0,0|0,0|0,0|0,0|0,1|0,0|0,0|0,0|0,0|0,0|0,0|0,1|0,1|1,0|0,0|0,0|0,0|0,0|1,0|0,0|0,1|0,0|0,0|0,0|0,0|1,0|0,0|1,0|0,0|0,0|0,0|0,0|1,0|1,0|0,1|0,0|0,0|0,0|0,0|0,1|0,0|1,0|0,0|0,0|0,0|0,0|0,0|0,0|0,0|0,0|0,0|0,0|0,0|0,0|0,0|0,0|0,0|1,1|0,0|0,0|0,0|0,0|0,0|0,0|0,0|0,0|0,0|0,0|0,0|0,0|0,0|1,0|0,0|0,0|1,0|0,0|0,0|0,0|0,0|0,0|0,0|0
7,95322305,.,GT,G,.,PASS,AC=2500;AN=5096;DP=9340;AF=0.49;EAS_AF=0.53;EUR_AF=0.65;AFR_AF=0.22;AMR_AF=0.61;SAS_AF=0.56;VT=INDEL;NS=2548,GT,0|0,1|1,1|0,0|0,1|1,1|0,0|1,0|1,0|0,0|1,0|1,0|0,0|1,1|1,1|1,0|1,1|0,1|1,0|0,0|0,0|0,1|1,0|1,1|1,1|0,1|1,1|1,1|0,1|1,0|0,1|1,0|1,1|0,1|1,1|1,1|1,0|0,0|0,0|1,1|1,1|1,1|1,0|0,0|1,1|0,0|0,1|0,0|1,1|0,1|0,0|0,1|0,0|1,1|0,0|0,0|0,0|0,0|0,1|0,0|0,1|0,1|1,0|0,0|1,0|0,1|0,1|1,1|1,1|1,1|1,1|1,0|0,1|1,0|1,1|1,0|1,1|1,0|0,0|1,1|1,1|1,1|0,0|1,1|0,1|1,1|0,0|1,0|1,0|1,1|1,1|0,0|0,0|1,1|1,1|1,1|0,0|1,1|1,1|0,1|1,1|1,1|1,0|1,1|1,0|1,0|0
7,95322315,.,A,T,.,PASS,AC=16;AN=5096;DP=9778;AF=0;EAS_AF=0;EUR_AF=0.01;AFR_AF=0;AMR_AF=0;SAS_AF=0.01;VT=SNP;NS=2548,GT,0|0,0|0,0|0,0|0,0|0,0|0,0|0,0|0,0|0,0|0,0|0,0|0,1|0,0|0,0|0,0|0,0|0,0|0,0|0,0|0,0|0,0|0,0|0,0|0,0|0,0|0,0|0,0|0,0|0,0|0,0|0,0|0,0|0,0|0,0|0,0|0,0|0,0|0,0|0,0|0,0|0,0|0,0|0,0|0,0|0,0|0,0|0,0|0,0|0,0|0,0|0,0|0,0|0,0|0,0|0,0|0,0|0,0|0,0|0,0|0,0|0,0|0,0|0,0|0,0|0,0|0,0|0,0|0,0|0,0|0,0|0,0|0,0|0,0|0,0|0,0|0,0|0,0|0,0|0,0|0,0|0,0|0,0|0,0|0,0|0,0|0,0|0,0|0,0|0,0|0,0|0,0|0,0|0,0|0,0|0,0|0,0|0,0|0,0|0,0|0,0|0,0|0,0|0,0|0,0|0,0|0
7,95322321,.,A,T,.,PASS,AC=17;AN=5096;DP=9995;AF=0;EAS_AF=0;EUR_AF=0.01;AFR_AF=0;AMR_AF=0;SAS_AF=0.01;VT=SNP;NS=2548,GT,0|0,0|0,0|0,0|0,0|0,0|0,0|0,0|0,0|0,0|0,0|0,0|0,1|0,0|0,0|0,0|0,0|0,0|0,0|0,0|0,0|0,0|0,0|0,0|0,0|0,0|0,0|0,0|0,0|0,0|0,0|0,0|0,0|0,0|0,0|0,0|0,0|0,0|0,0|0,0|0,0|0,0|0,0|0,0|0,0|0,0|0,0|0,0|0,0|0,0|0,0|0,0|0,0|0,0|0,0|0,0|0,0|0,0|0,0|0,0|0,0|0,0|0,0|0,0|0,0|0,0|0,0|0,0|0,0|0,0|0,0|0,0|0,0|0,0|0,0|0,0|0,0|0,0|0,0|0,0|0,0|0,0|0,0|0,0|0,0|0,0|0,0|0,0|0,0|0,0|0,0|0,0|0,0|0,0|0,0|0,0|0,0|0,0|0,0|0,0|0,0|0,0|0,0|0,0|0,0|0,0|0
7,95322346,.,G,A,.,PASS,AC=17;AN=5096;DP=10936;AF=0;EAS_AF=0;EUR_AF=0.01;AFR_AF=0;AMR_AF=0;SAS_AF=0.01;VT=SNP;NS=2548,GT,0|0,0|0,0|0,0|0,0|0,0|0,0|0,1|0,0|0,0|0,0|0,0|0,1|0,0|0,0|0,0|0,0|0,0|0,0|0,0|0,0|0,0|0,0|0,0|0,0|0,0|0,0|0,0|0,0|0,0|0,0|0,0|0,0|0,0|0,0|0,0|0,0|0,0|0,0|0,0|0,0|0,0|0,0|0,0|0,0|0,0|0,0|0,0|0,0|0,0|0,0|0,0|0,0|0,0|0,0|0,0|0,0|0,0|0,0|0,1|0,0|0,0|0,0|0,0|0,0|0,0|0,0|0,0|0,0|0,0|0,0|0,0|0,0|0,0|0,0|0,0|0,0|0,0|0,0|0,0|0,0|0,0|0,0|0,0|0,0|0,0|0,0|0,0|0,0|0,0|0,0|0,0|0,0|0,0|0,0|0,0|0,0|0,0|0,0|0,0|0,0|0,0|0,0|0,0|0,0|0,0|0
7,95322348,.,G,A,.,PASS,AC=388;AN=5096;DP=10887;AF=0.08;EAS_AF=0.14;EUR_AF=0.1;AFR_AF=0.02;AMR_AF=0.06;SAS_AF=0.08;VT=SNP;NS=2548,GT,1|0,0|0,0|0,0|0,0|0,0|0,0|0,1|0,0|1,0|0,0|0,0|0,1|0,0|0,0|0,0|0,0|0,0|0,0|1,0|0,0|0,0|0,0|0,0|0,0|0,0|0,0|0,0|0,0|0,1|0,0|0,0|0,0|0,0|0,0|0,0|0,1|0,1|1,0|0,0|0,0|0,0|0,0|1,0|0,0|0,0|0,0|0,0|0,0|0,0|1,0|0,0|1,0|0,0|0,0|0,0|0,0|1,0|1,0|0,1|0,0|0,0|0,0|0,0|0,1|0,0|1,0|0,0|0,0|0,0|0,0|0,0|0,0|0,0|0,0|0,0|0,0|0,0|0,0|0,0|0,0|0,0|1,1|0,0|0,0|0,0|0,0|0,0|0,0|0,0|0,0|0,0|0,0|0,0|0,0|0,0|1,0|0,0|0,0|0,0|1,0|0,0|0,0|0,0|0,0|0,0|0
7,95322350,.,G,A,.,PASS,AC=555;AN=5096;DP=11001;AF=0.11;EAS_AF=0.18;EUR_AF=0.11;AFR_AF=0.08;AMR_AF=0.09;SAS_AF=0.09;VT=SNP;NS=2548,GT,1|1,0|0,0|0,0|0,0|0,0|0,0|0,1|0,0|1,0|0,0|0,0|0,1|0,0|0,0|0,0|0,0|0,0|0,0|1,0|0,0|0,0|0,0|0,0|0,0|0,0|0,0|0,0|0,0|0,1|0,0|0,0|0,0|0,0|0,0|0,0|0,1|0,1|1,0|0,0|0,0|0,0|0,0|1,0|0,0|0,0|0,0|1,0|0,0|0,0|1,0|0,0|1,1|0,0|0,0|0,0|0,0|1,0|1,0|0,1|0,0|0,0|0,0|0,0|0,1|0,0|1,0|0,0|0,0|0,0|0,0|0,0|0,0|0,0|0,0|0,0|0,0|0,0|0,0|1,0|0,0|0,0|1,1|0,0|0,0|0,0|0,0|0,0|0,0|0,0|0,0|0,0|0,0|0,0|0,0|0,0|1,0|0,0|0,0|0,0|0,0|0,0|0,0|0,0|0,0|0,0|0
7,95322352,.,A,G,.,PASS,AC=921;AN=5096;DP=11114;AF=0.18;EAS_AF=0.08;EUR_AF=0.11;AFR_AF=0.36;AMR_AF=0.1;SAS_AF=0.17;VT=SNP;NS=2548,GT,0|0,0|0,0|1,0|1,0|0,0|0,0|0,0|0,0|0,0|0,1|0,0|1,0|0,0|0,0|0,0|0,0|1,0|0,0|0,0|1,1|1,0|0,0|0,0|0,0|0,0|0,0|0,0|1,0|0,0|1,0|0,1|0,0|1,0|0,0|0,0|0,0|0,0|0,1|0,0|0,1|0,0|0,0|0,0|0,0|0,0|1,0|0,1|0,0|0,0|0,0|1,0|0,0|0,0|0,1|0,1|0,0|0,0|0,0|1,0|0,0|0,0|0,1|0,0|0,0|1,0|0,0|0,0|0,0|0,0|0,0|0,1|0,0|0,1|0,0|0,1|0,0|0,0|0,1|0,0|0,0|0,0|0,0|0,0|1,0|0,0|0,0|0,1|0,1|0,0|0,0|1,0|0,0|0,0|0,0|0,0|0,1|0,0|0,0|0,0|0,0|0,0|0,0|0,0|0,0|0,0|0
7,95322354,.,A,G,.,PASS,AC=246;AN=5096;DP=11248;AF=0.05;EAS_AF=0.03;EUR_AF=0.01;AFR_AF=0.13;AMR_AF=0.02;SAS_AF=0.02;VT=SNP;NS=2548,GT,0|0,0|0,0|0,0|0,0|0,0|0,0|0,0|0,0|0,0|0,0|0,0|0,0|0,0|0,0|0,0|0,0|0,0|0,0|0,0|0,0|0,0|0,0|0,0|0,0|0,0|0,0|0,0|1,0|0,0|0,0|0,0|0,0|0,0|0,0|0,0|0,0|0,0|0,0|0,0|0,1|0,0|0,0|0,0|0,0|0,0|0,0|0,0|0,0|0,0|0,0|0,0|0,0|0,0|0,0|0,0|0,0|0,0|0,0|0,0|0,0|0,0|0,0|0,0|0,0|0,0|0,0|0,0|0,0|0,0|0,0|0,0|0,0|0,0|0,0|0,0|0,0|0,1|0,0|0,0|0,0|0,0|0,0|0,0|0,0|0,0|0,0|0,0|0,0|0,0|0,0|0,0|0,0|0,0|0,0|0,0|0,0|0,0|0,0|0,0|0,0|0,0|0,0|0,0|0,0|0,0|0
7,95322654,.,A,G,.,PASS,AC=536;AN=5096;DP=20218;AF=0.11;EAS_AF=0.11;EUR_AF=0.03;AFR_AF=0.18;AMR_AF=0.16;SAS_AF=0.04;VT=SNP;NS=2548,GT,0|0,0|0,0|0,0|0,0|0,0|0,0|0,0|0,0|0,0|0,0|0,1|0,0|0,0|0,0|0,0|0,0|0,0|0,1|0,1|0,0|0,0|0,0|0,0|0,0|0,0|0,0|0,0|0,0|0,0|0,0|0,0|0,0|0,0|0,0|0,0|0,0|0,0|0,0|0,0|0,0|0,0|0,0|0,1|0,0|0,0|0,0|1,0|0,0|0,0|0,0|0,0|0,1|0,0|0,0|1,0|0,0|0,0|0,0|0,0|0,0|1,0|0,0|0,0|0,0|0,0|0,0|0,0|0,0|0,0|0,0|0,0|0,0|0,0|0,0|0,0|0,0|0,0|0,0|0,0|0,0|0,0|0,0|0,0|0,0|0,0|0,0|0,0|0,0|0,0|0,0|0,0|0,0|0,0|0,0|0,0|0,1|0,0|0,0|0,0|0,0|0,0|0,1|0,0|0,0|0,0|1
7,95322781,.,G,T,.,PASS,AC=537;AN=5096;DP=21174;AF=0.11;EAS_AF=0.11;EUR_AF=0.03;AFR_AF=0.18;AMR_AF=0.16;SAS_AF=0.04;VT=SNP;NS=2548,GT,0|0,0|0,0|0,0|0,0|0,0|0,0|0,0|0,0|0,0|0,0|0,1|0,0|0,0|0,0|0,0|0,0|0,0|0,1|0,1|0,0|0,0|0,0|0,0|0,0|0,0|0,0|0,0|0,0|0,0|0,0|0,0|0,0|0,0|0,0|0,0|0,0|0,0|0,0|0,0|0,0|0,0|0,0|0,1|0,0|0,0|0,0|1,0|0,0|0,0|0,0|0,0|0,1|0,0|0,0|1,0|0,0|0,0|0,0|0,0|0,0|1,0|0,0|0,0|0,0|0,0|0,0|0,0|0,0|0,0|0,0|0,0|0,0|0,0|0,0|0,0|0,0|0,0|0,0|0,0|0,0|0,0|0,0|0,0|0,0|0,0|0,0|0,0|0,0|0,0|0,0|0,0|0,0|0,0|0,0|0,0|0,1|0,0|0,0|0,0|0,0|0,0|0,1|0,0|0,0|0,0|1
7,95322838,.,A,AT,.,PASS,AC=1;AN=5096;DP=21389;AF=0;EAS_AF=0;EUR_AF=0;AFR_AF=0;AMR_AF=0;SAS_AF=0;VT=INDEL;NS=2548,GT,0|0,0|0,0|0,0|0,0|0,0|0,0|0,0|0,0|0,0|0,0|0,0|0,0|0,0|0,0|0,0|0,0|0,0|0,0|0,0|0,0|0,0|0,0|0,0|0,0|0,0|0,0|0,0|0,0|0,0|0,0|0,0|0,0|0,0|0,0|0,0|0,0|0,0|0,0|0,0|0,0|0,0|0,0|0,0|0,0|0,0|0,0|0,0|0,0|0,0|0,0|0,0|0,0|0,0|0,0|0,0|0,0|0,0|0,0|0,0|0,0|0,0|0,0|0,0|0,0|0,0|0,0|0,0|0,0|0,0|0,0|0,1|0,0|0,0|0,0|0,0|0,0|0,0|0,0|0,0|0,0|0,0|0,0|0,0|0,0|0,0|0,0|0,0|0,0|0,0|0,0|0,0|0,0|0,0|0,0|0,0|0,0|0,0|0,0|0,0|0,0|0,0|0,0|0,0|0,0|0,0|0
7,95323044,.,C,A,.,PASS,AC=1;AN=5096;DP=21036;AF=0;EAS_AF=0;EUR_AF=0;AFR_AF=0;AMR_AF=0;SAS_AF=0;VT=SNP;NS=2548,GT,0|0,0|0,0|0,0|0,0|0,0|0,0|0,0|0,0|0,0|0,0|0,0|0,0|0,0|0,0|0,0|0,0|0,0|0,0|0,0|0,0|0,0|0,0|0,0|0,0|0,0|0,0|0,0|0,0|0,0|0,0|0,0|0,0|0,0|0,0|0,0|0,0|0,0|0,0|0,0|0,0|0,0|0,0|0,0|0,0|0,0|0,0|0,0|0,0|0,0|0,0|0,1|0,0|0,0|0,0|0,0|0,0|0,0|0,0|0,0|0,0|0,0|0,0|0,0|0,0|0,0|0,0|0,0|0,0|0,0|0,0|0,0|0,0|0,0|0,0|0,0|0,0|0,0|0,0|0,0|0,0|0,0|0,0|0,0|0,0|0,0|0,0|0,0|0,0|0,0|0,0|0,0|0,0|0,0|0,0|0,0|0,0|0,0|0,0|0,0|0,0|0,0|0,0|0,0|0,0|0,0|0
7,95323130,.,C,G,.,PASS,AC=8;AN=5096;DP=18124;AF=0;EAS_AF=0;EUR_AF=0;AFR_AF=0;AMR_AF=0;SAS_AF=0;VT=SNP;NS=2548,GT,0|0,0|0,0|0,0|0,0|0,0|0,0|0,0|0,0|0,0|0,0|0,0|0,0|0,0|0,0|0,0|0,0|0,0|0,0|0,0|0,0|0,0|0,0|0,0|0,0|0,0|0,0|0,0|0,0|0,0|0,0|0,0|0,0|0,0|0,0|0,0|0,0|0,0|0,0|0,0|0,0|0,0|0,0|0,0|0,0|0,0|0,0|0,0|0,0|0,0|0,0|0,0|0,0|0,0|0,0|0,0|0,0|0,0|0,0|0,0|0,0|0,0|0,0|0,0|0,0|0,0|0,0|0,0|0,0|0,0|0,0|0,0|0,0|0,0|0,0|1,0|0,0|0,0|0,0|0,0|0,0|0,0|0,0|0,0|0,0|0,0|0,0|0,0|0,0|0,0|0,0|0,0|0,0|0,0|0,0|0,0|0,0|0,0|0,0|0,0|0,0|0,0|0,0|0,0|0,0|0,0|0
7,95323380,.,C,A,.,PASS,AC=2478;AN=5096;DP=15564;AF=0.49;EAS_AF=0.53;EUR_AF=0.65;AFR_AF=0.2;AMR_AF=0.61;SAS_AF=0.56;VT=SNP;NS=2548,GT,0|0,1|1,1|0,0|0,1|1,1|0,0|1,0|1,0|0,0|1,0|1,0|0,0|1,1|1,1|1,0|1,1|0,1|1,0|0,0|0,0|0,1|1,0|1,1|1,1|0,1|1,1|1,1|0,1|1,0|0,1|1,0|1,1|0,1|1,1|1,1|1,0|0,0|0,0|1,1|1,0|1,1|1,0|0,0|1,1|0,0|0,1|0,0|1,1|0,1|0,0|0,1|0,0|1,1|0,0|0,0|0,0|0,0|0,1|0,0|0,1|0,1|1,0|0,0|1,0|0,1|0,1|1,1|1,1|1,1|1,1|1,0|0,1|1,0|1,1|1,0|1,1|1,0|0,0|1,1|1,1|1,1|0,0|1,1|0,1|1,1|0,0|1,0|1,0|1,1|1,1|0,0|0,0|1,1|1,1|1,1|0,0|1,1|1,1|0,1|1,1|1,1|1,0|1,1|1,0|1,0|0
7,95323504,.,T,G,.,PASS,AC=471;AN=5096;DP=12788;AF=0.09;EAS_AF=0.18;EUR_AF=0.11;AFR_AF=0.03;AMR_AF=0.06;SAS_AF=0.09;VT=SNP;NS=2548,GT,1|1,0|0,0|0,0|0,0|0,0|0,0|0,1|0,0|1,0|0,0|0,0|0,1|0,0|0,0|0,0|0,0|0,0|0,0|1,0|0,0|0,0|0,0|0,0|0,0|0,0|0,0|0,0|0,0|0,1|0,0|0,0|0,0|0,0|0,0|0,0|0,1|0,1|1,0|0,0|0,0|0,0|0,0|1,0|0,0|0,1|0,0|0,0|0,0|0,0|1,0|0,0|1,0|0,0|0,0|0,0|0,0|1,0|1,0|0,1|0,0|0,0|0,0|0,0|0,1|0,0|1,0|0,0|0,0|0,0|0,0|0,0|0,0|0,0|0,0|0,0|0,0|0,0|0,0|0,0|0,0|0,0|1,1|0,0|0,0|0,0|0,0|0,0|0,0|0,0|0,0|0,0|0,0|0,0|0,0|0,0|1,0|0,0|0,0|1,0|0,0|0,0|0,0|0,0|0,0|0,0|0
7,95323612,.,T,G,.,PASS,AC=457;AN=5096;DP=16148;AF=0.09;EAS_AF=0.18;EUR_AF=0.11;AFR_AF=0.02;AMR_AF=0.06;SAS_AF=0.09;VT=SNP;NS=2548,GT,1|1,0|0,0|0,0|0,0|0,0|0,0|0,1|0,0|1,0|0,0|0,0|0,1|0,0|0,0|0,0|0,0|0,0|0,0|1,0|0,0|0,0|0,0|0,0|0,0|0,0|0,0|0,0|0,0|0,1|0,0|0,0|0,0|0,0|0,0|0,0|0,1|0,1|1,0|0,0|0,0|0,0|0,0|1,0|0,0|0,1|0,0|0,0|0,0|0,0|1,0|0,0|1,0|0,0|0,0|0,0|0,0|1,0|1,0|0,1|0,0|0,0|0,0|0,0|0,1|0,0|1,0|0,0|0,0|0,0|0,0|0,0|0,0|0,0|0,0|0,0|0,0|0,0|0,0|0,0|0,0|0,0|1,1|0,0|0,0|0,0|0,0|0,0|0,0|0,0|0,0|0,0|0,0|0,0|0,0|0,0|1,0|0,0|0,0|1,0|0,0|0,0|0,0|0,0|0,0|0,0|0
