#CHROM,POS,ID,REF,ALT,QUAL,FILTER,INFO,FORMAT,HG01595,HG01596,HG01597,HG01598,HG01599,HG01600,HG01840,HG01841,HG01842,HG01843,HG01844,HG01845,HG01846,HG01847,HG01848,HG01849,HG01850,HG01851,HG01852,HG01853,HG01855,HG01857,HG01858,HG01859,HG01860,HG01861,HG01862,HG01863,HG01864,HG01865,HG01866,HG01867,HG01868,HG01869,HG01870,HG01871,HG01872,HG01873,HG01874,HG01878,HG02016,HG02017,HG02019,HG02020,HG02023,HG02025,HG02026,HG02028,HG02029,HG02031,HG02032,HG02035,HG02040,HG02047,HG02048,HG02049,HG02050,HG02057,HG02058,HG02060,HG02061,HG02064,HG02067,HG02069,HG02070,HG02072,HG02073,HG02075,HG02076,HG02078,HG02079,HG02081,HG02082,HG02084,HG02085,HG02086,HG02087,HG02088,HG02113,HG02116,HG02121,HG02122,HG02127,HG02128,HG02130,HG02131,HG02133,HG02134,HG02136,HG02137,HG02138,HG02139,HG02140,HG02141,HG02142,HG02512,HG02513,HG02521,HG02522,c00,c10,c01,c11,c1s,c_sum,l00,l01,l10,l11,l1_all,orig_clinvar_idx,Name,Gene(s),Protein change,Condition(s),GRCh37Chromosome,GRCh37Location,GRCh38Chromosome,GRCh38Location,dbSNP ID,Canonical SPDI,Molecular consequence,Germline classification,Germline date last evaluated,Germline review status,new_GRCh38Location
2,74362122,.,G,A,.,PASS,AC=1;AN=5096;DP=324181;AF=0;EAS_AF=0;EUR_AF=0;AFR_AF=0;AMR_AF=0;SAS_AF=0;EX_TARGET;VT=SNP;NS=2548,GT,0|0,0|0,0|0,0|0,0|0,0|0,0|0,0|0,0|0,0|0,0|0,0|0,0|0,0|0,0|0,0|0,0|0,0|0,0|0,0|0,0|0,0|0,0|0,0|0,0|0,0|0,0|0,0|0,0|0,0|0,0|0,0|0,0|0,0|0,0|0,0|0,0|0,0|0,0|0,0|0,0|0,0|0,0|0,0|0,0|0,0|0,0|0,0|0,0|0,0|0,0|0,0|0,0|0,0|0,0|0,0|0,0|0,0|0,0|0,0|0,0|0,0|0,0|0,0|0,0|0,0|0,0|0,0|0,0|0,0|0,0|0,0|0,0|0,0|0,0|0,0|0,0|0,0|0,0|0,0|0,0|0,0|0,0|0,0|0,0|0,0|0,1|0,0|0,0|0,0|0,0|0,0|0,0|0,0|0,0|0,0|0,0|0,0|0,0|0,98,1,0,0,1,99,"HG01595,HG01596,HG01597,HG01598,HG01599,HG01600,HG01840,HG01841,HG01842,HG01843,HG01844,HG01845,HG01846,HG01847,HG01848,HG01849,HG01850,HG01851,HG01852,HG01853,HG01855,HG01857,HG01858,HG01859,HG01860,HG01861,HG01862,HG01863,HG01864,HG01865,HG01866,HG01867,HG01868,HG01869,HG01870,HG01871,HG01872,HG01873,HG01874,HG01878,HG02016,HG02017,HG02019,HG02020,HG02023,HG02025,HG02026,HG02028,HG02029,HG02031,HG02032,HG02035,HG02040,HG02047,HG02048,HG02049,HG02050,HG02057,HG02058,HG02060,HG02061,HG02064,HG02067,HG02069,HG02070,HG02072,HG02073,HG02075,HG02076,HG02078,HG02079,HG02081,HG02082,HG02084,HG02085,HG02086,HG02087,HG02088,HG02113,HG02116,HG02121,HG02122,HG02127,HG02128,HG02130,HG02131,HG02134,HG02136,HG02137,HG02138,HG02139,HG02140,HG02141,HG02142,HG02512,HG02513,HG02521,HG02522",,HG02133,,HG02133,320,NM_004082.5(DCTN1):c.3629C>G (p.Thr1210Arg),DCTN1,"T1187R, T1203R, T1210R, T1071R, T1168R, T1193R, T1076R, T1185R","Inborn genetic diseases|Perry syndrome|Neuronopathy, distal hereditary motor, type 7B|Amyotrophic lateral sclerosis type 1",2,74589249,2,74362122,rs565866230,NC_000002.12:74362121:G:C,missense variant|non-coding transcript variant,Uncertain significance,11-Jul-21,"criteria provided, multiple submitters, no conflicts",74362122
2,74362161,.,G,C,.,PASS,AC=891;AN=5096;DP=240765;AF=0.17;EAS_AF=0.39;EUR_AF=0.02;AFR_AF=0.23;AMR_AF=0.16;SAS_AF=0.05;VT=SNP;NS=2548,GT,0|0,1|1,0|0,0|1,0|0,1|1,1|1,1|0,0|1,1|1,0|0,0|0,1|1,0|0,1|0,1|0,1|0,0|1,1|0,0|1,1|1,0|1,1|1,1|0,0|0,1|0,1|1,1|1,1|1,1|1,1|1,1|1,0|0,1|1,1|0,0|0,0|1,1|0,0|0,0|0,0|1,1|0,1|1,0|0,1|0,0|0,0|1,0|1,1|1,1|1,0|1,1|1,0|0,1|1,0|1,1|0,0|0,1|0,1|0,1|1,1|1,1|1,0|0,1|0,1|1,0|0,0|1,1|0,0|1,0|0,0|0,0|1,0|1,1|0,0|0,1|1,1|0,0|0,0|0,0|1,0|1,1|0,0|1,0|0,0|0,0|0,0|1,0|0,0|0,0|0,0|1,0|1,0|0,0|0,1|0,0|0,1|0,1|1,0|0,32,21,21,25,67,99,"HG01595,HG01597,HG01599,HG01844,HG01845,HG01847,HG01860,HG01868,HG01871,HG01874,HG01878,HG02020,HG02025,HG02040,HG02050,HG02067,HG02072,HG02078,HG02079,HG02085,HG02088,HG02113,HG02128,HG02130,HG02131,HG02134,HG02136,HG02137,HG02140,HG02141,HG02512,HG02522","HG01598,HG01842,HG01851,HG01853,HG01857,HG01872,HG02016,HG02026,HG02028,HG02032,HG02048,HG02073,HG02076,HG02081,HG02082,HG02116,HG02121,HG02127,HG02133,HG02138,HG02139","HG01841,HG01848,HG01849,HG01850,HG01852,HG01859,HG01861,HG01870,HG01873,HG02017,HG02023,HG02049,HG02057,HG02058,HG02069,HG02075,HG02084,HG02087,HG02122,HG02142,HG02513","HG01596,HG01600,HG01840,HG01843,HG01846,HG01855,HG01858,HG01862,HG01863,HG01864,HG01865,HG01866,HG01867,HG01869,HG02019,HG02029,HG02031,HG02035,HG02047,HG02060,HG02061,HG02064,HG02070,HG02086,HG02521","HG01596,HG01598,HG01600,HG01840,HG01841,HG01842,HG01843,HG01846,HG01848,HG01849,HG01850,HG01851,HG01852,HG01853,HG01855,HG01857,HG01858,HG01859,HG01861,HG01862,HG01863,HG01864,HG01865,HG01866,HG01867,HG01869,HG01870,HG01872,HG01873,HG02016,HG02017,HG02019,HG02023,HG02026,HG02028,HG02029,HG02031,HG02032,HG02035,HG02047,HG02048,HG02049,HG02057,HG02058,HG02060,HG02061,HG02064,HG02069,HG02070,HG02073,HG02075,HG02076,HG02081,HG02082,HG02084,HG02086,HG02087,HG02116,HG02121,HG02122,HG02127,HG02133,HG02138,HG02139,HG02142,HG02513,HG02521",333,NM_004082.5(DCTN1):c.3610-20C>T,DCTN1,,"Amyotrophic lateral sclerosis type 1|Neuronopathy, distal hereditary motor, type 7B|Perry syndrome",2,74589288,2,74362161,rs2268427,NC_000002.12:74362160:G:A,intron variant,Likely benign,13-Apr-23,"criteria provided, single submitter",74362161
2,74362161,.,G,C,.,PASS,AC=891;AN=5096;DP=240765;AF=0.17;EAS_AF=0.39;EUR_AF=0.02;AFR_AF=0.23;AMR_AF=0.16;SAS_AF=0.05;VT=SNP;NS=2548,GT,0|0,1|1,0|0,0|1,0|0,1|1,1|1,1|0,0|1,1|1,0|0,0|0,1|1,0|0,1|0,1|0,1|0,0|1,1|0,0|1,1|1,0|1,1|1,1|0,0|0,1|0,1|1,1|1,1|1,1|1,1|1,1|1,0|0,1|1,1|0,0|0,0|1,1|0,0|0,0|0,0|1,1|0,1|1,0|0,1|0,0|0,0|1,0|1,1|1,1|1,0|1,1|1,0|0,1|1,0|1,1|0,0|0,1|0,1|0,1|1,1|1,1|1,0|0,1|0,1|1,0|0,0|1,1|0,0|1,0|0,0|0,0|1,0|1,1|0,0|0,1|1,1|0,0|0,0|0,0|1,0|1,1|0,0|1,0|0,0|0,0|0,0|1,0|0,0|0,0|0,0|1,0|1,0|0,0|0,1|0,0|0,1|0,1|1,0|0,32,21,21,25,67,99,"HG01595,HG01597,HG01599,HG01844,HG01845,HG01847,HG01860,HG01868,HG01871,HG01874,HG01878,HG02020,HG02025,HG02040,HG02050,HG02067,HG02072,HG02078,HG02079,HG02085,HG02088,HG02113,HG02128,HG02130,HG02131,HG02134,HG02136,HG02137,HG02140,HG02141,HG02512,HG02522","HG01598,HG01842,HG01851,HG01853,HG01857,HG01872,HG02016,HG02026,HG02028,HG02032,HG02048,HG02073,HG02076,HG02081,HG02082,HG02116,HG02121,HG02127,HG02133,HG02138,HG02139","HG01841,HG01848,HG01849,HG01850,HG01852,HG01859,HG01861,HG01870,HG01873,HG02017,HG02023,HG02049,HG02057,HG02058,HG02069,HG02075,HG02084,HG02087,HG02122,HG02142,HG02513","HG01596,HG01600,HG01840,HG01843,HG01846,HG01855,HG01858,HG01862,HG01863,HG01864,HG01865,HG01866,HG01867,HG01869,HG02019,HG02029,HG02031,HG02035,HG02047,HG02060,HG02061,HG02064,HG02070,HG02086,HG02521","HG01596,HG01598,HG01600,HG01840,HG01841,HG01842,HG01843,HG01846,HG01848,HG01849,HG01850,HG01851,HG01852,HG01853,HG01855,HG01857,HG01858,HG01859,HG01861,HG01862,HG01863,HG01864,HG01865,HG01866,HG01867,HG01869,HG01870,HG01872,HG01873,HG02016,HG02017,HG02019,HG02023,HG02026,HG02028,HG02029,HG02031,HG02032,HG02035,HG02047,HG02048,HG02049,HG02057,HG02058,HG02060,HG02061,HG02064,HG02069,HG02070,HG02073,HG02075,HG02076,HG02081,HG02082,HG02084,HG02086,HG02087,HG02116,HG02121,HG02122,HG02127,HG02133,HG02138,HG02139,HG02142,HG02513,HG02521",334,NM_004082.5(DCTN1):c.3610-20C>G,DCTN1,,"not specified|not provided|Amyotrophic lateral sclerosis type 1|Perry syndrome|Neuronopathy, distal hereditary motor, type 7B",2,74589288,2,74362161,rs2268427,NC_000002.12:74362160:G:C,intron variant,Benign,3-Feb-25,"criteria provided, multiple submitters, no conflicts",74362161
2,74363033,.,T,C,.,PASS,AC=19;AN=5096;DP=292688;AF=0;EAS_AF=0.01;EUR_AF=0;AFR_AF=0;AMR_AF=0;SAS_AF=0;EX_TARGET;VT=SNP;NS=2548,GT,0|0,0|0,0|0,0|0,0|0,0|0,0|0,0|0,0|0,0|0,0|0,0|0,0|0,0|0,0|0,0|0,0|0,0|0,0|0,0|1,0|0,0|0,0|0,0|0,0|0,0|0,0|0,0|1,0|0,0|0,0|0,0|0,0|0,0|0,0|0,0|0,0|0,0|0,0|0,0|0,0|0,0|0,0|0,0|0,0|0,0|0,0|0,0|0,0|0,0|0,0|0,0|0,0|0,0|0,0|0,0|0,0|0,0|0,0|0,0|0,0|0,1|0,0|0,0|0,0|0,0|0,0|0,0|0,0|0,0|0,0|0,0|0,0|0,0|0,0|0,0|0,0|0,0|0,0|0,0|0,0|0,0|0,0|0,0|0,0|0,0|0,0|0,0|0,0|0,0|0,0|0,0|0,0|0,0|0,1|0,0|0,0|0,0|0,0|0,95,2,2,0,4,99,"HG01595,HG01596,HG01597,HG01598,HG01599,HG01600,HG01840,HG01841,HG01842,HG01843,HG01844,HG01845,HG01846,HG01847,HG01848,HG01849,HG01850,HG01851,HG01852,HG01855,HG01857,HG01858,HG01859,HG01860,HG01861,HG01862,HG01864,HG01865,HG01866,HG01867,HG01868,HG01869,HG01870,HG01871,HG01872,HG01873,HG01874,HG01878,HG02016,HG02017,HG02019,HG02020,HG02023,HG02025,HG02026,HG02028,HG02029,HG02031,HG02032,HG02035,HG02040,HG02047,HG02048,HG02049,HG02050,HG02057,HG02058,HG02060,HG02061,HG02067,HG02069,HG02070,HG02072,HG02073,HG02075,HG02076,HG02078,HG02079,HG02081,HG02082,HG02084,HG02085,HG02086,HG02087,HG02088,HG02113,HG02116,HG02121,HG02122,HG02127,HG02128,HG02130,HG02131,HG02133,HG02134,HG02136,HG02137,HG02138,HG02139,HG02140,HG02141,HG02512,HG02513,HG02521,HG02522","HG01853,HG01863","HG02064,HG02142",,"HG01853,HG01863,HG02064,HG02142",386,NM_004082.5(DCTN1):c.3490A>T (p.Thr1164Ser),DCTN1,"T1139S, T1164S, T1025S, T1141S, T1157S, T1030S, T1122S, T1147S","Amyotrophic lateral sclerosis type 1|Neuronopathy, distal hereditary motor, type 7B|Perry syndrome",2,74590160,2,74363033,rs72466493,NC_000002.12:74363032:T:A,missense variant|non-coding transcript variant,Uncertain significance,22-Nov-20,"criteria provided, single submitter",74363033
2,74363033,.,T,C,.,PASS,AC=19;AN=5096;DP=292688;AF=0;EAS_AF=0.01;EUR_AF=0;AFR_AF=0;AMR_AF=0;SAS_AF=0;EX_TARGET;VT=SNP;NS=2548,GT,0|0,0|0,0|0,0|0,0|0,0|0,0|0,0|0,0|0,0|0,0|0,0|0,0|0,0|0,0|0,0|0,0|0,0|0,0|0,0|1,0|0,0|0,0|0,0|0,0|0,0|0,0|0,0|1,0|0,0|0,0|0,0|0,0|0,0|0,0|0,0|0,0|0,0|0,0|0,0|0,0|0,0|0,0|0,0|0,0|0,0|0,0|0,0|0,0|0,0|0,0|0,0|0,0|0,0|0,0|0,0|0,0|0,0|0,0|0,0|0,0|0,1|0,0|0,0|0,0|0,0|0,0|0,0|0,0|0,0|0,0|0,0|0,0|0,0|0,0|0,0|0,0|0,0|0,0|0,0|0,0|0,0|0,0|0,0|0,0|0,0|0,0|0,0|0,0|0,0|0,0|0,0|0,0|0,0|0,1|0,0|0,0|0,0|0,0|0,95,2,2,0,4,99,"HG01595,HG01596,HG01597,HG01598,HG01599,HG01600,HG01840,HG01841,HG01842,HG01843,HG01844,HG01845,HG01846,HG01847,HG01848,HG01849,HG01850,HG01851,HG01852,HG01855,HG01857,HG01858,HG01859,HG01860,HG01861,HG01862,HG01864,HG01865,HG01866,HG01867,HG01868,HG01869,HG01870,HG01871,HG01872,HG01873,HG01874,HG01878,HG02016,HG02017,HG02019,HG02020,HG02023,HG02025,HG02026,HG02028,HG02029,HG02031,HG02032,HG02035,HG02040,HG02047,HG02048,HG02049,HG02050,HG02057,HG02058,HG02060,HG02061,HG02067,HG02069,HG02070,HG02072,HG02073,HG02075,HG02076,HG02078,HG02079,HG02081,HG02082,HG02084,HG02085,HG02086,HG02087,HG02088,HG02113,HG02116,HG02121,HG02122,HG02127,HG02128,HG02130,HG02131,HG02133,HG02134,HG02136,HG02137,HG02138,HG02139,HG02140,HG02141,HG02512,HG02513,HG02521,HG02522","HG01853,HG01863","HG02064,HG02142",,"HG01853,HG01863,HG02064,HG02142",387,NM_004082.5(DCTN1):c.3490A>G (p.Thr1164Ala),DCTN1,"T1122A, T1164A, T1030A, T1025A, T1139A, T1157A, T1141A, T1147A","Amyotrophic lateral sclerosis type 1|Neuronopathy, distal hereditary motor, type 7B|Perry syndrome|Perry syndrome|Neuronopathy, distal hereditary motor, type 7B",2,74590160,2,74363033,rs72466493,NC_000002.12:74363032:T:C,missense variant|non-coding transcript variant,Benign/Likely benign,6-Jan-25,"criteria provided, multiple submitters, no conflicts",74363033
2,74363079,.,C,T,.,PASS,AC=1;AN=5096;DP=250820;AF=0;EAS_AF=0;EUR_AF=0;AFR_AF=0;AMR_AF=0;SAS_AF=0;EX_TARGET;VT=SNP;NS=2548,GT,0|0,0|0,0|0,0|0,0|0,0|0,0|0,0|0,0|0,0|0,0|0,0|0,0|0,0|0,0|0,0|0,0|0,0|0,0|0,0|0,0|0,0|0,0|0,0|0,0|0,0|0,0|0,0|0,0|0,0|0,0|0,0|0,0|0,0|0,0|0,0|0,0|0,0|0,0|0,0|0,0|0,0|0,0|0,0|0,0|0,0|0,0|0,0|0,0|0,0|0,0|0,0|0,0|0,0|0,0|0,0|0,0|0,0|0,0|0,0|0,0|0,0|0,0|0,0|0,0|0,0|0,0|0,0|0,0|0,0|0,0|0,0|0,0|0,0|0,0|0,0|0,0|0,0|0,0|0,0|0,0|0,0|0,0|0,1|0,0|0,0|0,0|0,0|0,0|0,0|0,0|0,0|0,0|0,0|0,0|0,0|0,0|0,0|0,0|0,98,1,0,0,1,99,"HG01595,HG01596,HG01597,HG01598,HG01599,HG01600,HG01840,HG01841,HG01842,HG01843,HG01844,HG01845,HG01846,HG01847,HG01848,HG01849,HG01850,HG01851,HG01852,HG01853,HG01855,HG01857,HG01858,HG01859,HG01860,HG01861,HG01862,HG01863,HG01864,HG01865,HG01866,HG01867,HG01868,HG01869,HG01870,HG01871,HG01872,HG01873,HG01874,HG01878,HG02016,HG02017,HG02019,HG02020,HG02023,HG02025,HG02026,HG02028,HG02029,HG02031,HG02032,HG02035,HG02040,HG02047,HG02048,HG02049,HG02050,HG02057,HG02058,HG02060,HG02061,HG02064,HG02067,HG02069,HG02070,HG02072,HG02073,HG02075,HG02076,HG02078,HG02079,HG02081,HG02082,HG02084,HG02085,HG02086,HG02087,HG02088,HG02113,HG02116,HG02121,HG02122,HG02127,HG02130,HG02131,HG02133,HG02134,HG02136,HG02137,HG02138,HG02139,HG02140,HG02141,HG02142,HG02512,HG02513,HG02521,HG02522",,HG02128,,HG02128,393,NM_004082.5(DCTN1):c.3444G>A (p.Leu1148=),DCTN1,,"Amyotrophic lateral sclerosis type 1|Perry syndrome|Neuronopathy, distal hereditary motor, type 7B",2,74590206,2,74363079,rs139241420,NC_000002.12:74363078:C:T,synonymous variant|non-coding transcript variant,Likely benign,19-Sep-24,"criteria provided, single submitter",74363079
2,74366293,.,G,A,.,PASS,AC=1;AN=5096;DP=268353;AF=0;EAS_AF=0;EUR_AF=0;AFR_AF=0;AMR_AF=0;SAS_AF=0;EX_TARGET;VT=SNP;NS=2548,GT,0|0,0|0,0|0,0|0,0|0,0|0,0|0,0|0,0|0,0|0,0|0,0|0,0|0,0|0,0|0,0|0,0|0,0|0,0|0,0|0,0|0,0|0,0|0,0|0,0|0,0|0,0|0,0|0,0|0,0|0,0|0,0|0,0|0,0|0,0|0,0|0,0|0,0|0,0|0,0|0,0|0,0|0,0|0,0|0,0|0,0|0,0|0,0|0,0|0,0|0,0|0,0|0,0|0,0|0,0|0,0|0,0|0,0|0,0|0,0|0,0|0,1|0,0|0,0|0,0|0,0|0,0|0,0|0,0|0,0|0,0|0,0|0,0|0,0|0,0|0,0|0,0|0,0|0,0|0,0|0,0|0,0|0,0|0,0|0,0|0,0|0,0|0,0|0,0|0,0|0,0|0,0|0,0|0,0|0,0|0,0|0,0|0,0|0,0|0,98,1,0,0,1,99,"HG01595,HG01596,HG01597,HG01598,HG01599,HG01600,HG01840,HG01841,HG01842,HG01843,HG01844,HG01845,HG01846,HG01847,HG01848,HG01849,HG01850,HG01851,HG01852,HG01853,HG01855,HG01857,HG01858,HG01859,HG01860,HG01861,HG01862,HG01863,HG01864,HG01865,HG01866,HG01867,HG01868,HG01869,HG01870,HG01871,HG01872,HG01873,HG01874,HG01878,HG02016,HG02017,HG02019,HG02020,HG02023,HG02025,HG02026,HG02028,HG02029,HG02031,HG02032,HG02035,HG02040,HG02047,HG02048,HG02049,HG02050,HG02057,HG02058,HG02060,HG02061,HG02067,HG02069,HG02070,HG02072,HG02073,HG02075,HG02076,HG02078,HG02079,HG02081,HG02082,HG02084,HG02085,HG02086,HG02087,HG02088,HG02113,HG02116,HG02121,HG02122,HG02127,HG02128,HG02130,HG02131,HG02133,HG02134,HG02136,HG02137,HG02138,HG02139,HG02140,HG02141,HG02142,HG02512,HG02513,HG02521,HG02522",,HG02064,,HG02064,632,NM_004082.5(DCTN1):c.2711C>T (p.Ala904Val),DCTN1,"A904V, A770V, A881V, A887V, A884V, A867V, A897V","Amyotrophic lateral sclerosis type 1|Neuronopathy, distal hereditary motor, type 7B|Perry syndrome",2,74593420,2,74366293,rs575593539,NC_000002.12:74366292:G:A,missense variant|non-coding transcript variant,Uncertain significance,10-Oct-23,"criteria provided, single submitter",74366293
2,74367861,.,G,A,.,PASS,AC=9;AN=5096;DP=280689;AF=0;EAS_AF=0.01;EUR_AF=0;AFR_AF=0;AMR_AF=0;SAS_AF=0;EX_TARGET;VT=SNP;NS=2548,GT,0|0,0|1,0|0,0|0,0|0,0|0,0|0,0|0,0|0,0|0,0|0,0|0,0|0,0|0,0|0,0|0,0|0,0|0,0|0,0|0,0|0,0|0,0|0,1|0,0|0,0|0,0|0,0|0,0|0,0|0,0|0,0|0,0|0,0|0,0|0,0|0,0|0,0|0,0|0,0|0,0|0,0|0,0|0,0|0,0|0,0|0,0|0,0|0,0|0,0|0,0|0,0|0,0|0,0|0,0|0,0|0,0|0,0|0,0|0,0|0,0|0,0|0,0|0,0|0,0|0,0|0,0|0,0|0,0|0,0|0,0|0,0|0,0|0,0|0,0|0,0|0,0|0,0|0,0|0,0|0,0|0,0|0,0|0,0|0,0|0,0|0,0|0,0|0,0|0,0|0,0|0,0|0,0|0,0|0,0|0,0|0,0|0,0|0,0|0,97,1,1,0,2,99,"HG01595,HG01597,HG01598,HG01599,HG01600,HG01840,HG01841,HG01842,HG01843,HG01844,HG01845,HG01846,HG01847,HG01848,HG01849,HG01850,HG01851,HG01852,HG01853,HG01855,HG01857,HG01858,HG01860,HG01861,HG01862,HG01863,HG01864,HG01865,HG01866,HG01867,HG01868,HG01869,HG01870,HG01871,HG01872,HG01873,HG01874,HG01878,HG02016,HG02017,HG02019,HG02020,HG02023,HG02025,HG02026,HG02028,HG02029,HG02031,HG02032,HG02035,HG02040,HG02047,HG02048,HG02049,HG02050,HG02057,HG02058,HG02060,HG02061,HG02064,HG02067,HG02069,HG02070,HG02072,HG02073,HG02075,HG02076,HG02078,HG02079,HG02081,HG02082,HG02084,HG02085,HG02086,HG02087,HG02088,HG02113,HG02116,HG02121,HG02122,HG02127,HG02128,HG02130,HG02131,HG02133,HG02134,HG02136,HG02137,HG02138,HG02139,HG02140,HG02141,HG02142,HG02512,HG02513,HG02521,HG02522",HG01596,HG01859,,"HG01596,HG01859",858,NM_004082.5(DCTN1):c.2019C>T (p.Ala673=),DCTN1,,"not provided|Amyotrophic lateral sclerosis type 1|Perry syndrome|Neuronopathy, distal hereditary motor, type 7B",2,74594988,2,74367861,rs372482596,NC_000002.12:74367860:G:A,synonymous variant|non-coding transcript variant,Benign/Likely benign,1-Dec-24,"criteria provided, multiple submitters, no conflicts",74367861
2,74378112,.,T,C,.,PASS,AC=3;AN=5096;DP=361213;AF=0;EAS_AF=0;EUR_AF=0;AFR_AF=0;AMR_AF=0;SAS_AF=0;EX_TARGET;VT=SNP;NS=2548,GT,0|0,0|0,0|0,0|0,0|0,0|0,0|0,0|0,0|0,0|0,0|1,0|0,0|0,0|0,0|0,0|0,0|0,0|0,0|0,0|0,0|0,0|0,0|0,0|0,0|0,0|0,0|0,0|0,0|0,0|0,0|0,0|0,0|0,0|0,0|0,0|0,0|0,0|0,0|0,0|0,0|0,0|0,0|0,0|0,0|0,0|0,0|0,0|0,0|0,0|0,0|0,0|0,0|0,0|0,0|0,0|0,0|0,0|0,0|0,0|0,0|0,0|0,0|0,0|0,0|0,0|0,0|0,0|0,0|0,0|0,0|0,0|0,0|0,0|0,0|0,0|0,0|0,0|0,0|0,0|0,0|0,0|0,0|0,0|0,0|0,0|0,0|0,0|0,0|0,0|0,0|0,0|0,0|0,0|0,0|0,0|0,0|0,0|0,0|0,98,0,1,0,1,99,"HG01595,HG01596,HG01597,HG01598,HG01599,HG01600,HG01840,HG01841,HG01842,HG01843,HG01845,HG01846,HG01847,HG01848,HG01849,HG01850,HG01851,HG01852,HG01853,HG01855,HG01857,HG01858,HG01859,HG01860,HG01861,HG01862,HG01863,HG01864,HG01865,HG01866,HG01867,HG01868,HG01869,HG01870,HG01871,HG01872,HG01873,HG01874,HG01878,HG02016,HG02017,HG02019,HG02020,HG02023,HG02025,HG02026,HG02028,HG02029,HG02031,HG02032,HG02035,HG02040,HG02047,HG02048,HG02049,HG02050,HG02057,HG02058,HG02060,HG02061,HG02064,HG02067,HG02069,HG02070,HG02072,HG02073,HG02075,HG02076,HG02078,HG02079,HG02081,HG02082,HG02084,HG02085,HG02086,HG02087,HG02088,HG02113,HG02116,HG02121,HG02122,HG02127,HG02128,HG02130,HG02131,HG02133,HG02134,HG02136,HG02137,HG02138,HG02139,HG02140,HG02141,HG02142,HG02512,HG02513,HG02521,HG02522",HG01844,,,HG01844,1455,NM_004082.5(DCTN1):c.167A>G (p.Lys56Arg),DCTN1,"K39R, K56R","Amyotrophic lateral sclerosis|Amyotrophic lateral sclerosis type 1|Perry syndrome|Neuronopathy, distal hereditary motor, type 7B",2,74605239,2,74378112,rs566433112,NC_000002.12:74378111:T:C,missense variant|non-coding transcript variant,Uncertain significance,18-Apr-23,"criteria provided, multiple submitters, no conflicts",74378112
