#CHROM,POS,ID,REF,ALT,QUAL,FILTER,INFO,FORMAT,HG01595,HG01596,HG01597,HG01598,HG01599,HG01600,HG01840,HG01841,HG01842,HG01843,HG01844,HG01845,HG01846,HG01847,HG01848,HG01849,HG01850,HG01851,HG01852,HG01853,HG01855,HG01857,HG01858,HG01859,HG01860,HG01861,HG01862,HG01863,HG01864,HG01865,HG01866,HG01867,HG01868,HG01869,HG01870,HG01871,HG01872,HG01873,HG01874,HG01878,HG02016,HG02017,HG02019,HG02020,HG02023,HG02025,HG02026,HG02028,HG02029,HG02031,HG02032,HG02035,HG02040,HG02047,HG02048,HG02049,HG02050,HG02057,HG02058,HG02060,HG02061,HG02064,HG02067,HG02069,HG02070,HG02072,HG02073,HG02075,HG02076,HG02078,HG02079,HG02081,HG02082,HG02084,HG02085,HG02086,HG02087,HG02088,HG02113,HG02116,HG02121,HG02122,HG02127,HG02128,HG02130,HG02131,HG02133,HG02134,HG02136,HG02137,HG02138,HG02139,HG02140,HG02141,HG02142,HG02512,HG02513,HG02521,HG02522,c00,c10,c01,c11,c1s,c_sum,INFO:AC,INFO:AN,INFO:DP,INFO:AF,INFO:EAS_AF,INFO:EUR_AF,INFO:AFR_AF,INFO:AMR_AF,INFO:SAS_AF,INFO:EX_TARGET,INFO:VT,INFO:NS
5,179806559,.,G,A,.,PASS,AC=1;AN=5096;DP=48770;AF=0;EAS_AF=0;EUR_AF=0;AFR_AF=0;AMR_AF=0;SAS_AF=0;EX_TARGET;VT=SNP;NS=2548,GT,0|0,0|0,0|0,0|0,0|0,0|0,0|0,0|0,0|0,0|0,0|0,0|0,0|0,0|0,0|0,1|0,0|0,0|0,0|0,0|0,0|0,0|0,0|0,0|0,0|0,0|0,0|0,0|0,0|0,0|0,0|0,0|0,0|0,0|0,0|0,0|0,0|0,0|0,0|0,0|0,0|0,0|0,0|0,0|0,0|0,0|0,0|0,0|0,0|0,0|0,0|0,0|0,0|0,0|0,0|0,0|0,0|0,0|0,0|0,0|0,0|0,0|0,0|0,0|0,0|0,0|0,0|0,0|0,0|0,0|0,0|0,0|0,0|0,0|0,0|0,0|0,0|0,0|0,0|0,0|0,0|0,0|0,0|0,0|0,0|0,0|0,0|0,0|0,0|0,0|0,0|0,0|0,0|0,0|0,0|0,0|0,0|0,0|0,0|0,98,1,0,0,1,99,1,5096,48770,0,0,0,0,0,0,,SNP,2548
5,179806907,.,T,C,.,PASS,AC=9;AN=5096;DP=4184;AF=0;EAS_AF=0;EUR_AF=0;AFR_AF=0;AMR_AF=0;SAS_AF=0;VT=SNP;NS=2548,GT,0|0,0|0,0|0,0|0,0|0,0|0,0|0,0|0,0|0,0|0,0|0,0|0,0|0,0|0,0|0,0|0,0|0,0|0,0|0,0|0,0|0,0|0,0|0,0|0,0|0,0|0,0|0,0|0,0|0,0|0,0|0,0|0,0|0,0|0,0|0,0|0,0|0,0|0,0|0,0|0,0|0,0|0,0|0,1|0,0|0,0|0,0|0,0|0,0|0,0|0,0|0,0|0,0|0,0|0,0|0,0|0,0|0,0|0,0|0,0|0,0|0,0|0,0|0,0|0,0|0,0|0,0|0,0|0,0|0,0|0,0|0,0|0,0|0,0|0,0|0,0|0,0|0,0|0,0|0,0|0,0|0,0|0,0|0,0|0,0|0,0|0,0|0,0|0,0|0,0|0,0|0,0|0,0|0,0|0,0|0,0|0,0|0,0|0,1|0,97,2,0,0,2,99,9,5096,4184,0,0,0,0,0,0,,SNP,2548
5,179806980,.,G,A,.,PASS,AC=1;AN=5096;DP=4474;AF=0;EAS_AF=0;EUR_AF=0;AFR_AF=0;AMR_AF=0;SAS_AF=0;VT=SNP;NS=2548,GT,0|0,0|0,0|0,0|0,0|0,0|0,0|0,0|0,0|0,0|0,0|0,0|0,0|0,0|0,0|0,0|0,0|0,0|0,0|0,0|0,0|0,0|0,0|0,0|0,0|0,0|0,0|0,0|0,0|0,0|0,0|0,0|0,0|0,0|0,0|0,0|0,0|0,1|0,0|0,0|0,0|0,0|0,0|0,0|0,0|0,0|0,0|0,0|0,0|0,0|0,0|0,0|0,0|0,0|0,0|0,0|0,0|0,0|0,0|0,0|0,0|0,0|0,0|0,0|0,0|0,0|0,0|0,0|0,0|0,0|0,0|0,0|0,0|0,0|0,0|0,0|0,0|0,0|0,0|0,0|0,0|0,0|0,0|0,0|0,0|0,0|0,0|0,0|0,0|0,0|0,0|0,0|0,0|0,0|0,0|0,0|0,0|0,0|0,0|0,98,1,0,0,1,99,1,5096,4474,0,0,0,0,0,0,,SNP,2548
5,179807050,.,T,G,.,PASS,AC=5;AN=5096;DP=5434;AF=0;EAS_AF=0;EUR_AF=0;AFR_AF=0;AMR_AF=0;SAS_AF=0;VT=SNP;NS=2548,GT,0|0,0|0,0|0,0|1,0|0,0|0,0|0,0|0,0|0,0|0,0|0,0|0,0|0,0|0,0|0,0|0,0|0,0|0,0|0,0|0,0|0,0|0,0|0,0|0,0|0,0|0,0|0,0|0,0|0,0|0,0|0,0|0,0|0,0|0,0|0,0|0,0|0,0|0,0|0,0|0,0|0,0|0,0|0,0|0,0|0,0|0,0|0,0|0,0|0,0|0,0|0,0|0,0|0,0|0,0|0,0|0,0|0,0|0,0|0,0|0,0|0,0|0,0|0,0|0,0|0,0|0,0|0,0|0,0|0,0|0,0|0,0|0,0|0,0|0,0|0,0|0,0|0,0|0,0|0,0|0,0|0,0|0,0|0,0|0,0|0,0|0,0|0,0|0,0|0,0|0,0|0,0|0,0|0,0|0,0|0,0|0,0|0,0|0,0|0,98,0,1,0,1,99,5,5096,5434,0,0,0,0,0,0,,SNP,2548
5,179807122,.,A,T,.,PASS,AC=462;AN=5096;DP=5859;AF=0.09;EAS_AF=0.17;EUR_AF=0.1;AFR_AF=0.01;AMR_AF=0.14;SAS_AF=0.07;VT=SNP;NS=2548,GT,0|0,0|0,1|0,0|1,0|0,0|0,0|1,1|0,1|0,1|0,0|0,0|0,0|0,0|1,0|0,0|0,0|0,0|0,0|1,0|0,0|0,0|0,0|0,0|0,1|0,0|1,0|0,1|1,0|0,0|0,0|0,0|0,0|0,0|1,0|0,0|0,1|0,0|0,0|0,0|0,1|0,1|0,1|0,1|0,1|0,0|0,0|0,0|0,0|1,0|0,0|1,0|0,1|0,0|0,0|0,0|0,0|0,0|0,0|1,0|0,1|0,0|0,0|0,0|0,1|0,1|0,0|1,0|1,0|0,0|0,0|0,0|0,0|0,0|0,0|0,0|0,0|1,1|0,0|1,0|1,0|0,1|0,0|0,0|0,0|0,0|0,0|0,0|0,0|0,0|0,0|0,0|0,0|0,0|0,0|0,1|0,1|0,0|0,0|0,65,19,14,1,34,99,462,5096,5859,0.09,0.17,0.1,0.01,0.14,0.07,,SNP,2548
5,179807522,.,A,C,.,PASS,AC=4275;AN=5096;DP=11210;AF=0.84;EAS_AF=0.75;EUR_AF=0.86;AFR_AF=0.87;AMR_AF=0.86;SAS_AF=0.85;VT=SNP;NS=2548,GT,1|0,1|1,1|0,1|1,0|1,0|1,0|1,1|1,1|1,1|1,1|1,1|0,0|1,0|1,1|1,0|1,0|1,1|1,1|1,0|1,0|0,1|0,1|1,1|1,1|1,1|1,1|1,1|1,1|1,1|1,1|0,1|1,1|1,0|1,1|1,0|1,1|0,0|1,0|1,1|0,1|1,1|1,1|1,1|1,1|1,1|1,1|0,1|1,0|1,0|0,1|1,1|1,1|1,1|0,1|1,1|1,1|1,0|1,0|1,1|1,1|1,1|1,1|0,1|1,1|1,1|1,1|1,1|1,1|1,1|1,1|0,1|0,1|1,1|1,0|1,1|1,0|1,1|0,1|1,1|1,0|0,1|1,0|1,0|1,1|1,0|1,1|1,1|1,1|1,1|1,1|1,1|1,1|1,0|1,1|1,1|1,1|1,1|1,1|0,3,14,21,61,96,99,4275,5096,11210,0.84,0.75,0.86,0.87,0.86,0.85,,SNP,2548
5,179807687,.,C,G,.,PASS,AC=12;AN=5096;DP=18271;AF=0;EAS_AF=0.01;EUR_AF=0;AFR_AF=0;AMR_AF=0;SAS_AF=0;VT=SNP;NS=2548,GT,0|0,0|0,0|0,0|0,0|0,0|0,0|0,0|0,0|0,0|0,0|0,0|0,0|0,0|0,0|0,0|0,0|0,0|0,0|0,0|0,0|0,0|0,0|0,0|0,0|0,0|0,0|0,0|0,0|0,0|0,0|0,0|0,0|0,0|0,0|0,0|0,0|0,0|0,0|0,0|0,0|1,0|0,0|0,0|0,0|0,0|0,0|0,0|0,0|0,0|0,0|0,0|0,0|0,0|0,0|0,0|0,0|0,0|0,0|0,0|0,0|0,0|0,0|0,0|0,0|0,0|0,0|0,0|0,0|0,0|0,0|0,0|0,0|0,0|0,0|1,0|0,0|0,0|0,0|0,0|0,0|0,0|0,0|0,0|0,0|0,0|0,0|0,0|0,0|0,0|0,0|0,0|0,0|0,0|0,0|0,0|0,0|0,0|0,0|0,97,0,2,0,2,99,12,5096,18271,0,0.01,0,0,0,0,,SNP,2548
5,179808864,.,A,AT,.,PASS,AC=3705;AN=5096;DP=12063;AF=0.73;EAS_AF=0.75;EUR_AF=0.85;AFR_AF=0.48;AMR_AF=0.81;SAS_AF=0.84;VT=INDEL;NS=2548,GT,1|0,1|1,1|0,1|1,0|1,0|1,0|1,1|1,1|1,1|1,1|1,1|0,0|1,0|1,1|1,0|1,0|1,1|1,1|1,0|1,0|0,1|0,1|1,1|1,1|1,1|1,1|1,1|1,1|1,1|1,1|0,1|1,1|1,0|1,1|1,0|1,1|0,0|1,0|1,1|0,1|1,1|1,1|1,1|1,1|1,1|1,1|0,1|1,0|1,0|0,1|1,1|1,1|1,1|0,1|1,1|1,1|1,0|1,0|1,1|1,1|1,1|1,1|0,1|1,1|1,1|1,1|1,1|1,1|1,1|1,1|0,1|0,1|1,1|1,0|1,1|1,0|1,1|0,1|1,1|1,0|0,1|1,0|1,0|1,1|1,0|1,1|1,1|1,1|1,1|1,1|1,1|1,1|1,0|1,1|1,1|1,1|1,1|1,1|0,3,14,21,61,96,99,3705,5096,12063,0.73,0.75,0.85,0.48,0.81,0.84,,INDEL,2548
5,179808983,.,G,A,.,PASS,AC=1;AN=5096;DP=10795;AF=0;EAS_AF=0;EUR_AF=0;AFR_AF=0;AMR_AF=0;SAS_AF=0;VT=SNP;NS=2548,GT,0|0,0|0,0|0,0|0,0|0,0|0,0|0,0|0,0|0,0|0,0|0,0|0,0|0,0|0,0|0,0|0,0|0,0|0,0|0,0|0,0|0,0|0,0|0,0|0,0|0,0|0,0|0,0|0,0|0,0|0,0|0,0|0,0|0,0|0,0|0,0|0,0|0,0|0,0|0,0|0,0|0,0|1,0|0,0|0,0|0,0|0,0|0,0|0,0|0,0|0,0|0,0|0,0|0,0|0,0|0,0|0,0|0,0|0,0|0,0|0,0|0,0|0,0|0,0|0,0|0,0|0,0|0,0|0,0|0,0|0,0|0,0|0,0|0,0|0,0|0,0|0,0|0,0|0,0|0,0|0,0|0,0|0,0|0,0|0,0|0,0|0,0|0,0|0,0|0,0|0,0|0,0|0,0|0,0|0,0|0,0|0,0|0,0|0,0|0,98,0,1,0,1,99,1,5096,10795,0,0,0,0,0,0,,SNP,2548
5,179809092,.,C,T,.,PASS,AC=3;AN=5096;DP=11691;AF=0;EAS_AF=0;EUR_AF=0;AFR_AF=0;AMR_AF=0;SAS_AF=0;VT=SNP;NS=2548,GT,0|0,0|0,0|0,0|0,0|0,0|0,0|0,0|0,0|0,0|0,0|0,0|0,0|0,0|0,0|0,0|0,0|0,0|0,0|0,0|0,0|0,0|0,0|0,0|0,0|0,0|0,0|0,0|0,0|0,0|0,0|0,0|0,0|0,1|0,0|0,0|0,0|0,0|0,0|0,0|0,0|0,0|0,0|0,0|0,0|0,0|0,0|0,0|0,0|0,0|0,0|0,0|0,0|0,0|0,0|0,0|0,0|0,0|0,0|0,0|0,0|0,0|0,0|0,0|0,0|0,0|0,0|0,0|0,0|0,0|0,0|0,0|0,0|0,0|0,0|0,0|0,0|0,0|0,0|0,0|0,0|0,0|0,0|0,0|0,0|0,0|0,0|0,0|0,0|0,0|0,0|0,0|0,0|0,0|0,0|0,0|0,0|0,0|0,0|0,98,1,0,0,1,99,3,5096,11691,0,0,0,0,0,0,,SNP,2548
5,179809717,.,C,T,.,PASS,AC=205;AN=5096;DP=13414;AF=0.04;EAS_AF=0.13;EUR_AF=0.02;AFR_AF=0.01;AMR_AF=0.02;SAS_AF=0.03;VT=SNP;NS=2548,GT,0|1,0|0,0|0,0|0,1|0,1|0,1|0,0|0,0|0,0|0,0|0,0|0,1|0,0|0,0|0,1|0,1|0,0|0,0|0,0|0,0|0,0|1,0|0,0|0,0|0,0|0,0|0,0|0,0|0,0|0,0|1,0|0,0|0,0|0,0|0,1|0,0|0,1|0,1|0,0|0,0|0,0|0,0|0,0|0,0|0,0|0,0|1,0|0,1|0,0|1,0|0,0|0,0|0,0|1,0|0,0|0,0|0,0|0,1|0,0|0,0|0,0|0,0|0,0|0,0|0,0|0,0|0,0|0,0|0,0|0,0|0,0|1,0|0,0|0,1|0,0|0,0|0,0|0,0|0,0|0,0|0,0|0,0|0,1|0,0|0,1|0,0|0,0|0,0|0,0|0,0|0,0|0,0|0,0|0,0|0,0|0,0|0,0|0,0|0,78,14,7,0,21,99,205,5096,13414,0.04,0.13,0.02,0.01,0.02,0.03,,SNP,2548
5,179809990,.,T,G,.,PASS,AC=4169;AN=5096;DP=11931;AF=0.82;EAS_AF=0.75;EUR_AF=0.86;AFR_AF=0.8;AMR_AF=0.85;SAS_AF=0.85;VT=SNP;NS=2548,GT,1|0,1|1,1|0,1|1,0|1,0|1,0|1,1|1,1|1,1|1,1|1,1|0,0|1,0|1,1|1,0|1,0|1,1|1,1|1,0|1,0|0,1|0,1|1,1|1,1|1,1|1,1|1,1|1,1|1,1|1,1|0,1|1,1|1,0|1,1|1,0|1,1|0,0|1,0|1,1|0,1|1,1|1,1|1,1|1,1|1,1|1,1|0,1|1,0|1,0|0,1|1,1|1,1|1,1|0,1|1,1|1,1|1,0|1,0|1,1|1,1|1,1|1,1|0,1|1,1|1,1|1,1|1,1|1,1|1,1|1,1|0,1|0,1|1,1|1,0|1,1|1,0|1,1|0,1|1,1|1,0|0,1|1,0|1,0|1,1|1,0|1,1|1,1|1,1|1,1|1,1|1,1|1,1|1,0|1,1|1,1|1,1|1,1|1,1|0,3,14,21,61,96,99,4169,5096,11931,0.82,0.75,0.86,0.8,0.85,0.85,,SNP,2548
5,179810896,.,G,A,.,PASS,AC=3333;AN=5096;DP=20413;AF=0.65;EAS_AF=0.72;EUR_AF=0.83;AFR_AF=0.28;AMR_AF=0.78;SAS_AF=0.83;VT=SNP;NS=2548,GT,1|0,1|1,1|0,1|1,0|1,0|1,0|1,1|1,1|1,1|1,1|1,1|0,0|1,0|1,1|1,0|0,0|1,1|1,1|1,0|1,0|0,1|0,1|1,1|1,1|1,1|0,1|1,1|1,1|1,1|1,1|0,1|1,1|1,0|1,1|1,0|0,1|0,0|1,0|1,1|0,1|1,1|1,1|1,1|1,0|1,1|1,1|0,1|1,0|0,0|0,1|1,1|1,1|0,1|0,1|1,1|0,1|1,0|1,0|1,1|1,0|1,1|1,1|0,1|1,1|1,0|1,1|1,1|1,1|1,1|1,1|0,1|0,1|1,1|1,0|1,1|1,0|1,1|0,1|0,1|1,0|0,1|1,0|1,0|1,1|1,0|1,1|1,1|1,1|1,1|1,1|1,1|1,1|1,0|1,1|1,1|1,1|1,1|1,1|0,6,18,21,54,93,99,3333,5096,20413,0.65,0.72,0.83,0.28,0.78,0.83,,SNP,2548
5,179810968,.,G,T,.,PASS,AC=875;AN=5096;DP=18189;AF=0.17;EAS_AF=0.09;EUR_AF=0.32;AFR_AF=0.02;AMR_AF=0.19;SAS_AF=0.29;VT=SNP;NS=2548,GT,0|0,0|1,0|0,1|0,0|0,0|0,0|0,0|0,0|0,0|0,0|0,0|0,0|1,0|0,0|0,0|0,0|0,0|0,1|0,0|0,0|0,1|0,0|0,0|0,0|0,0|0,0|1,0|0,0|0,0|0,0|0,0|0,0|0,0|0,1|0,0|0,0|0,0|0,0|0,0|0,0|0,0|0,0|0,0|1,0|0,0|0,0|0,0|0,0|0,0|0,0|0,0|0,0|0,0|0,0|0,0|0,0|0,0|0,0|0,0|0,0|0,0|0,0|0,1|0,0|0,0|0,0|0,1|0,0|0,0|0,1|0,0|0,0|1,0|0,0|0,0|0,0|0,0|0,0|0,0|0,0|0,0|0,0|1,0|1,0|0,0|1,0|0,0|0,1|0,0|0,1|0,1|0,0|0,0|0,0|0,0|1,0|1,0|0,0|0,79,10,10,0,20,99,875,5096,18189,0.17,0.09,0.32,0.02,0.19,0.29,,SNP,2548
5,179811125,.,C,G,.,PASS,AC=11;AN=5096;DP=15263;AF=0;EAS_AF=0.01;EUR_AF=0;AFR_AF=0;AMR_AF=0;SAS_AF=0;VT=SNP;NS=2548,GT,0|0,0|0,0|0,0|0,0|0,0|0,0|0,0|0,0|0,0|0,0|0,0|0,0|0,0|0,0|0,0|0,0|0,0|0,0|0,0|0,0|0,0|0,0|0,0|0,0|0,0|0,0|0,0|0,0|0,0|0,0|0,0|0,0|0,0|0,0|0,0|0,0|0,0|0,0|0,0|0,0|1,0|0,0|0,0|0,0|0,0|0,0|0,0|0,0|0,0|0,0|0,0|0,0|0,0|0,0|0,0|0,0|0,0|0,0|0,0|0,0|0,0|0,0|0,0|0,0|0,0|0,0|0,0|0,0|0,0|0,0|0,0|0,0|0,0|0,0|1,0|0,0|0,0|0,0|0,0|0,0|0,0|0,0|0,0|0,0|0,0|0,0|0,0|0,0|0,0|0,0|0,0|0,0|0,0|0,0|0,0|0,0|0,0|0,0|0,97,0,2,0,2,99,11,5096,15263,0,0.01,0,0,0,0,,SNP,2548
5,179811228,.,G,A,.,PASS,AC=843;AN=5096;DP=13844;AF=0.17;EAS_AF=0.15;EUR_AF=0.31;AFR_AF=0.02;AMR_AF=0.21;SAS_AF=0.18;VT=SNP;NS=2548,GT,0|0,0|0,0|0,0|0,0|1,0|0,0|0,0|1,0|1,0|0,1|0,0|0,0|0,0|0,0|1,0|0,0|1,0|1,0|0,0|0,0|0,0|0,1|0,0|1,0|1,0|0,1|0,0|0,0|1,1|1,0|0,0|0,0|0,0|0,0|1,0|0,0|0,0|0,0|0,0|0,0|1,0|1,0|0,0|0,0|0,0|0,0|0,0|0,0|0,0|0,0|0,1|1,0|0,1|0,0|1,0|0,0|1,0|0,0|0,1|0,0|0,1|0,1|0,0|1,0|0,0|1,0|0,0|0,0|0,0|1,0|0,0|0,1|0,0|0,0|1,0|0,0|0,0|0,1|0,0|0,0|0,0|0,0|0,0|0,1|0,0|0,1|0,0|1,0|1,0|0,0|1,0|0,1|0,0|0,1|0,0|0,0|0,0|0,1|0,62,14,21,2,37,99,843,5096,13844,0.17,0.15,0.31,0.02,0.21,0.18,,SNP,2548
5,179811241,.,A,G,.,PASS,AC=40;AN=5096;DP=14338;AF=0.01;EAS_AF=0;EUR_AF=0.01;AFR_AF=0;AMR_AF=0.01;SAS_AF=0.02;VT=SNP;NS=2548,GT,0|0,0|0,0|0,0|0,0|0,0|0,0|0,0|0,0|0,0|0,0|0,0|0,0|0,0|0,0|0,0|1,0|0,0|0,0|0,0|0,0|0,0|0,0|0,0|0,0|0,0|0,0|0,0|0,0|0,0|0,0|0,0|0,0|0,0|0,0|0,0|1,0|0,0|0,0|0,0|0,0|0,0|0,0|0,0|0,0|0,0|0,0|0,0|0,0|0,0|0,0|0,0|0,0|1,0|0,0|0,0|1,0|0,0|0,0|0,0|0,0|0,0|0,0|0,0|0,0|0,0|0,0|0,0|0,0|0,0|0,0|0,0|0,0|0,0|0,0|0,0|0,0|0,0|0,0|0,0|0,0|0,0|0,0|0,0|0,0|0,0|0,0|0,0|0,0|0,0|0,0|0,0|0,0|0,0|0,0|0,0|0,0|0,0|0,0|0,95,0,4,0,4,99,40,5096,14338,0.01,0,0.01,0,0.01,0.02,,SNP,2548
5,179811251,.,A,G,.,PASS,AC=847;AN=5096;DP=14422;AF=0.17;EAS_AF=0.15;EUR_AF=0.31;AFR_AF=0.02;AMR_AF=0.22;SAS_AF=0.18;VT=SNP;NS=2548,GT,0|0,0|0,0|0,0|0,0|1,0|0,0|0,0|1,0|1,0|0,1|0,0|0,0|0,0|0,0|1,0|0,0|1,0|1,0|0,0|0,0|0,0|0,1|0,0|1,0|1,0|0,1|0,0|0,0|1,1|1,0|0,0|0,0|0,0|0,0|1,0|0,0|0,0|0,0|0,0|0,0|1,0|1,0|0,0|0,0|0,0|0,0|0,0|0,0|0,0|0,0|0,1|1,0|0,1|0,0|1,0|0,0|1,0|0,0|0,1|0,0|0,1|0,1|0,0|1,0|0,0|1,0|0,0|0,0|0,0|1,0|0,0|0,1|0,0|0,0|1,0|0,0|0,0|0,1|0,0|0,0|0,0|0,0|0,0|0,1|0,0|0,1|0,0|1,0|1,0|0,0|1,0|0,1|0,0|0,1|0,0|0,0|0,0|0,1|0,62,14,21,2,37,99,847,5096,14422,0.17,0.15,0.31,0.02,0.22,0.18,,SNP,2548
5,179811261,.,C,T,.,PASS,AC=73;AN=5096;DP=14372;AF=0.01;EAS_AF=0;EUR_AF=0.02;AFR_AF=0.02;AMR_AF=0.01;SAS_AF=0.02;VT=SNP;NS=2548,GT,0|0,0|0,0|0,0|0,0|0,0|0,0|0,0|0,0|0,0|0,0|0,0|0,0|0,0|0,0|0,0|1,0|0,0|0,0|0,0|0,0|0,0|0,0|0,0|0,0|0,0|0,0|0,0|0,0|0,0|0,0|0,0|0,0|0,0|0,0|0,0|1,0|0,0|0,0|0,0|0,0|0,0|0,0|0,0|0,0|0,0|0,0|0,0|0,0|0,0|0,0|0,0|0,0|1,0|0,0|0,0|1,0|0,0|0,0|0,0|0,0|0,0|0,0|0,0|0,0|0,0|0,0|0,0|0,0|0,0|0,0|0,0|0,0|0,0|0,0|0,0|0,0|0,0|0,0|0,0|0,0|0,0|0,0|0,0|0,0|0,0|0,0|0,0|0,0|0,0|0,0|0,0|0,0|0,0|0,0|0,0|0,0|0,0|0,0|0,95,0,4,0,4,99,73,5096,14372,0.01,0,0.02,0.02,0.01,0.02,,SNP,2548
5,179811415,.,AG,A,.,PASS,AC=26;AN=5096;DP=10705;AF=0.01;EAS_AF=0.01;EUR_AF=0;AFR_AF=0.01;AMR_AF=0;SAS_AF=0;VT=INDEL;NS=2548,GT,0|0,0|0,0|0,0|0,0|0,0|0,0|0,0|0,0|0,0|0,0|0,0|0,0|0,0|0,0|0,0|0,0|0,0|0,0|0,0|0,0|0,0|0,0|0,0|0,0|0,0|0,0|0,0|0,0|0,0|0,0|0,0|0,0|0,0|0,0|0,0|0,0|0,0|0,0|0,0|0,0|0,0|0,0|0,0|0,0|0,0|0,0|0,0|0,0|0,0|0,0|0,0|0,0|0,0|0,0|0,0|0,0|0,0|0,0|0,0|0,0|0,0|0,0|0,0|0,0|1,0|0,0|0,0|0,0|0,0|0,0|0,0|0,0|0,0|0,0|0,0|0,0|0,0|0,0|0,0|0,0|0,0|0,0|0,0|0,0|0,0|0,0|0,0|0,0|0,0|1,0|0,0|0,0|0,0|0,0|0,0|0,0|0,0|0,0|0,97,0,2,0,2,99,26,5096,10705,0.01,0.01,0,0.01,0,0,,INDEL,2548
5,179811794,.,G,A,.,PASS,AC=4364;AN=5096;DP=18084;AF=0.86;EAS_AF=0.74;EUR_AF=0.87;AFR_AF=0.94;AMR_AF=0.88;SAS_AF=0.83;VT=SNP;NS=2548,GT,1|0,1|1,1|0,1|1,0|1,0|1,0|1,1|1,1|1,1|1,1|1,1|0,0|1,0|1,1|1,0|0,0|1,1|1,1|1,0|1,0|0,1|0,1|1,1|1,1|1,1|1,1|1,1|1,1|1,1|1,1|0,1|1,1|1,0|1,1|1,0|1,1|0,0|1,0|1,1|0,1|1,1|1,1|1,1|1,1|1,1|1,1|0,1|1,0|1,0|0,1|1,1|1,1|1,1|0,1|1,1|1,1|1,0|1,0|1,1|1,1|1,1|1,1|0,1|1,1|1,1|1,1|1,1|1,1|1,1|1,1|0,1|0,1|1,1|1,0|1,1|1,0|1,1|0,1|1,1|1,0|0,1|1,0|1,0|1,1|1,0|1,1|1,1|1,1|1,1|1,1|1,1|1,1|1,0|1,1|1,1|1,1|1,1|1,1|0,4,14,20,61,95,99,4364,5096,18084,0.86,0.74,0.87,0.94,0.88,0.83,,SNP,2548
5,179811954,.,G,A,.,PASS,AC=1015;AN=5096;DP=16235;AF=0.2;EAS_AF=0.15;EUR_AF=0.34;AFR_AF=0.09;AMR_AF=0.23;SAS_AF=0.22;VT=SNP;NS=2548,GT,0|0,0|0,0|0,0|0,0|1,0|0,0|0,0|1,0|1,0|0,1|0,0|0,0|0,0|0,0|1,0|1,0|1,0|1,0|0,0|0,0|0,0|0,1|0,0|1,0|1,0|0,0|0,0|0,0|1,1|1,0|0,0|0,0|0,0|0,0|1,0|0,0|0,0|0,0|0,0|0,0|1,0|1,0|0,0|0,0|0,0|0,0|0,0|0,0|0,0|0,0|0,1|1,0|0,1|0,0|1,0|0,0|1,0|0,0|0,1|0,0|0,1|0,1|0,0|1,0|0,0|1,0|0,0|0,0|0,0|1,0|0,0|0,1|0,0|0,0|1,0|0,0|0,0|0,1|0,0|0,0|0,0|0,0|0,0|0,1|0,0|0,1|0,0|1,0|1,0|0,0|1,0|0,1|0,0|0,1|0,0|0,0|0,0|0,1|0,62,13,22,2,37,99,1015,5096,16235,0.2,0.15,0.34,0.09,0.23,0.22,,SNP,2548
5,179812037,.,T,C,.,PASS,AC=3349;AN=5096;DP=14525;AF=0.66;EAS_AF=0.57;EUR_AF=0.72;AFR_AF=0.59;AMR_AF=0.67;SAS_AF=0.77;VT=SNP;NS=2548,GT,1|0,1|1,0|0,1|0,0|1,0|1,0|0,0|1,0|1,0|1,1|1,1|0,0|1,0|0,1|1,0|1,0|1,1|1,1|0,0|1,0|0,1|0,1|1,1|1,0|1,1|0,0|1,0|0,1|1,1|1,1|0,1|1,1|1,0|0,1|1,0|1,0|0,0|1,0|1,1|0,0|1,0|1,0|1,0|1,0|1,1|1,1|0,1|1,0|0,0|0,1|0,1|1,0|1,1|0,1|1,1|1,1|1,0|1,0|0,1|1,0|1,1|1,1|0,1|1,0|1,0|1,1|0,1|0,1|1,1|1,1|0,1|0,1|1,1|1,0|1,1|1,0|0,0|0,1|0,1|0,0|0,0|1,0|1,0|1,1|1,0|1,1|1,1|1,1|1,1|1,1|1,1|1,1|1,0|1,1|1,0|1,0|1,1|1,1|0,13,19,32,35,86,99,3349,5096,14525,0.66,0.57,0.72,0.59,0.67,0.77,,SNP,2548
5,179812055,.,C,T,.,PASS,AC=3176;AN=5096;DP=17251;AF=0.62;EAS_AF=0.55;EUR_AF=0.72;AFR_AF=0.49;AMR_AF=0.66;SAS_AF=0.76;VT=SNP;NS=2548,GT,1|0,1|1,0|0,0|0,0|1,0|1,0|0,0|1,0|1,0|1,1|1,1|0,0|0,0|0,1|1,0|1,0|1,1|1,1|0,0|1,0|0,1|0,1|1,1|1,0|1,1|0,0|0,0|0,1|1,0|1,1|0,1|1,1|1,0|0,1|1,0|1,0|0,0|1,0|1,1|0,0|1,0|1,0|1,0|1,0|1,1|1,1|0,1|1,0|0,0|0,1|0,1|1,0|1,1|0,1|1,1|1,1|1,0|1,0|0,1|1,0|1,1|1,1|0,0|1,0|1,0|1,1|0,0|0,1|1,1|1,0|0,1|0,1|1,1|1,0|1,1|1,0|0,0|0,1|0,1|0,0|0,0|1,0|1,0|1,1|1,0|1,1|1,1|1,1|1,1|1,1|1,1|1,1|1,0|1,1|1,0|0,0|0,1|1,1|0,20,16,30,33,79,99,3176,5096,17251,0.62,0.55,0.72,0.49,0.66,0.76,,SNP,2548
5,179812985,.,TCC,T,.,PASS,AC=3499;AN=5096;DP=17626;AF=0.69;EAS_AF=0.59;EUR_AF=0.77;AFR_AF=0.61;AMR_AF=0.72;SAS_AF=0.78;VT=INDEL;NS=2548,GT,1|0,1|1,0|1,1|0,0|1,0|1,0|0,0|1,0|1,0|1,1|1,1|0,0|1,0|0,1|1,0|1,0|1,1|1,1|0,0|1,0|0,1|0,1|1,1|1,0|1,1|0,1|1,0|0,1|1,1|1,1|0,1|1,1|1,0|0,1|1,0|1,0|0,0|1,0|1,1|0,0|1,0|1,0|1,0|1,0|1,1|1,1|0,1|1,0|0,0|0,1|0,1|1,0|1,1|0,1|1,1|1,1|1,0|1,0|0,1|1,0|1,1|1,1|1,1|1,0|1,0|1,1|0,1|0,1|1,1|1,1|0,1|0,1|1,1|1,0|1,1|1,0|0,0|0,1|0,1|0,0|0,0|1,0|1,0|1,1|1,0|1,1|1,1|1,1|1,1|1,1|1,1|1,1|1,0|1,1|1,0|1,0|1,1|1,1|0,12,18,32,37,87,99,3499,5096,17626,0.69,0.59,0.77,0.61,0.72,0.78,,INDEL,2548
5,179812997,.,C,A,.,PASS,AC=611;AN=5096;DP=18055;AF=0.12;EAS_AF=0.08;EUR_AF=0.08;AFR_AF=0.24;AMR_AF=0.1;SAS_AF=0.05;VT=SNP;NS=2548,GT,0|0,0|0,0|1,0|0,0|0,0|1,0|0,0|0,0|0,0|0,0|0,0|0,0|0,0|0,0|0,0|0,0|0,0|0,0|0,0|0,0|0,0|0,1|0,0|0,0|1,0|0,0|0,0|0,0|0,0|0,0|0,0|0,0|0,0|0,0|0,0|0,0|0,0|0,0|0,0|0,0|0,0|0,0|1,0|0,0|0,0|0,1|0,0|0,0|0,0|0,0|0,0|0,1|0,0|0,0|0,0|0,0|0,0|0,0|0,0|0,0|0,0|0,0|1,1|0,0|0,0|0,0|0,0|0,1|0,0|0,0|0,0|0,0|0,0|0,0|0,1|0,0|0,0|0,0|0,0|0,0|0,0|0,0|0,0|0,0|1,0|0,0|0,0|0,0|0,0|0,0|0,0|0,0|0,0|0,0|1,0|1,0|0,0|1,1|0,83,7,9,0,16,99,611,5096,18055,0.12,0.08,0.08,0.24,0.1,0.05,,SNP,2548
5,179813164,.,A,G,.,PASS,AC=1;AN=5096;DP=20061;AF=0;EAS_AF=0;EUR_AF=0;AFR_AF=0;AMR_AF=0;SAS_AF=0;VT=SNP;NS=2548,GT,0|0,0|0,0|0,0|0,0|0,0|0,0|0,0|0,0|0,0|0,0|0,0|0,0|0,0|0,0|0,0|0,0|0,0|0,0|0,0|0,0|0,0|0,0|0,0|0,0|0,0|0,0|0,0|0,0|0,0|0,0|0,0|0,0|0,0|0,0|0,0|0,0|1,0|0,0|0,0|0,0|0,0|0,0|0,0|0,0|0,0|0,0|0,0|0,0|0,0|0,0|0,0|0,0|0,0|0,0|0,0|0,0|0,0|0,0|0,0|0,0|0,0|0,0|0,0|0,0|0,0|0,0|0,0|0,0|0,0|0,0|0,0|0,0|0,0|0,0|0,0|0,0|0,0|0,0|0,0|0,0|0,0|0,0|0,0|0,0|0,0|0,0|0,0|0,0|0,0|0,0|0,0|0,0|0,0|0,0|0,0|0,0|0,0|0,0|0,98,0,1,0,1,99,1,5096,20061,0,0,0,0,0,0,,SNP,2548
5,179813499,.,A,G,.,PASS,AC=785;AN=5096;DP=22039;AF=0.15;EAS_AF=0.17;EUR_AF=0.12;AFR_AF=0.21;AMR_AF=0.17;SAS_AF=0.09;VT=SNP;NS=2548,GT,0|0,0|0,1|0,0|1,0|0,0|0,0|1,1|0,1|0,1|0,0|0,0|0,0|0,0|1,0|0,0|1,0|0,0|0,0|1,0|0,0|0,0|0,0|0,0|0,1|0,0|1,0|0,1|1,0|0,0|0,0|0,0|0,0|0,0|1,0|0,0|0,1|0,0|0,0|0,0|0,1|0,1|0,1|0,1|0,1|0,0|0,0|0,0|0,0|1,0|0,0|1,0|0,1|0,0|0,0|0,0|0,0|0,0|0,0|1,0|0,1|0,0|0,0|0,0|0,1|0,1|0,0|1,0|1,0|0,0|0,0|0,0|0,0|0,0|0,0|0,0|0,0|1,1|0,0|1,0|1,0|0,1|0,0|0,0|0,0|0,0|0,0|0,0|0,0|0,0|0,0|0,0|0,0|0,0|0,0|0,1|0,1|0,0|0,0|0,64,19,15,1,35,99,785,5096,22039,0.15,0.17,0.12,0.21,0.17,0.09,,SNP,2548
5,179813598,.,T,TA,.,PASS,AC=548;AN=5096;DP=19957;AF=0.11;EAS_AF=0.17;EUR_AF=0.1;AFR_AF=0.07;AMR_AF=0.14;SAS_AF=0.07;VT=INDEL;NS=2548,GT,0|0,0|0,1|0,0|1,0|0,0|0,0|1,1|0,1|0,1|0,0|0,0|0,0|0,0|1,0|0,0|0,0|0,0|0,0|1,0|0,0|0,0|0,0|0,0|0,1|0,0|1,0|0,1|1,0|0,0|0,0|0,0|0,0|0,0|1,0|0,0|0,1|0,0|0,0|0,0|0,1|0,1|0,1|0,1|0,1|0,0|0,0|0,0|0,0|1,0|0,0|1,0|0,1|0,0|0,0|0,0|0,0|0,0|0,0|1,0|0,1|0,0|0,0|0,0|0,1|0,1|0,0|1,0|1,0|0,0|0,0|0,0|0,0|0,0|0,0|0,0|0,0|1,1|0,0|1,0|1,0|0,1|0,0|0,0|0,0|0,0|0,0|0,0|0,0|0,0|0,0|0,0|0,0|0,0|0,0|0,1|0,1|0,0|0,0|0,65,19,14,1,34,99,548,5096,19957,0.11,0.17,0.1,0.07,0.14,0.07,,INDEL,2548
5,179813655,.,G,C,.,PASS,AC=1741;AN=5096;DP=19920;AF=0.34;EAS_AF=0.43;EUR_AF=0.39;AFR_AF=0.03;AMR_AF=0.41;SAS_AF=0.57;VT=SNP;NS=2548,GT,1|0,1|1,0|0,1|0,0|0,0|1,0|0,0|0,0|0,0|1,0|1,1|0,0|1,0|0,1|0,0|0,0|0,1|0,1|0,0|1,0|0,1|0,0|1,1|0,0|0,1|0,0|1,0|0,1|0,0|0,1|0,1|1,1|1,0|0,1|0,0|1,0|0,0|1,0|1,1|0,0|0,0|1,0|1,0|1,0|1,1|1,1|0,1|1,0|0,0|0,1|0,0|0,0|1,0|0,1|0,1|1,1|0,0|1,0|0,0|1,0|1,0|1,0|0,1|0,0|1,0|0,1|0,1|0,1|1,1|0,1|0,1|0,0|1,1|1,0|0,1|1,0|0,0|0,0|0,1|0,0|0,0|1,0|1,0|1,0|1,0|1,0|1,1|0,1|0,1|1,1|0,1|1,0|1,0|1,0|1,0|1,0|1,1|1,0|0,28,27,32,12,71,99,1741,5096,19920,0.34,0.43,0.39,0.03,0.41,0.57,,SNP,2548
5,179813712,.,G,A,.,PASS,AC=543;AN=5096;DP=19738;AF=0.11;EAS_AF=0.17;EUR_AF=0.1;AFR_AF=0.07;AMR_AF=0.14;SAS_AF=0.07;VT=SNP;NS=2548,GT,0|0,0|0,1|0,0|1,0|0,0|0,0|1,1|0,1|0,1|0,0|0,0|0,0|0,0|1,0|0,0|0,0|0,0|0,0|1,0|0,0|0,0|0,0|0,0|0,1|0,0|1,0|0,1|1,0|0,0|0,0|0,0|0,0|0,0|1,0|0,0|0,1|0,0|0,0|0,0|0,1|0,1|0,1|0,1|0,1|0,0|0,0|0,0|0,0|1,0|0,0|1,0|0,1|0,0|0,0|0,0|0,0|0,0|0,0|1,0|0,1|0,0|0,0|0,0|0,1|0,1|0,0|1,0|1,0|0,0|0,0|0,0|0,0|0,0|0,0|0,0|0,0|1,1|0,0|1,0|1,0|0,1|0,0|0,0|0,0|0,0|0,0|0,0|0,0|0,0|0,0|0,0|0,0|0,0|0,0|0,1|0,1|0,0|0,0|0,65,19,14,1,34,99,543,5096,19738,0.11,0.17,0.1,0.07,0.14,0.07,,SNP,2548
5,179813754,.,C,CAAAAT,.,PASS,AC=3141;AN=5096;DP=17226;AF=0.62;EAS_AF=0.58;EUR_AF=0.75;AFR_AF=0.4;AMR_AF=0.67;SAS_AF=0.77;VT=INDEL;NS=2548,GT,1|0,1|1,0|0,1|0,0|1,0|1,0|0,0|1,0|1,0|1,1|1,1|0,0|1,0|0,1|1,0|1,0|1,1|1,1|0,0|1,0|0,1|0,1|1,1|1,0|1,1|0,1|1,0|0,1|1,1|1,1|0,1|1,1|1,0|0,1|1,0|1,0|0,0|1,0|1,1|0,0|1,0|1,0|1,0|1,0|1,1|1,1|0,1|1,0|0,0|0,1|0,1|1,0|1,1|0,1|1,1|1,1|1,0|1,0|0,1|1,0|1,1|1,1|0,1|1,0|1,0|1,1|0,1|0,1|1,1|1,1|0,1|0,1|1,1|1,0|1,1|1,0|0,0|0,1|0,1|0,0|0,0|1,0|1,0|1,1|1,0|1,1|1,1|1,1|1,1|1,1|1,1|1,1|1,0|1,1|1,0|1,0|1,1|1,1|0,13,19,31,36,86,99,3141,5096,17226,0.62,0.58,0.75,0.4,0.67,0.77,,INDEL,2548
5,179813910,.,A,C,.,PASS,AC=3772;AN=5096;DP=20254;AF=0.74;EAS_AF=0.75;EUR_AF=0.86;AFR_AF=0.52;AMR_AF=0.83;SAS_AF=0.85;VT=SNP;NS=2548,GT,1|0,1|1,1|0,1|1,0|1,0|1,0|1,1|1,1|1,1|1,1|1,1|0,0|1,0|1,1|1,0|1,0|1,1|1,1|1,0|1,0|0,1|0,1|1,1|1,1|1,1|1,1|1,1|1,1|1,1|1,1|0,1|1,1|1,0|1,1|1,0|1,1|0,0|1,0|1,1|0,1|1,1|1,1|1,1|1,1|1,1|1,1|0,1|1,0|1,0|0,1|1,1|1,1|1,1|0,1|1,1|1,1|1,0|1,0|1,1|1,1|1,1|1,1|0,1|1,1|1,1|1,1|1,1|1,1|1,1|1,1|0,1|0,1|1,1|1,0|1,1|1,0|1,1|0,1|1,1|1,0|0,1|1,0|1,0|1,1|1,0|1,1|1,1|1,1|1,1|1,1|1,1|1,1|1,0|1,1|1,1|1,1|1,1|1,1|0,3,14,21,61,96,99,3772,5096,20254,0.74,0.75,0.86,0.52,0.83,0.85,,SNP,2548
5,179814108,.,C,G,.,PASS,AC=1;AN=5096;DP=21672;AF=0;EAS_AF=0;EUR_AF=0;AFR_AF=0;AMR_AF=0;SAS_AF=0;VT=SNP;NS=2548,GT,0|0,0|0,0|0,0|0,0|0,0|0,0|0,0|0,0|0,0|0,0|0,0|0,0|0,0|0,0|1,0|0,0|0,0|0,0|0,0|0,0|0,0|0,0|0,0|0,0|0,0|0,0|0,0|0,0|0,0|0,0|0,0|0,0|0,0|0,0|0,0|0,0|0,0|0,0|0,0|0,0|0,0|0,0|0,0|0,0|0,0|0,0|0,0|0,0|0,0|0,0|0,0|0,0|0,0|0,0|0,0|0,0|0,0|0,0|0,0|0,0|0,0|0,0|0,0|0,0|0,0|0,0|0,0|0,0|0,0|0,0|0,0|0,0|0,0|0,0|0,0|0,0|0,0|0,0|0,0|0,0|0,0|0,0|0,0|0,0|0,0|0,0|0,0|0,0|0,0|0,0|0,0|0,0|0,0|0,0|0,0|0,0|0,0|0,0|0,98,0,1,0,1,99,1,5096,21672,0,0,0,0,0,0,,SNP,2548
5,179814706,.,C,T,.,PASS,AC=5;AN=5096;DP=22250;AF=0;EAS_AF=0;EUR_AF=0;AFR_AF=0;AMR_AF=0;SAS_AF=0;VT=SNP;NS=2548,GT,0|0,0|0,0|0,0|0,0|0,0|0,0|0,0|0,0|0,0|0,0|0,0|0,0|0,0|0,0|0,0|0,0|0,0|0,0|0,0|0,0|0,0|0,0|0,0|0,0|0,0|0,0|0,0|0,0|0,0|0,0|0,0|0,0|0,0|0,0|0,0|0,0|0,0|0,0|0,0|0,0|0,0|0,0|0,0|0,0|0,0|0,0|0,0|0,0|0,0|0,0|0,0|0,0|0,0|0,0|0,0|0,0|0,0|0,0|0,0|0,0|0,0|0,0|0,0|0,0|0,0|0,0|0,0|0,0|0,0|0,0|0,0|0,0|0,0|0,0|0,0|0,0|0,0|0,0|0,0|0,0|0,0|0,0|0,0|0,0|0,0|0,0|0,0|0,0|0,0|0,0|0,0|0,0|0,0|0,0|0,1|0,0|0,0|0,0|0,98,1,0,0,1,99,5,5096,22250,0,0,0,0,0,0,,SNP,2548
5,179814725,.,A,T,.,PASS,AC=9;AN=5096;DP=22253;AF=0;EAS_AF=0.01;EUR_AF=0;AFR_AF=0;AMR_AF=0;SAS_AF=0;VT=SNP;NS=2548,GT,0|0,0|0,0|0,0|0,0|0,0|0,0|0,0|0,0|0,0|0,0|0,0|0,0|0,0|0,0|0,0|0,0|0,0|0,0|0,0|0,0|0,0|0,0|0,0|0,1|0,0|0,0|0,0|1,0|0,0|0,0|0,0|0,0|0,0|0,0|0,0|0,0|0,0|0,0|0,0|0,0|0,0|0,0|0,0|0,0|0,0|0,0|0,0|0,0|0,0|0,0|0,0|0,0|0,0|0,0|0,0|0,0|0,0|0,0|0,0|0,0|0,0|0,0|0,0|0,0|0,0|0,0|1,0|0,0|0,0|0,0|0,0|0,0|0,0|0,0|0,0|0,0|0,0|0,0|0,0|0,0|0,0|0,0|0,0|0,0|0,0|0,0|0,0|0,0|0,0|0,0|0,0|0,0|0,0|0,0|0,0|0,0|0,0|0,0|0,96,1,2,0,3,99,9,5096,22253,0,0.01,0,0,0,0,,SNP,2548
5,179814816,.,G,A,.,PASS,AC=1;AN=5096;DP=20429;AF=0;EAS_AF=0;EUR_AF=0;AFR_AF=0;AMR_AF=0;SAS_AF=0;VT=SNP;NS=2548,GT,0|0,0|0,0|0,0|0,0|0,0|0,0|0,0|0,0|0,0|0,0|0,0|0,0|0,0|0,0|0,0|0,0|0,0|0,0|0,0|0,0|0,0|0,0|0,0|0,0|0,0|0,0|0,0|0,0|0,0|0,0|0,0|0,0|0,0|0,0|0,0|0,0|0,0|0,0|0,0|0,0|0,0|0,0|0,0|0,0|0,0|0,0|0,0|0,0|0,0|0,0|0,0|0,0|0,0|0,0|0,0|0,0|0,0|0,0|0,0|0,0|0,0|0,0|0,0|0,1|0,0|0,0|0,0|0,0|0,0|0,0|0,0|0,0|0,0|0,0|0,0|0,0|0,0|0,0|0,0|0,0|0,0|0,0|0,0|0,0|0,0|0,0|0,0|0,0|0,0|0,0|0,0|0,0|0,0|0,0|0,0|0,0|0,0|0,0|0,98,1,0,0,1,99,1,5096,20429,0,0,0,0,0,0,,SNP,2548
5,179815274,.,A,G,.,PASS,AC=833;AN=5096;DP=19692;AF=0.16;EAS_AF=0.17;EUR_AF=0.12;AFR_AF=0.24;AMR_AF=0.17;SAS_AF=0.09;VT=SNP;NS=2548,GT,0|0,0|0,1|0,0|1,0|0,0|0,0|1,1|0,1|0,1|0,0|0,0|0,0|0,0|1,0|0,0|1,0|0,0|0,0|1,0|0,0|0,0|0,0|0,0|0,1|0,0|1,0|0,1|1,0|0,0|0,0|0,0|0,0|0,0|1,0|0,0|0,1|0,0|0,0|0,0|0,1|0,1|0,1|0,1|0,1|0,0|0,0|0,0|0,0|1,0|0,0|1,0|0,1|0,0|0,0|0,0|0,0|0,0|0,0|1,0|0,1|0,0|0,0|0,0|0,1|0,1|0,0|1,0|1,0|0,0|0,0|0,0|0,0|0,0|0,0|0,0|0,0|1,1|0,0|1,0|1,0|0,1|0,0|0,0|0,0|0,0|0,0|0,0|0,0|0,0|0,0|0,0|0,0|0,0|0,0|0,1|0,1|0,0|0,0|0,64,19,15,1,35,99,833,5096,19692,0.16,0.17,0.12,0.24,0.17,0.09,,SNP,2548
5,179815418,.,A,G,.,PASS,AC=1883;AN=5096;DP=21307;AF=0.37;EAS_AF=0.43;EUR_AF=0.41;AFR_AF=0.11;AMR_AF=0.43;SAS_AF=0.57;VT=SNP;NS=2548,GT,1|0,1|1,0|0,1|0,0|0,0|1,0|0,0|0,0|0,0|1,0|1,1|0,0|1,0|0,1|0,0|0,0|0,1|0,1|0,0|1,0|0,1|0,0|1,1|0,0|0,1|0,0|1,0|0,1|0,0|0,1|0,1|1,1|1,0|0,1|0,0|1,0|0,0|1,0|1,1|0,0|0,0|1,0|1,0|1,0|1,1|1,1|0,1|1,0|0,0|0,1|0,0|0,0|1,0|0,1|0,1|1,1|0,0|1,0|0,0|1,0|1,0|1,0|0,1|0,0|1,0|0,1|0,1|0,1|1,1|0,1|0,1|0,0|1,1|1,0|0,1|1,0|0,0|0,0|0,1|0,0|0,0|1,0|1,0|1,0|1,0|1,0|1,1|0,1|0,1|1,1|0,1|1,0|1,0|1,0|1,0|1,0|1,1|1,0|0,28,27,32,12,71,99,1883,5096,21307,0.37,0.43,0.41,0.11,0.43,0.57,,SNP,2548
5,179815742,.,A,G,.,PASS,AC=22;AN=5096;DP=22747;AF=0;EAS_AF=0.02;EUR_AF=0;AFR_AF=0;AMR_AF=0;SAS_AF=0;VT=SNP;NS=2548,GT,0|0,0|0,0|0,0|0,0|0,0|0,0|0,0|0,0|0,0|0,0|0,0|0,0|0,0|0,0|0,0|0,0|0,0|0,0|0,0|0,0|0,0|0,0|0,0|0,0|0,0|0,0|0,0|0,0|0,0|0,0|0,0|0,0|0,0|0,0|0,0|0,0|0,0|0,0|0,0|0,0|0,0|0,0|0,0|0,0|0,0|0,0|0,0|0,0|0,0|0,0|0,0|0,0|0,0|0,0|0,0|0,0|0,0|0,1|0,0|0,0|0,0|0,0|0,0|0,0|0,0|0,0|0,0|0,0|0,0|0,0|0,0|0,0|0,0|0,0|0,0|0,0|0,0|0,0|0,0|0,0|0,0|0,0|0,0|0,0|0,0|0,0|0,0|0,0|0,0|0,0|0,0|0,0|0,0|0,0|0,0|0,0|0,0|0,0|0,98,1,0,0,1,99,22,5096,22747,0,0.02,0,0,0,0,,SNP,2548
5,179815923,.,TAGTC,T,.,PASS,AC=194;AN=5096;DP=21627;AF=0.04;EAS_AF=0;EUR_AF=0;AFR_AF=0.14;AMR_AF=0.01;SAS_AF=0;VT=INDEL;NS=2548,GT,0|0,0|0,1|0,0|0,0|0,0|0,0|0,0|0,0|0,0|0,0|0,0|0,0|0,0|0,0|0,0|0,0|0,0|0,0|0,0|0,0|0,0|0,0|0,0|0,0|0,0|0,0|0,0|0,0|0,0|0,0|0,0|0,0|0,0|0,0|0,0|0,0|0,0|0,0|0,0|0,0|0,0|0,0|0,0|0,0|0,0|0,0|0,0|0,0|0,0|0,0|0,0|0,0|0,0|0,0|0,0|0,0|0,0|0,0|0,0|0,0|0,0|0,0|0,0|0,0|0,0|0,0|0,0|0,0|0,0|0,0|0,0|0,0|0,0|0,0|0,0|0,0|0,0|0,0|0,0|0,0|0,0|0,0|0,0|0,0|0,0|0,0|0,0|0,0|0,0|0,0|0,0|0,0|0,0|0,0|0,0|0,0|0,0|0,0|0,98,1,0,0,1,99,194,5096,21627,0.04,0,0,0.14,0.01,0,,INDEL,2548
5,179815999,.,C,T,.,PASS,AC=7;AN=5096;DP=19592;AF=0;EAS_AF=0.01;EUR_AF=0;AFR_AF=0;AMR_AF=0;SAS_AF=0;VT=SNP;NS=2548,GT,0|0,0|0,0|0,0|0,0|0,0|0,0|0,0|0,0|0,0|0,0|0,0|0,0|0,0|0,0|0,0|0,0|0,0|0,0|0,0|0,0|0,0|0,0|0,0|0,0|0,0|0,0|0,0|0,0|0,0|0,0|0,0|0,0|0,0|0,0|0,0|0,0|0,0|0,0|0,0|0,0|0,0|0,0|0,0|0,0|0,0|0,0|0,0|0,0|0,0|0,0|0,0|0,0|0,0|0,0|0,0|0,0|0,0|0,0|0,0|0,0|0,0|0,0|0,0|0,0|0,0|0,0|0,0|0,0|0,0|0,0|0,0|0,0|0,0|0,0|0,0|0,0|0,0|0,0|0,0|0,0|0,0|0,0|0,0|0,0|0,0|0,0|0,0|0,0|0,0|0,0|1,0|0,0|0,0|0,0|0,0|0,0|0,0|0,0|0,98,0,1,0,1,99,7,5096,19592,0,0.01,0,0,0,0,,SNP,2548
5,179816000,.,G,A,.,PASS,AC=820;AN=5096;DP=19545;AF=0.16;EAS_AF=0.17;EUR_AF=0.12;AFR_AF=0.23;AMR_AF=0.17;SAS_AF=0.09;VT=SNP;NS=2548,GT,0|0,0|0,1|0,0|1,0|0,0|0,0|1,1|0,1|0,1|0,0|0,0|0,0|0,0|1,0|0,0|1,0|0,0|0,0|1,0|0,0|0,0|0,0|0,0|0,1|0,0|1,0|0,1|1,0|0,0|0,0|0,0|0,0|0,0|1,0|0,0|0,1|0,0|0,0|0,0|0,1|0,1|0,1|0,1|0,1|0,0|0,0|0,0|0,0|1,0|0,0|1,0|0,1|0,0|0,0|0,0|0,0|0,0|0,0|1,0|0,1|0,0|0,0|0,0|0,1|0,1|0,0|1,0|1,0|0,0|0,0|0,0|0,0|0,0|0,0|0,0|0,0|1,1|0,0|1,0|1,0|0,1|0,0|0,0|0,0|0,0|0,0|0,0|0,0|0,0|0,0|0,0|0,0|0,0|0,0|0,1|0,1|0,0|0,0|0,64,19,15,1,35,99,820,5096,19545,0.16,0.17,0.12,0.23,0.17,0.09,,SNP,2548
5,179816112,.,G,T,.,PASS,AC=3;AN=5096;DP=20159;AF=0;EAS_AF=0;EUR_AF=0;AFR_AF=0;AMR_AF=0;SAS_AF=0;VT=SNP;NS=2548,GT,0|0,0|0,0|0,0|0,0|0,0|0,0|0,0|0,0|0,0|0,1|0,0|0,0|0,0|0,0|0,0|0,0|0,0|0,0|0,0|0,0|0,0|0,0|0,0|0,0|0,0|0,0|0,0|0,0|0,0|0,0|0,0|0,0|0,0|0,0|0,0|0,0|0,0|0,0|0,0|0,0|0,0|0,0|0,0|0,0|0,0|0,0|0,0|0,0|0,0|0,0|0,0|0,0|0,0|0,0|0,0|0,0|0,0|0,0|0,0|0,0|0,0|0,0|0,0|0,0|0,0|0,0|0,0|0,0|0,0|0,0|0,0|0,0|0,0|0,0|0,0|0,0|0,0|0,0|0,0|0,0|0,0|0,0|0,0|0,0|0,0|0,0|0,0|0,0|0,0|0,0|0,0|0,0|0,0|0,0|0,0|0,0|0,0|0,0|0,98,1,0,0,1,99,3,5096,20159,0,0,0,0,0,0,,SNP,2548
5,179816113,.,C,T,.,PASS,AC=3;AN=5096;DP=20150;AF=0;EAS_AF=0;EUR_AF=0;AFR_AF=0;AMR_AF=0;SAS_AF=0;VT=SNP;NS=2548,GT,0|0,0|0,0|0,0|0,0|0,0|0,0|0,0|0,0|0,0|0,1|0,0|0,0|0,0|0,0|0,0|0,0|0,0|0,0|0,0|0,0|0,0|0,0|0,0|0,0|0,0|0,0|0,0|0,0|0,0|0,0|0,0|0,0|0,0|0,0|0,0|0,0|0,0|0,0|0,0|0,0|0,0|0,0|0,0|0,0|0,0|0,0|0,0|0,0|0,0|0,0|0,0|0,0|0,0|0,0|0,0|0,0|0,0|0,0|0,0|0,0|0,0|0,0|0,0|0,0|0,0|0,0|0,0|0,0|0,0|0,0|0,0|0,0|0,0|0,0|0,0|0,0|0,0|0,0|0,0|0,0|0,0|0,0|0,0|0,0|0,0|0,0|0,0|0,0|0,0|0,0|0,0|0,0|0,0|0,0|0,0|0,0|0,0|0,0|0,98,1,0,0,1,99,3,5096,20150,0,0,0,0,0,0,,SNP,2548
5,179816161,.,C,CTTTGT,.,PASS,AC=8;AN=5096;DP=19572;AF=0;EAS_AF=0;EUR_AF=0;AFR_AF=0;AMR_AF=0;SAS_AF=0;VT=INDEL;NS=2548,GT,0|0,0|0,0|0,0|0,0|0,0|0,0|0,0|0,0|0,0|0,0|0,0|0,0|0,0|0,0|0,0|0,0|0,0|0,0|0,0|0,0|0,0|0,0|0,0|0,0|0,0|0,0|0,0|0,0|0,0|0,0|0,0|0,0|0,0|0,0|0,0|0,0|0,0|0,0|0,0|0,0|0,0|0,0|0,0|0,0|0,0|0,0|0,0|0,0|0,0|0,0|0,0|0,0|0,0|0,0|0,0|0,0|0,0|0,0|0,0|0,0|0,0|0,0|0,0|0,0|0,0|0,0|0,0|0,0|0,0|0,0|0,0|0,0|0,0|0,1|0,0|0,0|0,0|0,0|0,0|0,0|0,0|0,0|0,0|1,0|0,0|0,0|0,0|0,0|0,0|0,0|0,0|0,0|0,0|0,0|0,0|0,0|0,0|0,0|0,97,1,1,0,2,99,8,5096,19572,0,0,0,0,0,0,,INDEL,2548
5,179816315,.,A,AT,.,PASS,AC=70;AN=5096;DP=17976;AF=0.01;EAS_AF=0;EUR_AF=0.02;AFR_AF=0.02;AMR_AF=0.01;SAS_AF=0.02;VT=INDEL;NS=2548,GT,0|0,0|0,0|0,0|0,0|0,0|0,0|0,0|0,0|0,0|0,0|0,0|0,0|0,0|0,0|0,0|1,0|0,0|0,0|0,0|0,0|0,0|0,0|0,0|0,0|0,0|0,0|0,0|0,0|0,0|0,0|0,0|0,0|0,0|0,0|0,0|0,0|0,0|0,0|0,0|0,0|0,0|0,0|0,0|0,0|0,0|0,0|0,0|0,0|0,0|0,0|0,0|0,0|0,0|0,0|0,0|0,0|0,0|0,0|0,0|0,0|0,0|0,0|0,0|0,0|0,0|0,0|0,0|0,0|0,0|0,0|0,0|0,0|0,0|0,0|0,0|0,0|0,0|0,0|0,0|0,0|0,0|0,0|0,0|0,0|0,0|0,0|0,0|0,0|0,0|0,0|0,0|0,0|0,0|0,0|0,0|0,0|0,0|0,0|0,98,0,1,0,1,99,70,5096,17976,0.01,0,0.02,0.02,0.01,0.02,,INDEL,2548
5,179816412,.,CT,C,.,PASS,AC=805;AN=5096;DP=18886;AF=0.16;EAS_AF=0.17;EUR_AF=0.12;AFR_AF=0.23;AMR_AF=0.16;SAS_AF=0.09;VT=INDEL;NS=2548,GT,0|0,0|0,1|0,0|1,0|0,0|0,0|1,1|0,1|0,1|0,0|0,0|0,0|0,0|1,0|0,0|1,0|0,0|0,0|1,0|0,0|0,0|0,0|0,0|0,1|0,0|1,0|0,1|1,0|0,0|0,0|0,0|0,0|0,0|1,0|0,0|0,1|0,0|0,0|0,0|0,1|0,1|0,1|0,1|0,1|0,0|0,0|0,0|0,0|1,0|0,0|1,0|0,1|0,0|0,0|0,0|0,0|0,0|0,0|1,0|0,1|0,0|0,0|0,0|0,1|0,1|0,0|1,0|1,0|0,0|0,0|0,0|0,0|0,0|0,0|0,0|0,0|1,1|0,0|1,0|1,0|0,1|0,0|0,0|0,0|0,0|0,0|0,0|0,0|0,0|0,0|0,0|0,0|0,0|0,0|0,1|0,1|0,0|0,0|0,64,19,15,1,35,99,805,5096,18886,0.16,0.17,0.12,0.23,0.16,0.09,,INDEL,2548
5,179816773,.,CT,C,.,PASS,AC=547;AN=5096;DP=16486;AF=0.11;EAS_AF=0.17;EUR_AF=0.1;AFR_AF=0.07;AMR_AF=0.14;SAS_AF=0.08;VT=INDEL;NS=2548,GT,0|0,0|0,1|0,0|1,0|0,0|0,0|1,1|0,1|0,1|0,0|0,0|0,0|0,0|1,0|0,0|0,0|0,0|0,0|1,0|0,0|0,0|0,0|0,0|0,1|0,0|1,0|0,1|1,0|0,0|0,0|0,0|0,0|0,0|1,0|0,0|0,1|0,0|0,0|0,0|0,1|0,1|0,1|0,1|0,1|0,0|0,0|0,0|0,0|1,0|0,0|1,0|0,1|0,0|0,0|0,0|0,0|0,0|0,0|1,0|0,1|0,0|0,0|0,0|0,1|0,1|0,0|1,0|1,0|0,0|0,0|0,0|0,0|0,0|0,0|0,0|0,0|1,1|0,0|1,0|1,0|0,1|0,0|0,0|0,0|0,0|0,0|0,0|0,0|0,0|0,0|0,0|0,0|0,0|0,0|0,1|0,1|0,0|0,0|0,65,19,14,1,34,99,547,5096,16486,0.11,0.17,0.1,0.07,0.14,0.08,,INDEL,2548
5,179816774,.,T,C,.,PASS,AC=2;AN=5096;DP=16358;AF=0;EAS_AF=0;EUR_AF=0;AFR_AF=0;AMR_AF=0;SAS_AF=0;VT=SNP;NS=2548,GT,0|0,0|0,0|0,0|0,0|0,0|0,0|0,0|0,0|0,0|0,0|0,0|0,0|0,0|0,0|0,0|0,0|0,0|0,0|0,0|0,0|0,0|0,0|0,0|0,0|0,0|0,0|0,0|1,0|0,0|0,0|0,0|0,0|0,0|0,0|0,0|0,0|0,0|0,0|0,0|0,0|0,0|0,0|0,0|0,0|0,0|0,0|0,0|0,0|0,0|0,0|0,0|0,0|0,0|0,0|0,0|0,0|0,0|0,0|0,0|0,0|0,0|0,0|0,0|0,0|0,0|0,0|0,0|0,0|0,0|0,0|0,0|0,0|0,0|0,0|0,0|0,0|0,0|0,0|0,0|0,0|0,0|0,0|0,0|0,0|0,0|0,0|0,0|0,0|0,0|0,0|0,0|0,0|0,0|0,0|0,0|0,0|0,0|0,0|0,98,0,1,0,1,99,2,5096,16358,0,0,0,0,0,0,,SNP,2548
5,179816798,.,C,T,.,PASS,AC=3123;AN=5096;DP=15676;AF=0.61;EAS_AF=0.58;EUR_AF=0.75;AFR_AF=0.4;AMR_AF=0.67;SAS_AF=0.75;VT=SNP;NS=2548,GT,1|0,1|1,0|0,1|0,0|1,0|1,0|0,0|1,0|1,0|1,0|1,1|0,0|1,0|0,1|1,0|1,0|1,1|1,1|0,0|1,0|0,1|0,1|1,1|1,0|1,1|0,1|1,0|0,1|1,1|1,1|0,1|1,1|1,0|0,1|1,0|1,0|0,0|1,0|1,1|0,0|1,0|1,0|1,0|1,0|1,1|1,1|1,1|1,0|0,0|0,1|0,1|1,0|1,1|0,1|1,1|1,1|1,0|1,0|0,1|1,0|1,1|1,1|0,1|1,0|1,0|1,1|0,1|0,1|1,1|1,1|0,1|0,1|1,1|1,0|1,1|1,0|0,0|0,1|0,1|0,0|0,0|1,0|1,0|1,1|1,0|1,1|1,1|1,1|1,1|1,1|1,1|1,1|0,0|1,1|1,0|1,0|1,1|1,1|0,13,19,32,35,86,99,3123,5096,15676,0.61,0.58,0.75,0.4,0.67,0.75,,SNP,2548
5,179817132,.,G,A,.,PASS,AC=553;AN=5096;DP=10785;AF=0.11;EAS_AF=0.17;EUR_AF=0.1;AFR_AF=0.08;AMR_AF=0.14;SAS_AF=0.07;VT=SNP;NS=2548,GT,0|0,0|0,1|0,0|1,0|0,0|0,0|1,1|0,1|0,1|0,0|0,0|0,0|0,0|1,0|0,0|0,0|0,0|0,0|1,0|0,0|0,0|0,0|0,0|0,1|0,0|1,0|0,1|1,0|0,0|0,0|0,0|0,0|0,0|1,0|0,0|0,1|0,0|0,0|0,0|0,1|0,1|0,1|0,1|0,1|0,0|0,0|0,0|0,0|1,0|0,0|1,0|0,1|0,0|0,0|0,0|0,0|0,0|0,0|1,0|0,1|0,0|0,0|0,0|0,1|0,1|0,0|1,0|1,0|0,0|0,0|0,0|0,0|0,0|0,0|0,0|0,0|1,1|0,0|1,0|1,0|0,1|0,0|0,0|0,0|0,0|0,0|0,0|0,0|0,0|0,0|0,0|0,0|0,0|0,0|0,1|0,1|0,0|0,0|0,65,19,14,1,34,99,553,5096,10785,0.11,0.17,0.1,0.08,0.14,0.07,,SNP,2548
5,179817302,.,C,T,.,PASS,AC=3834;AN=5096;DP=14039;AF=0.75;EAS_AF=0.77;EUR_AF=0.85;AFR_AF=0.56;AMR_AF=0.82;SAS_AF=0.85;VT=SNP;NS=2548,GT,1|1,1|1,1|0,1|1,0|1,1|1,0|1,1|1,1|1,1|1,1|1,1|0,0|1,0|1,1|1,0|1,0|1,1|1,1|1,0|1,0|0,1|1,1|1,1|1,1|1,1|1,1|1,1|1,1|1,1|1,1|0,1|1,1|1,1|1,1|1,0|1,1|0,0|1,0|1,1|0,1|1,1|1,1|1,1|1,1|1,1|1,1|0,1|1,0|1,0|0,1|1,1|1,1|1,1|0,1|1,1|1,1|1,0|1,0|1,1|1,1|1,1|1,1|0,1|1,1|1,1|1,1|1,1|1,1|1,1|1,1|0,1|0,1|1,1|1,0|1,1|1,0|1,1|0,1|1,1|1,0|0,1|1,0|1,1|1,1|1,0|1,1|1,1|1,1|1,1|1,1|1,1|1,1|1,0|1,1|1,1|1,1|1,1|1,1|0,3,12,18,66,96,99,3834,5096,14039,0.75,0.77,0.85,0.56,0.82,0.85,,SNP,2548
5,179817590,.,C,G,.,PASS,AC=7;AN=5096;DP=19502;AF=0;EAS_AF=0.01;EUR_AF=0;AFR_AF=0;AMR_AF=0;SAS_AF=0;VT=SNP;NS=2548,GT,0|0,0|0,0|0,0|0,0|0,0|0,0|0,0|0,0|0,0|0,0|0,0|0,0|0,0|0,0|0,0|0,0|0,0|0,0|0,0|1,0|0,0|0,0|0,0|0,0|0,0|0,0|0,0|0,0|0,0|0,0|0,0|0,0|0,0|0,0|0,0|0,0|0,0|0,0|0,1|0,0|0,0|0,0|0,0|0,0|0,0|0,0|0,0|0,0|0,0|0,0|0,0|0,0|0,0|0,0|0,0|0,0|0,0|0,0|0,0|0,0|0,0|0,0|0,0|0,0|0,0|0,0|0,0|0,0|0,0|0,0|0,0|0,0|0,0|0,0|0,0|0,0|0,0|0,0|0,0|0,0|0,0|0,0|0,0|0,0|0,0|0,0|0,0|0,0|0,0|0,0|0,0|0,0|0,0|0,0|0,0|0,0|0,0|0,0|0,97,1,1,0,2,99,7,5096,19502,0,0.01,0,0,0,0,,SNP,2548
5,179817672,.,C,T,.,PASS,AC=85;AN=5096;DP=20253;AF=0.02;EAS_AF=0;EUR_AF=0.02;AFR_AF=0.03;AMR_AF=0.01;SAS_AF=0.02;VT=SNP;NS=2548,GT,0|0,0|0,0|0,0|0,0|0,0|0,0|0,0|0,0|0,0|0,0|0,0|0,0|0,0|0,0|0,0|1,0|0,0|0,0|0,0|0,0|0,0|0,0|0,0|0,0|0,0|0,0|0,0|0,0|0,0|0,0|0,0|0,0|0,0|0,0|0,0|0,0|0,0|0,0|0,0|0,0|0,0|0,0|0,0|0,0|0,0|0,0|0,0|0,0|0,0|0,0|0,0|0,0|0,0|0,0|0,0|0,0|0,0|0,0|0,0|0,0|0,0|0,0|0,0|0,0|0,0|0,0|0,0|0,0|0,0|0,0|0,0|0,0|0,0|0,0|0,0|0,0|0,0|0,0|0,0|0,0|0,0|0,0|0,0|0,0|0,0|0,0|0,0|0,0|0,0|0,0|0,0|0,0|0,0|0,0|0,0|0,0|0,0|0,0|0,98,0,1,0,1,99,85,5096,20253,0.02,0,0.02,0.03,0.01,0.02,,SNP,2548
5,179818093,.,G,A,.,PASS,AC=577;AN=5096;DP=19170;AF=0.11;EAS_AF=0.14;EUR_AF=0.1;AFR_AF=0.11;AMR_AF=0.15;SAS_AF=0.07;VT=SNP;NS=2548,GT,0|0,0|0,1|0,0|1,0|0,0|0,0|1,1|0,1|0,1|0,0|0,0|0,0|0,0|0,0|0,0|0,0|0,0|0,0|0,0|0,0|0,0|0,0|0,0|0,0|0,0|1,0|0,1|0,0|0,0|0,0|0,0|0,0|0,1|0,0|0,0|0,1|0,0|0,0|0,0|0,1|0,0|0,1|0,1|0,1|0,0|0,0|0,0|0,0|1,0|0,0|1,0|0,1|0,0|0,0|0,0|0,0|0,0|0,0|1,0|0,1|0,0|0,0|0,0|0,1|0,1|0,0|0,0|0,0|0,0|0,0|0,0|0,0|0,0|0,0|0,0|0,0|1,1|0,0|1,0|1,0|0,1|0,0|0,0|0,0|0,0|0,0|0,0|0,0|0,0|0,0|0,0|0,0|0,0|0,0|0,1|0,1|0,0|0,0|0,71,19,9,0,28,99,577,5096,19170,0.11,0.14,0.1,0.11,0.15,0.07,,SNP,2548
5,179818215,.,T,C,.,PASS,AC=3829;AN=5096;DP=18401;AF=0.75;EAS_AF=0.72;EUR_AF=0.87;AFR_AF=0.56;AMR_AF=0.84;SAS_AF=0.87;VT=SNP;NS=2548,GT,1|0,1|1,1|0,1|1,0|1,0|1,0|1,1|1,1|1,1|1,0|1,1|0,0|1,0|0,1|1,0|1,0|1,1|1,1|0,0|1,0|0,1|0,1|1,1|1,1|1,1|1,1|1,1|1,1|1,1|1,1|0,1|1,1|1,1|0,1|1,0|1,1|0,0|1,0|1,1|0,1|1,0|1,1|1,1|1,1|1,1|1,1|0,0|1,0|1,0|0,0|1,1|1,1|1,1|0,1|1,1|1,1|1,0|1,0|1,1|1,1|1,1|1,1|0,1|1,1|1,1|1,1|1,1|0,1|1,1|1,1|0,1|0,1|1,1|1,0|1,1|1,0|1,1|0,1|1,1|1,0|0,1|1,0|1,0|1,1|1,0|1,1|1,1|1,1|1,1|1,1|1,1|1,1|0,0|1,1|1,1|1,1|1,0|1,1|0,4,18,24,53,95,99,3829,5096,18401,0.75,0.72,0.87,0.56,0.84,0.87,,SNP,2548
5,179818330,.,C,T,.,PASS,AC=530;AN=5096;DP=20614;AF=0.1;EAS_AF=0;EUR_AF=0.01;AFR_AF=0.35;AMR_AF=0.04;SAS_AF=0.01;VT=SNP;NS=2548,GT,0|0,0|0,0|0,0|0,0|0,0|0,0|0,0|0,0|0,0|0,0|0,0|0,0|0,0|0,0|0,0|1,0|0,0|0,0|0,0|0,0|0,0|0,0|0,0|0,0|0,0|0,0|0,0|0,0|0,0|0,0|0,0|0,0|0,0|0,0|0,0|0,0|0,0|0,0|0,0|0,0|0,0|0,0|0,0|0,0|0,0|0,0|0,0|0,0|0,0|0,0|0,0|0,0|0,0|0,0|0,0|0,0|0,0|0,0|0,0|0,0|0,0|0,0|0,0|0,0|0,0|0,0|0,0|0,0|0,0|0,0|0,0|0,0|0,0|0,0|0,0|0,0|0,0|0,0|0,0|0,0|0,0|0,0|0,0|0,0|0,0|0,0|0,0|0,0|0,0|0,0|0,0|0,0|0,0|0,0|0,0|0,0|0,0|0,0|0,98,0,1,0,1,99,530,5096,20614,0.1,0,0.01,0.35,0.04,0.01,,SNP,2548
5,179818730,.,A,T,.,PASS,AC=4;AN=5096;DP=20436;AF=0;EAS_AF=0;EUR_AF=0;AFR_AF=0;AMR_AF=0;SAS_AF=0;VT=SNP;NS=2548,GT,0|0,0|0,0|0,0|0,0|0,0|0,0|0,0|0,0|0,0|0,0|0,0|0,0|0,0|0,0|0,0|0,0|0,0|0,0|0,0|0,0|0,0|0,0|0,0|0,0|0,0|0,0|0,0|0,0|0,0|0,0|0,0|0,0|0,0|0,0|0,0|0,0|0,0|0,0|0,0|0,0|0,0|0,0|0,0|0,1|0,0|0,0|0,0|0,0|0,0|0,0|0,0|0,0|0,0|0,0|0,0|0,0|0,0|0,0|0,0|0,1|0,0|0,0|0,0|0,0|0,0|0,0|0,0|0,0|0,0|0,0|0,0|0,0|0,0|0,0|0,0|0,0|0,0|0,0|0,0|0,0|0,0|0,0|0,0|0,0|0,0|0,0|0,0|0,0|0,0|0,0|0,0|0,0|0,0|0,0|0,0|0,0|0,0|0,0|0,97,2,0,0,2,99,4,5096,20436,0,0,0,0,0,0,,SNP,2548
5,179818749,.,C,G,.,PASS,AC=2364;AN=5096;DP=20289;AF=0.46;EAS_AF=0.51;EUR_AF=0.43;AFR_AF=0.31;AMR_AF=0.5;SAS_AF=0.64;VT=SNP;NS=2548,GT,1|0,1|1,0|0,1|0,0|0,0|1,0|0,0|0,0|1,0|1,0|0,1|0,0|1,0|0,1|0,0|1,0|0,1|0,1|0,0|1,0|0,1|0,0|1,1|1,0|0,1|1,0|1,1|0,1|1,0|0,1|0,1|1,1|1,0|0,1|1,0|1,0|0,0|1,0|1,1|0,1|0,0|1,0|1,0|1,0|1,0|1,1|0,0|1,0|0,0|0,0|0,0|1,0|1,1|0,1|0,1|1,1|0,0|1,0|1,0|1,0|1,1|1,1|0,1|1,1|1,0|0,1|0,1|0,1|1,1|1,1|0,1|0,1|1,1|1,0|0,1|1,0|0,0|0,1|0,1|1,0|0,0|1,0|1,0|1,1|1,0|1,0|1,1|0,1|0,1|1,1|1,1|1,0|0,0|1,0|1,0|1,0|1,1|1,1|0,21,24,32,22,78,99,2364,5096,20289,0.46,0.51,0.43,0.31,0.5,0.64,,SNP,2548
5,179818959,.,C,T,.,PASS,AC=5076;AN=5096;DP=16678;AF=1;EAS_AF=1;EUR_AF=0.99;AFR_AF=1;AMR_AF=1;SAS_AF=0.99;VT=SNP;NS=2548,GT,1|1,1|1,1|1,1|1,1|1,1|1,1|1,1|1,1|1,1|1,1|1,1|1,1|1,1|1,1|1,1|1,1|1,1|1,1|1,1|1,1|1,1|1,1|1,1|1,1|1,1|1,1|1,1|1,1|1,1|1,1|1,1|1,1|1,1|1,1|1,1|1,1|1,1|1,1|1,1|1,1|1,1|1,1|1,1|1,1|1,1|1,1|1,1|1,1|1,1|1,1|1,1|1,1|1,1|1,1|1,1|1,1|1,1|1,1|1,1|1,1|1,1|1,1|1,1|1,1|1,1|1,1|1,1|1,1|1,1|1,1|1,1|1,1|1,1|1,1|1,1|1,1|1,1|1,1|1,1|1,1|1,1|1,1|1,1|1,1|1,1|1,1|1,1|1,1|1,1|1,1|1,1|1,1|1,1|1,1|1,1|1,1|1,1|1,1|1,0,0,0,99,99,99,5076,5096,16678,1,1,0.99,1,1,0.99,,SNP,2548
5,179819275,.,C,A,.,PASS,AC=13;AN=5096;DP=12372;AF=0;EAS_AF=0.01;EUR_AF=0;AFR_AF=0;AMR_AF=0;SAS_AF=0;VT=SNP;NS=2548,GT,0|0,0|0,0|0,0|0,0|0,0|0,0|0,0|0,0|0,0|0,0|0,0|0,0|0,0|0,0|0,0|0,0|0,0|0,0|0,0|0,1|0,0|0,0|0,0|0,0|0,0|0,0|0,0|0,0|0,0|0,0|0,0|0,0|0,0|0,0|0,0|0,0|0,0|0,0|0,0|1,0|0,0|0,0|0,0|0,0|0,0|0,0|0,0|0,0|0,0|0,0|0,0|0,0|0,0|0,0|0,0|0,0|0,0|0,0|0,0|0,0|0,0|0,0|0,0|0,0|0,0|0,0|0,0|0,0|0,0|0,0|0,0|0,0|0,0|0,0|0,0|0,0|0,0|0,0|0,0|0,0|0,0|0,0|0,0|0,0|0,0|0,0|0,0|0,0|0,0|0,0|0,0|0,0|0,0|0,0|0,0|0,0|0,0|0,0|0,97,1,1,0,2,99,13,5096,12372,0,0.01,0,0,0,0,,SNP,2548
5,179819326,.,GC,G,.,PASS,AC=5015;AN=5096;DP=11710;AF=0.98;EAS_AF=0.99;EUR_AF=0.97;AFR_AF=0.99;AMR_AF=0.99;SAS_AF=0.98;VT=INDEL;NS=2548,GT,1|1,1|1,1|1,1|1,1|1,1|1,1|1,1|1,1|1,1|1,1|1,1|1,1|1,1|1,1|1,1|1,1|1,1|1,1|1,1|1,1|1,1|1,1|1,1|1,1|1,1|1,1|1,1|1,1|1,1|1,1|1,1|1,1|1,1|1,1|1,1|1,1|1,1|1,1|1,1|1,1|1,1|1,1|1,1|1,1|1,1|1,1|1,1|1,1|1,1|1,1|1,1|1,1|1,1|1,1|1,1|1,1|1,1|1,1|1,1|1,1|1,1|1,1|1,1|1,1|1,1|1,1|1,1|1,1|1,1|1,1|1,1|1,1|1,1|1,1|1,1|1,1|1,1|1,1|1,1|1,1|1,1|1,1|1,1|1,1|1,1|1,1|1,1|1,1|1,1|1,1|1,1|1,1|1,1|1,1|1,1|1,1|1,1|1,1|1,0,0,0,99,99,99,5015,5096,11710,0.98,0.99,0.97,0.99,0.99,0.98,,INDEL,2548
5,179819336,.,CA,C,.,PASS,AC=244;AN=5096;DP=11952;AF=0.05;EAS_AF=0.04;EUR_AF=0.06;AFR_AF=0.03;AMR_AF=0.03;SAS_AF=0.08;VT=INDEL;NS=2548,GT,0|1,0|0,0|0,0|0,0|0,0|0,0|0,0|0,0|0,0|0,0|0,0|0,0|0,0|0,0|0,0|0,0|0,0|0,0|0,0|1,0|0,0|0,0|0,0|0,0|0,0|0,0|0,0|0,0|0,0|0,0|0,1|0,0|0,0|0,0|0,0|0,0|0,0|0,0|0,1|0,0|0,0|0,0|0,0|0,0|0,0|0,0|0,0|0,0|0,1|0,0|0,0|1,0|0,0|0,0|0,0|0,0|0,0|0,0|0,0|0,0|0,0|0,0|0,0|0,0|0,0|0,0|0,0|0,0|0,0|0,0|0,0|0,0|0,0|0,0|0,0|0,0|0,1|0,0|0,0|0,0|0,1|0,0|0,0|0,0|0,0|0,0|0,0|0,0|0,0|0,0|0,0|0,0|0,0|0,0|0,0|0,0|0,0|0,0|0,91,5,3,0,8,99,244,5096,11952,0.05,0.04,0.06,0.03,0.03,0.08,,INDEL,2548
5,179821642,.,A,G,.,PASS,AC=17;AN=5096;DP=16029;AF=0;EAS_AF=0.02;EUR_AF=0;AFR_AF=0;AMR_AF=0;SAS_AF=0;VT=SNP;NS=2548,GT,0|0,0|0,0|0,0|0,0|0,0|0,0|0,0|0,0|0,0|0,0|0,0|0,0|0,0|0,0|0,0|0,0|0,0|0,0|0,0|0,0|0,0|0,0|0,0|0,0|0,0|0,0|0,0|0,0|0,0|0,0|0,0|0,0|0,0|0,0|0,0|0,0|0,0|0,0|0,0|0,0|0,0|0,0|0,0|1,0|0,0|0,0|0,0|0,0|0,0|0,0|0,0|0,0|0,0|0,0|0,0|0,0|0,0|0,0|0,0|0,0|0,0|0,0|0,0|0,0|0,0|0,0|0,0|0,0|0,1|0,0|0,0|0,0|0,0|0,0|0,0|0,0|0,0|0,0|0,0|0,0|0,0|0,0|0,0|0,0|0,0|0,0|0,0|0,0|0,0|0,0|0,0|0,0|0,0|0,0|0,0|0,0|0,0|0,0|0,97,1,1,0,2,99,17,5096,16029,0,0.02,0,0,0,0,,SNP,2548
5,179821774,.,A,C,.,PASS,AC=2523;AN=5096;DP=18559;AF=0.5;EAS_AF=0.8;EUR_AF=0.42;AFR_AF=0.22;AMR_AF=0.6;SAS_AF=0.55;VT=SNP;NS=2548,GT,1|0,1|1,1|1,1|1,0|1,1|1,1|1,0|1,1|1,1|1,1|1,1|1,0|1,1|1,1|0,0|0,0|0,1|0,1|1,1|1,1|0,1|0,0|1,1|1,1|1,1|1,1|1,1|1,1|1,1|0,1|0,1|1,1|1,1|1,1|0,0|1,1|0,0|1,1|1,0|1,1|1,1|0,1|1,1|1,1|1,1|1,1|1,0|0,1|0,1|0,0|1,0|1,1|1,1|0,1|0,1|1,1|0,0|1,1|1,0|1,1|1,1|1,1|1,1|1,1|1,0|0,1|1,1|1,1|1,1|1,1|1,1|0,1|1,1|1,1|1,1|1,1|1,1|1,1|1,0|1,0|1,1|0,0|1,1|0,1|1,0|1,0|1,1|0,1|0,1|1,1|0,1|1,0|1,1|1,0|1,1|0,1|1,1|1,1|0,4,23,18,54,95,99,2523,5096,18559,0.5,0.8,0.42,0.22,0.6,0.55,,SNP,2548
5,179821921,.,A,C,.,PASS,AC=6;AN=5096;DP=18192;AF=0;EAS_AF=0.01;EUR_AF=0;AFR_AF=0;AMR_AF=0;SAS_AF=0;VT=SNP;NS=2548,GT,0|0,0|0,0|0,0|0,0|0,0|0,0|0,0|0,0|0,0|0,0|0,0|0,0|0,0|0,0|0,0|0,0|0,0|0,0|0,0|0,0|0,0|0,0|0,0|0,0|0,0|0,0|0,0|0,0|0,0|0,0|0,0|0,0|0,0|0,0|0,0|0,0|0,0|0,0|0,0|0,0|0,0|0,0|0,0|0,1|0,0|0,0|0,0|0,0|0,0|0,0|0,0|0,0|0,0|0,0|0,0|0,0|0,0|0,0|0,0|0,1|0,0|0,1|0,0|0,0|0,0|0,0|0,0|0,0|0,0|0,0|0,0|0,0|0,0|0,0|0,0|0,0|0,0|0,0|0,0|0,0|0,0|0,0|0,0|0,0|0,0|0,0|0,0|0,0|0,0|0,0|0,0|0,0|0,0|0,0|0,0|0,0|0,0|0,0|0,96,3,0,0,3,99,6,5096,18192,0,0.01,0,0,0,0,,SNP,2548
5,179821922,.,G,C,.,PASS,AC=6;AN=5096;DP=18133;AF=0;EAS_AF=0.01;EUR_AF=0;AFR_AF=0;AMR_AF=0;SAS_AF=0;VT=SNP;NS=2548,GT,0|0,0|0,0|0,0|0,0|0,0|0,0|0,0|0,0|0,0|0,0|0,0|0,0|0,0|0,0|0,0|0,0|0,0|0,0|0,0|0,0|0,0|0,0|0,0|0,0|0,0|0,0|0,0|0,0|0,0|0,0|0,0|0,0|0,0|0,0|0,0|0,0|0,0|0,0|0,0|0,0|0,0|0,0|0,0|0,1|0,0|0,0|0,0|0,0|0,0|0,0|0,0|0,0|0,0|0,0|0,0|0,0|0,0|0,0|0,0|0,1|0,0|0,1|0,0|0,0|0,0|0,0|0,0|0,0|0,0|0,0|0,0|0,0|0,0|0,0|0,0|0,0|0,0|0,0|0,0|0,0|0,0|0,0|0,0|0,0|0,0|0,0|0,0|0,0|0,0|0,0|0,0|0,0|0,0|0,0|0,0|0,0|0,0|0,0|0,96,3,0,0,3,99,6,5096,18133,0,0.01,0,0,0,0,,SNP,2548
5,179821946,.,TA,T,.,PASS,AC=934;AN=5096;DP=18645;AF=0.18;EAS_AF=0.19;EUR_AF=0.24;AFR_AF=0.07;AMR_AF=0.31;SAS_AF=0.19;VT=INDEL;NS=2548,GT,1|0,0|1,0|1,0|0,0|0,1|0,1|0,0|0,0|0,0|0,1|0,0|1,1|0,1|0,0|0,0|0,1|0,0|0,0|0,1|0,1|0,0|0,0|0,0|0,0|0,0|0,1|0,1|0,1|0,0|0,0|1,0|1,0|0,0|0,0|0,1|1,0|0,1|0,1|0,0|1,0|0,0|0,1|0,1|0,0|0,0|0,0|1,0|0,1|0,0|0,0|0,1|0,0|0,0|0,0|1,0|1,0|0,0|0,0|0,0|0,0|0,0|1,0|1,0|0,0|0,0|1,0|0,0|0,0|0,0|0,0|1,0|1,0|0,0|0,0|0,0|1,1|0,0|1,0|0,0|1,0|1,0|1,0|0,1|0,0|0,1|0,1|0,0|0,0|0,0|0,0|0,0|0,0|0,1|0,0|1,0|0,0|0,0|1,0|0,54,23,21,1,45,99,934,5096,18645,0.18,0.19,0.24,0.07,0.31,0.19,,INDEL,2548
5,179822073,.,A,C,.,PASS,AC=2739;AN=5096;DP=21964;AF=0.54;EAS_AF=0.53;EUR_AF=0.25;AFR_AF=0.81;AMR_AF=0.52;SAS_AF=0.49;VT=SNP;NS=2548,GT,1|0,1|0,1|0,0|1,0|1,0|1,0|1,1|1,1|1,0|1,0|1,1|0,0|0,0|1,1|0,1|1,0|0,1|0,0|1,0|0,1|0,1|0,0|1,1|1,0|1,0|0,0|0,0|0,1|1,0|0,1|0,1|1,1|1,1|1,1|0,0|0,1|0,0|1,0|0,1|1,0|0,1|1,1|1,0|0,1|1,0|1,1|0,0|0,0|1,1|0,0|1,0|0,1|0,1|1,1|0,1|0,0|0,0|0,0|0,0|1,1|1,1|1,1|0,0|1,0|0,1|0,0|0,0|1,1|1,0|1,0|0,1|0,1|0,1|0,0|1,0|1,0|1,1|0,1|1,1|0,0|0,1|0,0|0,0|1,1|0,0|0,0|1,0|0,0|0,1|0,0|1,0|1,0|1,0|0,0|0,1|0,1|0,1|1,1|0,26,29,26,18,73,99,2739,5096,21964,0.54,0.53,0.25,0.81,0.52,0.49,,SNP,2548
5,179822099,.,T,A,.,PASS,AC=2286;AN=5096;DP=22320;AF=0.45;EAS_AF=0.32;EUR_AF=0.54;AFR_AF=0.59;AMR_AF=0.36;SAS_AF=0.37;VT=SNP;NS=2548,GT,0|1,0|0,0|1,1|0,0|0,1|0,0|0,0|0,0|1,0|0,1|0,0|1,0|1,0|0,0|1,0|0,1|1,0|1,1|0,0|1,0|1,0|1,0|0,0|1,0|0,1|0,0|1,1|0,0|0,1|1,0|0,0|0,0|0,1|0,0|1,0|0,0|0,0|0,0|1,0|0,1|1,0|0,0|0,1|1,0|1,0|0,0|0,0|1,0|0,0|0,0|0,0|1,0|1,1|0,0|0,0|0,1|0,0|1,0|1,1|0,0|0,1|0,0|0,1|1,1|0,0|0,1|0,1|0,0|0,1|1,1|0,0|0,1|1,0|0,0|1,1|0,0|0,0|0,1|0,0|1,0|0,0|0,0|1,1|0,1|1,0|1,0|0,1|1,1|1,0|1,1|0,1|0,0|0,0|1,1|0,0|1,0|1,0|0,0|0,40,21,28,10,59,99,2286,5096,22320,0.45,0.32,0.54,0.59,0.36,0.37,,SNP,2548
5,179822179,.,A,G,.,PASS,AC=1692;AN=5096;DP=23974;AF=0.33;EAS_AF=0.5;EUR_AF=0.21;AFR_AF=0.22;AMR_AF=0.4;SAS_AF=0.4;VT=SNP;NS=2548,GT,0|0,1|0,1|0,0|1,0|1,0|1,0|1,0|1,1|1,0|1,0|1,1|0,0|0,0|1,0|0,1|1,0|0,1|0,0|1,0|0,0|0,0|0,0|1,1|1,1|1,0|1,0|0,0|1,1|1,0|0,0|0,1|1,1|1,1|1,1|0,0|0,1|0,0|1,0|0,1|0,0|0,1|1,1|1,1|0,1|1,0|1,1|0,0|0,0|1,1|0,0|1,0|0,1|0,1|1,1|0,1|0,0|0,0|0,0|0,0|1,1|1,1|0,1|0,0|1,0|0,1|0,0|1,0|1,1|1,0|1,0|0,1|0,1|0,1|1,0|0,0|1,0|1,1|0,1|1,1|0,0|0,1|0,0|0,0|0,1|0,0|0,0|1,0|0,0|0,1|0,0|1,0|1,0|1,0|0,0|0,1|0,1|0,0|1,1|0,29,26,28,16,70,99,1692,5096,23974,0.33,0.5,0.21,0.22,0.4,0.4,,SNP,2548
5,179822433,.,T,C,.,PASS,AC=3275;AN=5096;DP=28159;AF=0.64;EAS_AF=0.77;EUR_AF=0.48;AFR_AF=0.67;AMR_AF=0.71;SAS_AF=0.59;VT=SNP;NS=2548,GT,1|1,1|0,1|1,0|1,1|1,1|1,1|1,1|1,1|1,1|1,1|1,1|1,1|0,1|1,1|0,1|1,1|0,1|0,0|1,1|0,1|1,0|1,0|1,1|1,1|1,0|1,1|0,1|1,1|1,0|0,0|1,1|1,1|1,1|1,1|0,1|1,1|1,1|1,1|0,1|1,0|0,1|1,1|1,1|0,1|1,1|1,1|1,1|0,1|1,1|1,1|1,0|0,1|0,1|1,1|0,1|1,0|0,1|0,1|0,0|1,1|1,1|1,1|1,0|1,0|0,1|0,0|1,0|1,1|1,0|1,0|1,1|1,1|0,1|1,1|0,0|1,1|1,1|1,1|1,1|1,1|1,1|1,1|0,1|1,1|0,1|0,0|1,0|0,0|0,1|0,0|1,0|1,0|1,1|0,0|1,1|0,1|0,0|1,1|1,7,25,19,48,92,99,3275,5096,28159,0.64,0.77,0.48,0.67,0.71,0.59,,SNP,2548
5,179822503,.,C,T,.,PASS,AC=7;AN=5096;DP=26059;AF=0;EAS_AF=0;EUR_AF=0;AFR_AF=0;AMR_AF=0;SAS_AF=0.01;VT=SNP;NS=2548,GT,0|0,0|0,0|0,0|0,0|0,0|0,0|0,0|0,0|0,0|0,0|0,0|0,0|0,0|0,1|0,0|0,0|0,0|0,0|0,0|0,0|0,0|0,0|0,0|0,0|0,0|0,0|0,0|0,0|0,0|0,0|0,0|0,0|0,0|0,0|0,0|0,0|0,0|0,0|0,0|0,0|0,0|0,0|0,0|0,0|0,0|0,0|0,0|0,0|0,0|0,0|0,0|0,0|0,0|0,0|0,0|0,0|0,0|0,0|0,0|0,0|0,0|0,0|0,0|0,0|0,0|0,0|0,0|0,0|0,0|0,0|0,0|0,0|0,0|0,0|0,0|0,0|0,0|0,0|0,0|0,0|0,0|0,0|0,0|0,0|0,0|0,0|0,0|0,0|0,0|0,0|0,0|0,0|0,0|0,0|0,0|0,0|0,0|0,0|0,98,1,0,0,1,99,7,5096,26059,0,0,0,0,0,0.01,,SNP,2548
5,179822903,.,T,A,.,PASS,AC=16;AN=5096;DP=195732;AF=0;EAS_AF=0.01;EUR_AF=0;AFR_AF=0;AMR_AF=0;SAS_AF=0;VT=SNP;NS=2548,GT,0|0,0|0,0|0,0|0,0|0,0|0,0|0,0|0,0|0,0|0,0|0,0|0,0|0,0|0,0|0,0|0,0|0,0|0,0|0,0|0,0|0,0|0,0|0,0|0,0|0,0|0,0|0,0|0,0|0,0|0,0|0,0|0,0|0,0|0,0|0,0|0,0|0,0|0,0|0,0|0,0|0,0|0,0|0,0|1,0|0,0|0,0|0,0|0,0|0,0|0,0|0,0|0,0|0,0|0,0|0,0|0,0|0,0|0,0|0,0|0,0|0,0|0,0|0,0|0,0|0,0|0,0|0,0|0,0|0,1|0,0|0,0|0,0|0,0|0,0|0,0|0,0|0,0|0,0|0,0|0,0|0,0|0,0|0,0|0,0|0,0|0,0|0,0|0,0|0,0|0,0|0,0|0,0|0,0|0,0|0,0|0,0|0,0|0,0|0,97,1,1,0,2,99,16,5096,195732,0,0.01,0,0,0,0,,SNP,2548
5,179823047,.,A,C,.,PASS,AC=2;AN=5096;DP=269443;AF=0;EAS_AF=0;EUR_AF=0;AFR_AF=0;AMR_AF=0;SAS_AF=0;EX_TARGET;VT=SNP;NS=2548,GT,0|0,0|0,0|0,0|0,0|0,0|0,0|0,0|0,0|0,0|0,0|0,0|0,0|0,0|0,0|0,0|0,0|0,0|0,0|0,0|0,0|0,0|0,0|0,0|0,0|0,0|0,0|0,0|0,0|0,0|0,0|0,0|0,0|0,0|0,0|0,0|0,0|0,0|0,0|0,0|0,0|0,0|0,0|0,0|0,0|0,0|0,0|0,0|0,0|0,0|0,0|0,0|0,0|0,0|0,0|0,0|0,0|0,0|0,0|0,0|0,0|0,0|0,0|0,0|0,0|0,0|0,0|0,0|0,0|0,0|0,0|0,0|0,0|0,0|0,0|0,0|0,0|0,0|0,0|0,0|0,0|0,0|0,0|0,0|0,0|0,0|1,0|0,0|0,0|0,0|0,0|0,1|0,0|0,0|0,0|0,0|0,0|0,0|0,0|0,97,1,1,0,2,99,2,5096,269443,0,0,0,0,0,0,,SNP,2548
5,179823065,.,C,G,.,PASS,AC=9;AN=5096;DP=221979;AF=0;EAS_AF=0.01;EUR_AF=0;AFR_AF=0;AMR_AF=0;SAS_AF=0;EX_TARGET;VT=SNP;NS=2548,GT,0|0,0|0,0|0,0|0,0|0,0|0,0|0,0|0,0|0,0|0,0|0,0|0,0|0,0|0,0|0,0|0,0|0,0|0,0|0,0|0,0|0,0|0,0|0,0|0,0|0,0|0,0|0,0|0,0|0,0|0,0|0,0|0,0|0,0|0,0|0,0|0,0|0,0|0,0|0,0|0,0|0,0|0,0|0,0|0,0|0,0|0,0|0,0|0,0|0,0|0,0|0,0|0,0|0,0|0,0|0,0|0,0|0,0|0,0|0,0|0,0|1,0|0,0|0,0|0,0|0,0|0,0|0,0|0,0|0,0|0,0|0,0|0,0|0,0|0,0|0,0|0,0|0,0|0,0|0,0|0,0|0,0|0,0|0,0|0,0|0,0|0,0|0,0|0,0|0,0|0,0|0,0|0,0|0,0|0,0|0,0|0,0|0,0|0,0|0,98,0,1,0,1,99,9,5096,221979,0,0.01,0,0,0,0,,SNP,2548
5,179823093,.,C,T,.,PASS,AC=92;AN=5096;DP=171133;AF=0.02;EAS_AF=0.02;EUR_AF=0;AFR_AF=0;AMR_AF=0.09;SAS_AF=0;VT=SNP;NS=2548,GT,0|0,0|0,0|0,0|0,0|0,0|0,0|0,0|0,0|0,1|0,0|0,0|0,0|0,0|0,0|0,0|0,0|0,0|0,0|0,0|0,0|0,0|0,0|0,0|0,0|0,0|0,0|0,0|0,0|0,0|0,0|0,0|0,0|0,0|0,0|0,0|0,1|0,0|0,0|0,0|0,0|0,0|0,0|0,0|0,0|0,0|0,0|0,0|0,0|0,0|0,0|0,0|0,1|0,0|0,0|0,0|0,0|0,0|0,0|0,0|0,0|0,0|0,0|0,0|0,0|0,0|0,0|0,0|0,0|0,0|0,0|0,0|0,0|0,0|0,0|0,0|0,0|0,0|0,0|0,0|0,0|0,0|0,0|0,0|0,0|0,0|0,0|0,0|0,0|0,0|0,0|0,0|0,0|0,0|0,0|0,0|0,0|0,0|0,0|0,96,3,0,0,3,99,92,5096,171133,0.02,0.02,0,0,0.09,0,,SNP,2548
5,179823392,.,G,A,.,PASS,AC=2923;AN=5096;DP=18964;AF=0.57;EAS_AF=0.77;EUR_AF=0.44;AFR_AF=0.47;AMR_AF=0.64;SAS_AF=0.6;VT=SNP;NS=2548,GT,1|1,1|0,1|1,0|1,1|1,1|1,1|1,0|1,1|1,1|1,1|1,1|1,1|0,1|1,1|0,1|1,1|0,1|0,0|1,1|0,1|1,0|1,0|1,1|1,1|1,0|1,1|0,1|1,1|1,0|0,0|1,1|1,1|1,1|1,1|0,1|0,1|1,1|1,1|0,0|1,0|0,1|1,1|1,1|0,1|1,1|1,1|1,1|0,1|1,1|1,1|1,0|0,1|0,1|1,1|0,1|0,0|0,1|0,1|0,0|1,1|1,1|1,1|1,0|1,0|0,0|0,0|1,0|1,1|1,0|1,0|1,1|1,1|0,1|1,1|0,0|1,1|1,1|1,1|1,1|1,1|1,1|1,1|0,1|1,1|0,1|0,0|1,0|0,0|0,1|0,0|1,0|1,0|1,1|0,0|1,1|0,1|0,0|1,1|1,8,26,21,44,91,99,2923,5096,18964,0.57,0.77,0.44,0.47,0.64,0.6,,SNP,2548
5,179823416,.,A,G,.,PASS,AC=2476;AN=5096;DP=15532;AF=0.49;EAS_AF=0.76;EUR_AF=0.41;AFR_AF=0.19;AMR_AF=0.61;SAS_AF=0.59;VT=SNP;NS=2548,GT,1|1,1|0,1|1,0|1,1|1,1|1,1|1,0|1,1|1,1|1,1|1,1|1,1|0,1|1,1|0,1|1,1|0,1|0,0|1,1|0,1|1,0|1,0|1,1|1,1|1,0|1,1|0,1|1,1|1,0|0,0|1,1|1,1|1,1|1,1|0,1|0,1|1,1|1,1|0,0|1,0|0,1|1,1|1,1|0,1|1,1|1,1|1,1|0,1|1,1|1,1|1,0|0,1|0,1|1,1|0,1|0,0|0,1|0,1|0,0|1,1|1,1|1,1|1,0|1,0|0,0|0,0|1,0|1,1|1,0|1,0|1,1|1,1|0,1|1,1|0,0|1,1|1,1|1,1|1,1|1,1|1,1|1,1|0,1|1,1|0,1|0,0|1,0|0,0|0,1|0,0|1,0|1,0|1,1|0,0|1,1|0,1|0,0|1,1|1,8,26,21,44,91,99,2476,5096,15532,0.49,0.76,0.41,0.19,0.61,0.59,,SNP,2548
5,179823439,.,A,C,.,PASS,AC=11;AN=5096;DP=12759;AF=0;EAS_AF=0.01;EUR_AF=0;AFR_AF=0;AMR_AF=0.01;SAS_AF=0;VT=SNP;NS=2548,GT,0|0,0|0,0|0,0|0,0|0,0|1,0|0,0|0,0|0,0|0,0|0,0|0,0|0,0|0,0|0,0|0,0|0,0|0,0|0,0|0,0|0,0|0,0|0,0|0,0|0,0|0,0|0,0|0,0|0,0|0,0|0,0|0,0|0,0|0,0|0,0|0,0|0,0|0,0|0,0|0,0|0,0|0,0|0,0|0,0|0,0|0,0|0,0|0,0|0,0|0,0|0,0|0,0|0,0|0,0|0,0|0,0|0,0|0,0|0,0|0,0|0,0|0,0|0,0|0,0|0,0|0,0|0,0|0,0|0,0|0,0|0,0|0,0|0,0|0,0|0,0|0,0|0,0|0,0|0,0|0,0|0,0|0,0|0,0|0,0|0,0|0,0|0,0|0,0|0,0|0,0|0,0|0,0|0,0|0,0|0,0|0,0|0,0|0,0|0,98,0,1,0,1,99,11,5096,12759,0,0.01,0,0,0.01,0,,SNP,2548
5,179823442,.,C,T,.,PASS,AC=8;AN=5096;DP=12185;AF=0;EAS_AF=0.01;EUR_AF=0;AFR_AF=0;AMR_AF=0;SAS_AF=0;VT=SNP;NS=2548,GT,0|0,0|0,0|0,0|0,0|0,0|0,0|0,0|0,0|0,0|0,0|0,0|0,0|0,0|0,0|0,0|0,0|0,0|0,0|0,0|1,0|0,0|0,0|0,0|0,0|0,0|0,0|0,0|0,0|0,0|0,0|0,0|0,0|0,0|0,0|0,0|0,0|0,0|0,0|0,0|0,0|0,0|0,0|0,0|0,0|0,0|0,0|0,0|0,0|0,0|0,0|0,0|0,0|0,0|0,0|0,0|0,0|0,0|0,0|0,0|0,0|0,0|0,0|0,0|0,0|0,0|0,0|0,0|0,0|0,0|0,0|0,0|0,0|0,0|0,0|0,0|0,0|0,0|0,0|0,0|0,0|0,0|0,0|0,0|0,0|0,0|0,0|0,0|0,0|0,0|0,0|0,0|0,0|0,0|0,0|0,0|0,0|0,0|0,0|0,98,0,1,0,1,99,8,5096,12185,0,0.01,0,0,0,0,,SNP,2548
5,179823500,.,C,T,.,PASS,AC=2459;AN=5096;DP=18064;AF=0.48;EAS_AF=0.76;EUR_AF=0.41;AFR_AF=0.19;AMR_AF=0.61;SAS_AF=0.59;VT=SNP;NS=2548,GT,1|1,1|0,1|1,0|1,1|1,1|1,1|1,0|1,1|1,1|1,1|1,1|1,1|0,1|1,1|0,1|1,1|0,1|0,0|1,1|0,1|1,0|1,0|1,1|1,1|1,0|1,1|0,1|1,1|1,0|0,0|1,1|1,1|1,1|1,1|0,1|0,1|1,1|1,1|0,0|1,0|0,1|1,1|1,1|0,1|1,1|1,1|1,1|0,1|0,1|1,1|1,0|0,1|0,1|1,1|0,1|0,0|0,1|0,1|0,0|1,1|1,1|1,1|1,0|1,0|0,0|0,0|1,0|1,1|1,0|1,0|1,1|1,1|0,1|1,1|0,0|1,1|1,1|1,1|1,1|1,1|1,1|1,1|0,1|1,1|0,1|0,0|1,0|0,0|0,1|0,0|1,0|1,0|1,1|0,0|1,1|0,1|0,0|1,1|1,8,27,21,43,91,99,2459,5096,18064,0.48,0.76,0.41,0.19,0.61,0.59,,SNP,2548
5,179823552,.,G,A,.,PASS,AC=3;AN=5096;DP=23659;AF=0;EAS_AF=0;EUR_AF=0;AFR_AF=0;AMR_AF=0;SAS_AF=0;VT=SNP;NS=2548,GT,0|0,0|0,0|0,0|0,0|0,0|0,0|0,0|0,0|0,0|0,0|0,0|0,0|0,0|0,0|0,0|0,0|0,0|0,0|0,0|0,0|0,0|0,0|0,0|0,0|0,0|0,0|0,0|0,0|0,0|0,0|0,0|0,0|0,0|0,0|0,0|0,0|0,0|0,0|1,0|0,0|0,0|0,0|0,0|0,0|0,0|0,0|0,0|0,0|0,0|0,0|0,0|0,0|0,0|0,0|0,0|0,0|0,0|0,0|0,0|0,0|0,0|0,0|0,0|0,0|0,0|0,0|0,0|0,0|0,0|0,0|0,0|0,0|0,0|0,0|0,0|0,0|0,0|0,0|0,0|0,0|0,0|0,0|0,0|0,0|0,0|0,0|0,0|0,0|0,0|0,0|0,0|0,0|0,0|0,0|0,0|0,0|0,0|0,0|0,98,0,1,0,1,99,3,5096,23659,0,0,0,0,0,0,,SNP,2548
5,179823589,.,C,T,.,PASS,AC=125;AN=5096;DP=20994;AF=0.02;EAS_AF=0;EUR_AF=0.05;AFR_AF=0;AMR_AF=0.03;SAS_AF=0.05;VT=SNP;NS=2548,GT,0|0,0|0,0|0,0|0,0|0,0|0,0|0,0|0,0|0,0|0,0|0,0|0,0|0,0|0,0|0,0|0,0|0,0|0,0|0,0|0,0|0,0|0,0|0,0|0,0|0,0|0,1|0,0|0,0|0,0|0,0|0,0|0,0|0,0|0,0|0,0|0,0|0,0|0,0|0,0|0,0|0,0|0,0|0,0|0,0|0,0|0,0|0,0|0,0|0,0|0,0|0,0|0,0|0,0|0,0|0,0|0,0|0,0|0,0|0,0|0,0|0,0|0,0|0,0|0,0|0,0|0,0|0,0|0,0|0,0|0,0|0,0|0,0|0,0|0,0|0,0|0,0|0,0|0,0|0,0|0,0|0,0|0,0|0,0|0,0|0,0|0,0|0,0|0,0|0,0|0,0|0,0|0,0|0,0|0,0|0,0|0,0|0,0|0,0|0,98,1,0,0,1,99,125,5096,20994,0.02,0,0.05,0,0.03,0.05,,SNP,2548
5,179823986,.,G,A,.,PASS,AC=1;AN=5096;DP=218417;AF=0;EAS_AF=0;EUR_AF=0;AFR_AF=0;AMR_AF=0;SAS_AF=0;EX_TARGET;VT=SNP;NS=2548,GT,0|0,0|0,0|0,0|0,0|0,0|0,0|0,0|0,0|0,0|0,0|0,0|0,0|0,0|0,0|0,0|0,0|0,0|0,0|0,0|0,0|0,0|0,0|0,0|0,0|0,0|0,0|0,0|0,0|0,0|0,0|0,0|0,0|0,0|0,0|0,0|0,0|0,0|0,0|0,0|0,0|0,0|0,0|0,0|0,0|0,0|0,0|0,0|0,0|0,0|0,0|0,0|0,0|0,0|0,0|1,0|0,0|0,0|0,0|0,0|0,0|0,0|0,0|0,0|0,0|0,0|0,0|0,0|0,0|0,0|0,0|0,0|0,0|0,0|0,0|0,0|0,0|0,0|0,0|0,0|0,0|0,0|0,0|0,0|0,0|0,0|0,0|0,0|0,0|0,0|0,0|0,0|0,0|0,0|0,0|0,0|0,0|0,0|0,0|0,98,0,1,0,1,99,1,5096,218417,0,0,0,0,0,0,,SNP,2548
5,179824475,.,T,G,.,PASS,AC=2903;AN=5096;DP=41497;AF=0.57;EAS_AF=0.79;EUR_AF=0.45;AFR_AF=0.43;AMR_AF=0.65;SAS_AF=0.61;VT=SNP;NS=2548,GT,1|1,1|0,1|1,1|1,1|1,1|1,1|1,0|1,1|1,1|1,1|1,1|1,1|1,1|1,1|0,1|1,1|0,1|0,0|1,1|0,1|1,0|1,1|1,1|1,1|1,1|1,1|1,1|1,1|1,0|1,0|1,1|1,1|1,1|1,1|0,1|0,1|1,1|1,1|0,0|1,0|0,1|1,1|1,1|0,1|1,1|1,1|1,1|0,1|1,1|1,1|1,0|0,1|0,1|1,1|0,1|0,0|0,1|0,1|0,1|1,1|1,1|1,1|1,0|1,0|0,0|0,0|1,1|1,1|1,0|1,1|1,1|1,1|0,1|1,1|0,0|1,1|1,1|1,1|1,1|1,1|1,1|1,1|0,1|1,1|0,1|0,0|1,0|0,0|0,1|0,0|1,0|1,0|1,1|0,0|1,1|1,1|1,0|1,1|1,7,22,16,54,92,99,2903,5096,41497,0.57,0.79,0.45,0.43,0.65,0.61,,SNP,2548
5,179824704,.,T,C,.,PASS,AC=8;AN=5096;DP=25783;AF=0;EAS_AF=0.01;EUR_AF=0;AFR_AF=0;AMR_AF=0;SAS_AF=0;VT=SNP;NS=2548,GT,0|0,0|0,0|0,0|0,0|0,0|0,0|0,0|0,0|0,0|0,0|0,0|0,1|0,0|0,0|0,0|0,1|0,0|0,0|0,0|0,0|0,0|0,0|0,0|0,0|0,0|0,0|0,0|0,0|0,0|0,0|1,0|0,0|0,0|0,0|0,1|0,0|0,0|0,0|0,0|0,0|0,0|0,0|0,0|0,0|0,0|0,0|0,0|0,0|0,0|0,0|0,0|0,0|0,0|0,0|0,0|0,0|0,0|0,0|0,0|0,0|0,0|0,0|0,0|0,0|0,0|0,0|0,0|0,0|0,0|0,0|0,0|1,0|0,0|0,0|0,0|0,0|0,0|0,0|0,0|0,0|0,0|0,0|0,0|0,0|0,1|0,0|0,0|0,0|0,0|0,0|0,0|0,0|0,0|0,0|0,0|0,0|0,0|0,0|0,93,4,2,0,6,99,8,5096,25783,0,0.01,0,0,0,0,,SNP,2548
5,179824772,.,T,G,.,PASS,AC=17;AN=5096;DP=27527;AF=0;EAS_AF=0;EUR_AF=0;AFR_AF=0;AMR_AF=0;SAS_AF=0.02;VT=SNP;NS=2548,GT,0|0,0|0,0|0,0|0,0|0,0|0,0|0,0|0,0|0,0|0,0|0,0|0,0|0,0|0,0|0,0|0,0|0,0|0,0|0,0|0,0|0,0|0,0|0,0|0,0|0,0|0,0|0,0|0,0|0,0|0,0|0,1|0,0|0,0|0,0|0,0|0,0|0,0|0,0|0,0|0,0|0,0|0,0|0,0|0,0|0,0|0,0|0,0|0,0|0,0|0,0|0,0|0,0|0,0|0,0|0,0|0,0|0,0|0,0|0,0|0,0|0,0|0,0|0,0|0,0|0,0|0,0|0,0|0,0|0,0|0,0|0,0|0,0|0,0|0,0|0,0|0,0|0,0|0,0|0,0|0,0|0,0|0,0|0,0|0,0|0,0|0,0|0,0|0,0|0,0|0,0|0,0|0,0|0,0|0,0|0,0|0,0|0,0|0,0|0,98,1,0,0,1,99,17,5096,27527,0,0,0,0,0,0.02,,SNP,2548
5,179825052,.,G,A,.,PASS,AC=221;AN=5096;DP=103854;AF=0.04;EAS_AF=0;EUR_AF=0.02;AFR_AF=0.13;AMR_AF=0.02;SAS_AF=0.01;VT=SNP;NS=2548,GT,0|0,0|0,0|0,0|0,0|0,0|0,0|0,0|0,0|0,0|0,0|0,0|0,0|0,0|0,0|0,0|0,0|0,0|0,0|0,0|0,0|0,0|0,0|0,0|0,0|0,0|0,0|0,0|0,0|0,0|0,0|0,0|0,0|0,0|0,0|0,0|0,0|0,0|0,0|0,0|0,1|0,0|0,0|0,0|0,0|0,0|0,0|0,0|0,0|0,0|0,0|0,0|0,0|0,0|0,0|0,0|0,0|0,0|0,0|0,0|0,0|0,0|0,0|0,0|0,0|0,0|0,0|0,0|0,0|0,0|0,0|0,0|0,0|0,0|0,0|0,0|0,0|0,0|0,0|0,0|0,0|0,0|0,0|0,0|0,0|0,0|0,0|0,0|0,0|0,0|0,0|0,0|0,0|0,0|0,0|0,0|0,0|0,0|0,0|0,98,1,0,0,1,99,221,5096,103854,0.04,0,0.02,0.13,0.02,0.01,,SNP,2548
5,179825537,.,A,G,.,PASS,AC=2971;AN=5096;DP=30699;AF=0.58;EAS_AF=0.79;EUR_AF=0.45;AFR_AF=0.47;AMR_AF=0.65;SAS_AF=0.6;VT=SNP;NS=2548,GT,1|1,1|0,1|1,1|1,1|1,1|1,1|1,0|1,1|1,1|1,1|1,1|1,1|1,1|1,1|0,1|1,1|0,1|0,0|1,1|0,1|1,0|1,1|1,1|1,1|1,1|1,1|1,1|1,1|1,0|1,0|1,1|1,1|1,1|1,1|0,1|0,1|1,1|1,1|0,0|1,0|0,1|1,1|1,1|0,1|1,1|1,1|1,1|0,1|1,1|1,1|1,0|0,1|0,1|1,1|0,1|0,0|0,1|0,1|0,1|1,1|1,1|1,1|1,0|1,0|0,0|0,0|1,1|1,1|1,0|1,1|1,1|1,1|0,1|1,1|0,0|1,1|1,1|1,1|1,1|1,1|1,1|1,1|0,1|1,1|0,1|0,0|1,0|0,0|0,1|0,0|1,0|1,0|1,1|0,0|1,1|1,1|1,0|1,1|1,7,22,16,54,92,99,2971,5096,30699,0.58,0.79,0.45,0.47,0.65,0.6,,SNP,2548
5,179825562,.,T,G,.,PASS,AC=1;AN=5096;DP=30049;AF=0;EAS_AF=0;EUR_AF=0;AFR_AF=0;AMR_AF=0;SAS_AF=0;VT=SNP;NS=2548,GT,0|0,0|0,0|0,0|0,0|0,0|0,0|0,0|0,0|0,0|0,0|0,0|0,0|0,0|0,0|0,0|0,0|0,0|0,0|0,0|0,0|0,0|0,0|0,0|0,0|0,0|0,0|0,0|0,0|0,0|1,0|0,0|0,0|0,0|0,0|0,0|0,0|0,0|0,0|0,0|0,0|0,0|0,0|0,0|0,0|0,0|0,0|0,0|0,0|0,0|0,0|0,0|0,0|0,0|0,0|0,0|0,0|0,0|0,0|0,0|0,0|0,0|0,0|0,0|0,0|0,0|0,0|0,0|0,0|0,0|0,0|0,0|0,0|0,0|0,0|0,0|0,0|0,0|0,0|0,0|0,0|0,0|0,0|0,0|0,0|0,0|0,0|0,0|0,0|0,0|0,0|0,0|0,0|0,0|0,0|0,0|0,0|0,0|0,0|0,98,0,1,0,1,99,1,5096,30049,0,0,0,0,0,0,,SNP,2548
5,179826246,.,C,T,.,PASS,AC=4;AN=5096;DP=20161;AF=0;EAS_AF=0;EUR_AF=0;AFR_AF=0;AMR_AF=0;SAS_AF=0;VT=SNP;NS=2548,GT,0|0,0|0,0|0,0|0,0|0,0|0,0|0,0|0,0|0,0|0,0|1,0|0,0|0,0|0,0|0,0|0,0|0,0|0,0|0,0|0,0|0,0|0,0|0,0|0,0|0,0|0,0|0,0|0,0|0,0|0,0|0,0|0,0|0,0|0,0|0,0|0,0|0,0|0,0|0,0|0,0|0,0|0,0|0,0|0,0|0,0|0,0|0,0|0,0|0,0|0,0|0,0|0,0|0,0|0,0|0,0|0,0|0,0|0,0|0,0|0,0|0,0|0,0|0,0|0,0|0,0|0,0|0,0|0,0|0,0|0,0|0,0|0,0|0,0|0,0|0,0|0,0|0,0|0,0|0,0|0,0|0,0|0,0|0,0|0,0|0,0|0,0|0,0|0,0|0,0|0,0|0,0|0,0|1,0|0,0|0,0|0,0|0,0|0,0|0,97,0,2,0,2,99,4,5096,20161,0,0,0,0,0,0,,SNP,2548
5,179826458,.,C,A,.,PASS,AC=1;AN=5096;DP=19391;AF=0;EAS_AF=0;EUR_AF=0;AFR_AF=0;AMR_AF=0;SAS_AF=0;VT=SNP;NS=2548,GT,0|0,0|0,0|0,0|0,0|0,0|0,0|0,0|0,0|0,0|0,0|0,0|0,0|0,0|0,0|0,0|0,0|0,0|0,0|0,0|0,0|0,0|0,0|0,0|0,0|0,0|0,0|0,0|0,0|0,0|0,0|0,0|0,0|0,0|0,0|0,0|0,0|0,0|0,0|0,0|0,0|0,0|0,0|0,0|0,0|0,0|0,0|0,0|0,0|0,0|0,0|0,0|0,0|0,0|0,0|0,0|0,0|0,0|0,0|0,0|0,0|0,0|0,0|0,0|0,0|0,0|0,0|0,0|1,0|0,0|0,0|0,0|0,0|0,0|0,0|0,0|0,0|0,0|0,0|0,0|0,0|0,0|0,0|0,0|0,0|0,0|0,0|0,0|0,0|0,0|0,0|0,0|0,0|0,0|0,0|0,0|0,0|0,0|0,0|0,98,0,1,0,1,99,1,5096,19391,0,0,0,0,0,0,,SNP,2548
5,179826875,.,C,T,.,PASS,AC=2486;AN=5096;DP=19922;AF=0.49;EAS_AF=0.76;EUR_AF=0.41;AFR_AF=0.2;AMR_AF=0.61;SAS_AF=0.59;VT=SNP;NS=2548,GT,1|1,1|0,1|1,0|1,1|1,1|1,1|1,0|1,1|1,1|1,1|1,1|1,1|0,1|1,1|0,1|1,1|0,1|0,0|1,1|0,1|1,0|1,0|1,1|1,1|0,0|1,1|0,1|1,1|1,0|0,0|1,1|1,1|1,1|1,1|0,1|0,1|1,1|1,1|0,0|1,0|0,1|1,1|1,1|0,1|1,1|1,1|1,1|0,1|1,1|1,1|1,0|0,1|0,1|1,1|0,1|0,0|0,1|0,1|0,0|1,1|1,1|1,1|1,0|1,0|0,0|0,0|1,0|1,1|1,0|1,0|1,1|1,1|0,1|1,1|0,0|1,1|1,1|1,1|1,1|1,1|1,1|1,1|0,1|1,1|0,1|0,0|1,0|0,0|0,1|0,0|1,0|1,0|1,1|0,0|1,1|0,1|0,0|1,1|1,8,27,21,43,91,99,2486,5096,19922,0.49,0.76,0.41,0.2,0.61,0.59,,SNP,2548
5,179826926,.,A,G,.,PASS,AC=3580;AN=5096;DP=20967;AF=0.7;EAS_AF=0.77;EUR_AF=0.51;AFR_AF=0.85;AMR_AF=0.73;SAS_AF=0.62;VT=SNP;NS=2548,GT,1|1,1|0,1|1,0|1,1|1,1|1,1|1,0|1,1|1,1|1,1|1,1|1,1|0,1|1,1|0,1|1,1|0,1|0,0|1,1|0,1|1,0|1,0|1,1|1,1|0,0|1,1|0,1|1,1|1,0|0,0|1,1|1,1|1,1|1,1|0,1|0,1|1,1|1,1|0,0|1,0|0,1|1,1|1,1|0,1|1,1|1,1|1,1|0,1|1,1|1,1|1,0|0,1|0,1|1,1|0,1|0,0|0,1|0,1|0,0|1,1|1,1|1,1|1,0|1,0|0,0|0,0|1,0|1,1|1,0|1,0|1,1|1,1|0,1|1,1|0,0|1,1|1,1|1,1|1,1|1,1|1,1|1,1|0,1|1,1|0,1|0,0|1,0|0,0|0,1|0,0|1,0|1,0|1,1|0,0|1,1|0,1|0,0|1,1|1,8,27,21,43,91,99,3580,5096,20967,0.7,0.77,0.51,0.85,0.73,0.62,,SNP,2548
5,179827206,.,TCA,T,.,PASS,AC=2853;AN=5096;DP=19196;AF=0.56;EAS_AF=0.77;EUR_AF=0.45;AFR_AF=0.41;AMR_AF=0.65;SAS_AF=0.6;VT=INDEL;NS=2548,GT,1|1,1|0,1|1,0|1,1|1,1|1,1|1,0|1,1|1,1|1,1|1,1|1,1|0,1|1,1|0,1|1,1|0,1|0,0|1,1|0,1|1,0|1,0|1,1|1,1|0,0|1,1|0,1|1,1|1,0|0,0|1,1|1,1|1,1|1,1|0,1|0,1|1,1|1,1|0,0|1,0|0,1|1,1|1,1|0,1|1,1|1,1|1,1|0,1|1,1|1,1|1,0|0,1|0,1|1,1|0,1|0,0|0,1|0,1|0,0|1,1|1,1|1,1|1,0|1,0|0,0|0,0|1,0|1,1|1,0|1,0|1,1|1,1|0,1|1,1|0,0|1,1|1,1|1,1|1,1|1,1|1,1|1,1|0,1|1,1|0,1|0,0|1,0|0,0|0,1|0,0|1,0|1,0|1,1|0,0|1,1|0,1|0,0|1,1|1,8,27,21,43,91,99,2853,5096,19196,0.56,0.77,0.45,0.41,0.65,0.6,,INDEL,2548
5,179827225,.,A,C,.,PASS,AC=11;AN=5096;DP=20566;AF=0;EAS_AF=0.01;EUR_AF=0;AFR_AF=0;AMR_AF=0;SAS_AF=0;VT=SNP;NS=2548,GT,0|0,0|0,0|0,0|0,0|0,0|0,0|0,0|0,0|0,0|0,0|0,0|0,0|0,0|0,0|0,0|0,0|0,0|0,0|0,0|0,0|0,0|0,0|0,0|0,0|0,0|0,0|0,0|0,0|0,0|0,0|0,0|0,0|0,0|0,0|0,0|0,0|0,0|1,0|0,0|0,0|0,0|0,0|0,0|0,0|0,0|0,0|0,0|0,0|0,0|0,0|0,0|0,0|0,0|0,0|0,0|0,0|0,0|0,0|0,0|0,0|0,0|0,0|0,0|0,0|0,0|0,0|0,0|0,0|0,0|0,0|0,0|0,0|0,0|0,0|0,0|0,0|0,0|0,0|0,0|0,0|0,0|0,0|0,0|0,0|0,0|0,0|0,0|0,0|0,0|0,0|0,0|0,0|0,0|0,0|0,0|0,0|0,0|0,0|0,98,0,1,0,1,99,11,5096,20566,0,0.01,0,0,0,0,,SNP,2548
5,179827247,.,G,A,.,PASS,AC=2941;AN=5096;DP=20504;AF=0.58;EAS_AF=0.77;EUR_AF=0.45;AFR_AF=0.47;AMR_AF=0.65;SAS_AF=0.6;VT=SNP;NS=2548,GT,1|1,1|0,1|1,0|1,1|1,1|1,1|1,0|1,1|1,1|1,1|1,1|1,1|0,1|1,1|0,1|1,1|0,1|0,0|1,1|0,1|1,0|1,0|1,1|1,1|0,0|1,1|0,1|1,1|1,0|0,0|1,1|1,1|1,1|1,1|0,1|0,1|1,1|1,1|0,0|1,0|0,1|1,1|1,1|0,1|1,1|1,1|1,1|0,1|1,1|1,1|1,0|0,1|0,1|1,1|0,1|0,0|0,1|0,1|0,0|1,1|1,1|1,1|1,0|1,0|0,0|0,0|1,0|1,1|1,0|1,0|1,1|1,1|0,1|1,1|0,0|1,1|1,1|1,1|1,1|1,1|1,1|1,1|0,1|1,1|0,1|0,0|1,0|0,0|0,1|0,0|1,0|1,0|1,1|0,0|1,1|0,1|0,0|1,1|1,8,27,21,43,91,99,2941,5096,20504,0.58,0.77,0.45,0.47,0.65,0.6,,SNP,2548
5,179827340,.,T,C,.,PASS,AC=3579;AN=5096;DP=19477;AF=0.7;EAS_AF=0.77;EUR_AF=0.51;AFR_AF=0.85;AMR_AF=0.73;SAS_AF=0.62;VT=SNP;NS=2548,GT,1|1,1|0,1|1,0|1,1|1,1|1,1|1,0|1,1|1,1|1,1|1,1|1,1|0,1|1,1|0,1|1,1|0,1|0,0|1,1|0,1|1,0|1,0|1,1|1,1|0,0|1,1|0,1|1,1|1,0|0,0|1,1|1,1|1,1|1,1|0,1|0,1|1,1|1,1|0,0|1,0|0,1|1,1|1,1|0,1|1,1|1,1|1,1|0,1|1,1|1,1|1,0|0,1|0,1|1,1|0,1|0,0|0,1|0,1|0,0|1,1|1,1|1,1|1,0|1,0|0,0|0,0|1,0|1,1|1,0|1,0|1,1|1,1|0,1|1,1|0,0|1,1|1,1|1,1|1,1|1,1|1,1|1,1|0,1|1,1|0,1|0,0|1,0|0,0|0,1|0,0|1,0|1,0|1,1|0,0|1,1|0,1|0,0|1,1|1,8,27,21,43,91,99,3579,5096,19477,0.7,0.77,0.51,0.85,0.73,0.62,,SNP,2548
5,179827519,.,C,T,.,PASS,AC=27;AN=5096;DP=17767;AF=0.01;EAS_AF=0.03;EUR_AF=0;AFR_AF=0;AMR_AF=0;SAS_AF=0;VT=SNP;NS=2548,GT,0|0,0|0,1|0,0|0,0|0,0|0,0|0,0|0,1|0,0|0,0|0,0|0,0|0,0|1,0|0,0|0,0|0,0|0,0|1,0|0,0|0,0|0,0|0,0|0,0|0,0|0,0|0,0|0,0|0,0|0,0|0,0|0,0|0,0|1,0|0,0|0,0|0,0|0,0|0,0|0,0|0,1|0,0|0,0|0,0|0,0|0,0|0,0|0,0|0,0|0,0|0,0|0,0|0,0|0,0|0,0|0,0|0,0|0,0|0,0|0,0|0,0|0,0|0,0|0,0|0,0|0,0|0,0|1,0|0,0|0,0|0,0|0,0|0,0|0,0|0,0|0,0|1,1|0,0|0,0|0,0|0,0|0,0|0,0|0,0|0,0|0,0|0,0|0,0|0,0|0,0|0,0|0,0|0,0|0,0|0,0|0,0|0,0|0,0|0,90,4,5,0,9,99,27,5096,17767,0.01,0.03,0,0,0,0,,SNP,2548
5,179827657,.,C,A,.,PASS,AC=5;AN=5096;DP=21711;AF=0;EAS_AF=0;EUR_AF=0;AFR_AF=0;AMR_AF=0;SAS_AF=0;VT=SNP;NS=2548,GT,0|0,0|0,0|0,0|0,0|0,0|0,0|0,0|0,0|0,0|0,0|0,0|0,0|0,0|0,0|1,0|0,0|1,0|0,0|0,0|0,0|0,0|0,0|0,0|0,0|0,0|0,0|0,0|0,0|0,0|0,0|0,0|0,0|0,0|0,0|0,0|0,0|0,0|0,0|0,0|0,0|0,0|0,0|0,0|0,0|0,0|0,0|0,0|0,0|0,0|0,0|0,0|0,0|0,0|0,0|0,0|0,0|0,0|0,0|0,0|0,0|0,0|0,0|0,0|0,0|0,0|0,0|0,0|0,0|0,0|0,0|0,0|0,0|0,0|0,0|0,0|0,0|0,0|0,0|0,0|0,0|0,0|0,0|0,0|0,0|0,0|0,0|0,0|1,0|0,0|0,0|0,0|0,0|0,0|0,0|0,0|0,0|0,0|0,0|0,96,0,3,0,3,99,5,5096,21711,0,0,0,0,0,0,,SNP,2548
5,179827745,.,T,C,.,PASS,AC=4;AN=5096;DP=22298;AF=0;EAS_AF=0;EUR_AF=0;AFR_AF=0;AMR_AF=0;SAS_AF=0;VT=SNP;NS=2548,GT,0|0,0|0,0|0,0|0,0|0,0|0,0|0,0|0,0|0,0|0,0|0,0|0,0|0,0|0,0|0,0|0,0|0,0|0,0|0,0|0,0|0,0|0,0|0,0|0,0|0,0|0,0|0,0|0,0|0,0|0,0|0,0|0,0|0,0|0,0|0,0|0,0|0,0|0,0|0,0|0,0|0,0|0,0|0,0|0,0|0,0|0,0|0,0|0,0|0,0|0,0|0,0|0,0|0,0|0,0|0,0|0,0|0,0|0,0|0,0|0,0|0,0|0,0|0,0|0,0|0,0|0,0|0,0|0,0|0,0|0,0|0,0|0,0|0,0|0,0|0,0|0,0|0,0|0,0|0,0|0,0|0,0|1,0|0,0|0,0|0,0|0,0|0,0|0,0|0,0|0,0|0,0|0,0|0,0|0,0|0,0|0,0|0,0|0,0|0,98,0,1,0,1,99,4,5096,22298,0,0,0,0,0,0,,SNP,2548
5,179827846,.,A,G,.,PASS,AC=2459;AN=5096;DP=22436;AF=0.48;EAS_AF=0.76;EUR_AF=0.42;AFR_AF=0.17;AMR_AF=0.61;SAS_AF=0.58;VT=SNP;NS=2548,GT,1|1,1|0,1|1,0|1,1|1,1|1,1|1,0|1,1|1,1|1,1|1,1|1,1|0,1|1,1|0,1|1,1|0,1|0,0|1,1|0,1|1,0|1,0|1,1|1,1|0,0|1,1|0,1|1,1|1,0|0,0|1,1|1,1|1,1|1,1|0,1|0,1|1,1|1,1|0,0|1,0|0,1|1,1|1,1|0,1|1,1|1,1|1,1|0,1|1,1|1,1|1,0|0,1|0,1|1,1|0,1|0,0|0,1|0,1|0,0|1,1|1,1|1,1|1,0|1,0|0,0|0,0|1,0|1,1|1,0|1,0|1,1|1,1|0,1|1,1|0,0|1,1|1,1|1,1|1,1|1,1|1,1|1,1|0,1|1,1|0,1|0,0|1,0|0,0|0,1|0,0|1,0|1,0|1,1|0,0|1,1|0,1|0,0|1,1|1,8,27,21,43,91,99,2459,5096,22436,0.48,0.76,0.42,0.17,0.61,0.58,,SNP,2548
5,179828103,.,T,C,.,PASS,AC=1;AN=5096;DP=23234;AF=0;EAS_AF=0;EUR_AF=0;AFR_AF=0;AMR_AF=0;SAS_AF=0;VT=SNP;NS=2548,GT,0|0,0|0,0|0,0|0,0|0,0|0,0|0,0|0,0|0,0|0,0|0,0|0,0|0,0|0,0|0,0|0,0|0,0|0,0|0,0|0,0|0,0|0,0|0,0|0,0|0,0|0,0|0,0|0,0|0,0|0,0|0,0|0,0|0,0|0,0|0,0|0,0|0,0|0,0|0,0|0,0|0,0|0,0|0,0|0,0|0,0|0,0|0,0|0,0|0,0|0,0|0,0|0,0|0,0|0,0|0,0|0,0|0,0|0,0|0,0|0,0|0,0|0,0|0,0|0,0|0,0|0,0|0,0|0,0|0,0|0,0|0,0|0,0|0,0|0,0|0,0|0,0|0,0|0,0|0,0|0,0|0,0|0,0|0,0|0,0|0,0|0,0|0,0|0,0|0,1|0,0|0,0|0,0|0,0|0,0|0,0|0,0|0,0|0,0|0,98,1,0,0,1,99,1,5096,23234,0,0,0,0,0,0,,SNP,2548
5,179828408,.,T,C,.,PASS,AC=43;AN=5096;DP=11744;AF=0.01;EAS_AF=0.04;EUR_AF=0;AFR_AF=0;AMR_AF=0;SAS_AF=0;VT=SNP;NS=2548,GT,0|0,0|0,0|0,0|0,1|0,0|0,0|0,0|0,0|0,0|0,0|0,0|0,0|0,0|0,0|0,0|0,0|0,0|0,0|0,0|0,0|1,0|0,0|0,0|0,0|0,0|0,0|0,0|0,0|0,0|0,0|0,0|0,0|0,0|0,0|0,0|0,0|1,0|0,0|0,0|0,0|0,0|0,0|0,0|0,0|0,0|0,0|0,1|0,0|0,0|0,1|0,0|0,0|0,0|0,0|0,0|0,0|0,1|0,0|0,0|0,0|0,0|0,0|0,0|0,0|0,0|0,0|0,0|0,0|0,0|0,0|0,0|0,0|0,0|0,1|0,0|0,0|0,0|0,0|0,0|0,1|0,0|0,1|0,0|0,0|0,0|0,0|0,0|0,0|0,0|0,0|0,0|0,0|0,0|0,0|0,0|0,0|0,0|0,0|1,89,7,3,0,10,99,43,5096,11744,0.01,0.04,0,0,0,0,,SNP,2548
5,179828819,.,C,CA,.,PASS,AC=2475;AN=5096;DP=20762;AF=0.49;EAS_AF=0.76;EUR_AF=0.42;AFR_AF=0.19;AMR_AF=0.61;SAS_AF=0.59;VT=INDEL;NS=2548,GT,1|1,1|0,1|1,0|1,1|1,1|1,1|1,0|1,1|1,1|1,1|1,1|1,1|0,1|1,1|0,1|1,1|0,1|0,0|1,1|0,1|1,0|1,0|1,1|1,1|0,0|1,1|0,1|1,1|1,0|0,0|1,1|1,1|1,1|1,1|0,1|0,1|1,1|1,1|0,0|1,0|0,1|1,1|1,1|0,1|1,1|1,1|1,1|0,1|1,1|1,1|1,0|0,1|0,1|1,1|0,1|0,0|0,1|0,1|0,0|1,1|1,1|1,1|1,0|1,0|0,0|0,0|1,0|1,1|1,0|1,0|1,1|1,1|0,1|1,1|0,0|1,1|1,1|1,1|1,1|1,1|1,1|1,1|0,1|1,1|0,1|0,0|1,0|0,0|0,1|0,0|1,0|1,0|1,1|0,0|1,1|0,1|0,0|1,1|1,8,27,21,43,91,99,2475,5096,20762,0.49,0.76,0.42,0.19,0.61,0.59,,INDEL,2548
5,179828878,.,G,T,.,PASS,AC=1;AN=5096;DP=20732;AF=0;EAS_AF=0;EUR_AF=0;AFR_AF=0;AMR_AF=0;SAS_AF=0;VT=SNP;NS=2548,GT,0|0,0|0,0|0,0|0,0|0,0|0,0|0,0|0,0|0,0|0,0|0,0|0,0|0,0|0,0|0,0|0,0|0,0|0,0|0,0|0,0|0,0|0,0|0,0|0,0|0,0|0,0|0,0|0,0|0,0|0,0|0,0|0,0|0,0|0,0|0,0|0,0|0,0|0,0|0,0|0,0|0,0|0,0|0,0|0,0|0,0|0,0|0,0|0,0|0,0|0,0|0,0|0,0|0,0|0,0|0,0|0,0|0,0|0,0|0,0|0,0|0,0|0,0|0,0|0,0|0,0|0,0|0,0|0,0|0,0|0,0|0,0|0,0|0,0|1,0|0,0|0,0|0,0|0,0|0,0|0,0|0,0|0,0|0,0|0,0|0,0|0,0|0,0|0,0|0,0|0,0|0,0|0,0|0,0|0,0|0,0|0,0|0,0|0,0|0,98,0,1,0,1,99,1,5096,20732,0,0,0,0,0,0,,SNP,2548
5,179828970,.,G,C,.,PASS,AC=2946;AN=5096;DP=20061;AF=0.58;EAS_AF=0.77;EUR_AF=0.46;AFR_AF=0.48;AMR_AF=0.65;SAS_AF=0.6;VT=SNP;NS=2548,GT,1|1,1|0,1|1,0|1,1|1,1|1,1|1,0|1,1|1,1|1,1|1,1|1,1|0,1|1,1|0,1|1,1|0,1|0,0|1,1|0,1|1,0|1,0|1,1|1,1|0,0|1,1|0,1|1,1|1,0|0,0|1,1|1,1|1,1|1,1|0,1|0,1|1,1|1,1|0,0|1,0|0,1|1,1|1,1|0,1|1,1|1,1|1,1|0,1|1,1|1,1|1,0|0,1|0,1|1,1|0,1|0,0|0,1|0,1|0,0|1,1|1,1|1,1|1,0|1,0|0,0|0,0|1,0|1,1|1,0|1,0|1,1|1,1|0,1|1,1|0,0|1,1|1,1|1,1|1,1|1,1|1,1|1,1|0,1|1,1|0,1|0,0|1,0|0,0|0,1|0,0|1,0|1,0|1,1|0,0|1,1|0,1|0,0|1,1|1,8,27,21,43,91,99,2946,5096,20061,0.58,0.77,0.46,0.48,0.65,0.6,,SNP,2548
5,179829373,.,C,A,.,PASS,AC=7;AN=5096;DP=19891;AF=0;EAS_AF=0;EUR_AF=0;AFR_AF=0;AMR_AF=0;SAS_AF=0.01;VT=SNP;NS=2548,GT,0|0,0|0,0|0,0|0,0|0,0|0,0|0,0|0,0|0,0|0,0|0,0|0,0|0,0|0,0|0,0|0,0|0,0|0,0|0,0|0,0|0,0|0,0|0,0|0,0|0,0|0,0|0,0|0,0|0,0|0,0|0,0|0,0|0,0|0,0|0,0|0,0|0,0|0,0|0,0|0,0|0,0|0,0|0,0|0,0|0,0|0,0|0,0|0,0|0,0|0,0|0,0|0,0|0,0|0,0|0,0|0,0|0,0|0,0|0,0|0,0|0,0|0,0|0,0|0,0|0,0|0,0|0,0|0,0|0,0|0,0|0,0|0,0|0,0|0,0|0,0|0,0|0,0|0,0|0,0|0,0|0,0|0,0|0,0|0,0|0,0|0,0|0,0|0,0|0,0|0,0|0,0|1,0|0,0|0,0|0,0|0,0|0,0|0,0|0,98,0,1,0,1,99,7,5096,19891,0,0,0,0,0,0.01,,SNP,2548
5,179829645,.,T,C,.,PASS,AC=1;AN=5096;DP=20855;AF=0;EAS_AF=0;EUR_AF=0;AFR_AF=0;AMR_AF=0;SAS_AF=0;VT=SNP;NS=2548,GT,0|0,0|0,0|0,0|0,0|0,0|0,0|0,0|0,0|0,0|0,0|0,0|0,0|0,0|0,0|0,0|0,0|0,0|0,0|0,0|0,0|0,0|0,0|0,0|0,0|0,0|0,0|0,0|0,0|0,0|0,0|0,0|0,0|0,0|0,0|0,0|0,0|0,0|0,0|0,0|0,0|0,0|0,0|0,0|0,0|0,0|0,0|0,0|0,0|0,0|0,0|0,0|0,0|0,0|0,0|0,0|0,0|0,0|0,0|0,0|0,0|0,0|0,0|0,0|0,0|0,0|0,0|0,0|0,0|0,0|0,0|0,0|0,0|0,0|0,0|0,0|0,0|0,0|0,1|0,0|0,0|0,0|0,0|0,0|0,0|0,0|0,0|0,0|0,0|0,0|0,0|0,0|0,0|0,0|0,0|0,0|0,0|0,0|0,0|0,98,1,0,0,1,99,1,5096,20855,0,0,0,0,0,0,,SNP,2548
5,179829684,.,T,G,.,PASS,AC=101;AN=5096;DP=6558;AF=0.02;EAS_AF=0.01;EUR_AF=0.01;AFR_AF=0.05;AMR_AF=0.01;SAS_AF=0.01;VT=SNP;NS=2548,GT,0|0,0|0,0|0,0|0,0|0,0|0,0|0,0|0,0|0,0|0,0|0,0|0,0|0,0|0,0|0,0|0,0|0,0|0,0|0,0|0,0|0,0|0,0|0,0|0,0|0,0|0,0|0,0|0,0|0,0|0,0|0,0|0,0|0,0|0,0|0,0|0,0|0,0|0,0|0,0|0,0|0,0|0,0|0,0|0,0|0,0|0,0|0,0|0,0|0,0|0,0|0,0|0,0|0,0|0,0|0,0|0,0|0,0|0,0|0,0|0,0|0,0|0,0|0,0|0,0|0,0|0,1|0,0|0,0|0,0|0,0|0,0|0,0|0,0|0,0|0,0|0,0|0,0|0,0|0,0|0,0|0,0|0,0|0,0|0,0|0,0|0,0|0,0|0,0|0,0|0,0|0,0|0,0|0,0|0,0|0,0|0,0|0,0|0,0|0,98,1,0,0,1,99,101,5096,6558,0.02,0.01,0.01,0.05,0.01,0.01,,SNP,2548
5,179829705,.,C,A,.,PASS,AC=145;AN=5096;DP=6815;AF=0.03;EAS_AF=0.02;EUR_AF=0.01;AFR_AF=0.07;AMR_AF=0.02;SAS_AF=0;VT=SNP;NS=2548,GT,0|0,0|0,0|0,0|0,0|0,0|0,0|0,0|0,0|0,0|0,0|0,0|0,0|0,0|0,0|0,0|0,0|0,0|0,0|0,0|0,0|0,0|0,0|0,0|0,0|0,0|0,0|0,0|0,0|0,0|0,0|0,0|0,0|0,0|0,0|0,0|0,0|0,0|0,0|0,0|0,0|0,0|0,0|0,0|0,0|0,0|0,0|0,0|0,0|0,0|0,0|0,0|0,0|0,0|0,0|0,0|0,0|0,0|0,0|0,0|0,0|0,0|0,0|0,0|0,0|0,0|0,0|0,0|0,1|0,0|0,0|0,0|0,0|0,0|0,0|0,0|0,0|0,0|0,0|0,0|0,0|0,0|0,0|0,0|0,0|0,0|0,0|0,0|0,0|0,0|0,0|0,0|0,0|0,0|0,0|0,0|0,0|0,0|0,0|0,98,1,0,0,1,99,145,5096,6815,0.03,0.02,0.01,0.07,0.02,0,,SNP,2548
5,179829790,.,A,G,.,PASS,AC=5;AN=5096;DP=22519;AF=0;EAS_AF=0;EUR_AF=0;AFR_AF=0;AMR_AF=0;SAS_AF=0;VT=SNP;NS=2548,GT,0|0,0|0,0|0,0|0,0|0,0|0,0|0,0|0,0|0,1|0,0|0,0|0,0|0,0|0,0|0,0|0,0|0,0|0,0|0,0|0,0|0,0|0,0|0,0|0,0|0,0|0,0|0,0|0,0|0,0|0,0|0,0|0,0|0,0|0,0|0,0|0,0|0,0|0,0|0,0|0,0|0,0|0,0|0,0|0,0|0,0|0,0|0,0|0,0|0,0|0,0|0,0|0,0|0,0|0,0|0,0|0,0|0,0|0,0|0,0|0,0|0,0|0,0|0,0|0,0|0,0|0,0|0,0|0,0|0,0|0,0|0,0|0,0|0,0|0,0|0,0|0,0|0,0|0,0|0,0|0,0|0,0|0,0|0,0|0,0|0,0|0,0|0,0|0,0|0,0|0,0|0,0|0,0|0,0|0,0|0,0|0,0|0,0|0,0|0,98,1,0,0,1,99,5,5096,22519,0,0,0,0,0,0,,SNP,2548
5,179829838,.,G,A,.,PASS,AC=3;AN=5096;DP=22648;AF=0;EAS_AF=0;EUR_AF=0;AFR_AF=0;AMR_AF=0;SAS_AF=0;VT=SNP;NS=2548,GT,0|0,0|0,0|0,0|0,0|0,0|0,0|0,0|0,0|0,0|0,0|0,0|0,0|0,0|0,0|0,0|0,0|0,0|0,0|0,0|0,0|0,0|0,0|0,0|0,0|0,0|0,0|0,0|0,0|0,1|0,0|0,0|0,0|0,0|0,0|0,0|0,0|0,0|0,0|0,0|0,0|0,0|0,0|0,0|0,0|0,0|0,0|0,0|0,0|0,0|0,0|0,0|0,0|0,0|0,0|0,0|0,0|0,0|0,0|0,0|0,0|0,0|0,0|0,0|0,0|0,0|0,0|0,0|0,0|0,0|0,0|0,0|0,0|0,0|0,0|0,0|0,0|0,0|0,0|0,0|0,0|0,0|0,0|0,0|0,0|0,0|0,0|0,0|0,0|0,0|0,0|0,0|0,0|0,0|0,0|0,0|0,0|0,0|0,0|0,98,1,0,0,1,99,3,5096,22648,0,0,0,0,0,0,,SNP,2548
5,179829923,.,C,A,.,PASS,AC=455;AN=5096;DP=21748;AF=0.09;EAS_AF=0.15;EUR_AF=0.11;AFR_AF=0.01;AMR_AF=0.14;SAS_AF=0.08;VT=SNP;NS=2548,GT,0|0,0|0,1|0,0|1,0|0,0|0,0|1,0|1,1|0,1|0,0|0,0|0,0|0,0|1,0|0,0|0,0|0,0|0,0|1,0|0,0|0,0|0,0|0,0|0,1|0,0|0,0|0,0|1,0|0,0|0,0|0,0|0,0|0,1|1,0|0,0|0,1|0,0|0,0|0,0|0,0|0,1|0,0|0,0|0,1|0,0|0,0|0,0|0,0|1,1|0,0|1,0|0,1|0,0|0,0|0,0|0,0|0,0|0,0|0,0|0,1|0,0|0,1|0,0|0,0|0,0|0,0|1,0|1,0|0,0|0,0|0,0|0,0|0,0|0,0|0,0|0,0|1,1|0,0|1,0|0,0|0,1|0,0|0,0|0,0|0,0|0,0|0,0|0,0|0,0|0,0|1,0|0,0|0,0|0,0|0,1|0,1|0,0|0,0|0,70,15,13,1,29,99,455,5096,21748,0.09,0.15,0.11,0.01,0.14,0.08,,SNP,2548
5,179830135,.,A,AAAAC,.,PASS,AC=3485;AN=5096;DP=24386;AF=0.68;EAS_AF=0.76;EUR_AF=0.51;AFR_AF=0.79;AMR_AF=0.73;SAS_AF=0.61;VT=INDEL;NS=2548,GT,1|1,1|0,1|1,0|1,1|1,1|1,1|1,0|1,1|1,1|1,1|1,1|1,1|0,1|1,1|0,1|1,1|0,1|0,0|1,1|0,1|1,0|1,0|1,1|1,1|0,0|1,1|0,1|1,1|1,0|0,0|1,1|1,1|1,1|1,1|0,1|0,1|1,1|1,1|0,0|1,0|0,1|1,0|1,1|0,1|1,1|1,1|1,1|0,1|1,1|1,1|1,0|0,1|0,1|1,1|0,1|0,0|0,1|0,1|0,0|1,1|1,1|1,1|1,0|1,0|0,0|0,0|1,0|1,1|1,0|1,0|1,1|1,1|0,1|1,1|0,0|1,1|1,1|1,1|1,1|1,1|1,1|1,1|0,1|1,1|0,1|0,0|1,0|0,0|0,1|0,0|1,0|1,0|1,1|0,0|1,1|0,1|0,0|1,1|1,8,27,22,42,91,99,3485,5096,24386,0.68,0.76,0.51,0.79,0.73,0.61,,INDEL,2548
5,179830171,.,C,A,.,PASS,AC=3578;AN=5096;DP=23445;AF=0.7;EAS_AF=0.77;EUR_AF=0.51;AFR_AF=0.85;AMR_AF=0.73;SAS_AF=0.61;VT=SNP;NS=2548,GT,1|1,1|0,1|1,0|1,1|1,1|1,1|1,0|1,1|1,1|1,1|1,1|1,1|0,1|1,1|0,1|1,1|0,1|0,0|1,1|0,1|1,0|1,0|1,1|1,1|0,0|1,1|0,1|1,1|1,0|0,0|1,1|1,1|1,1|1,1|0,1|0,1|1,1|1,1|0,0|1,0|0,1|1,1|1,1|0,1|1,1|1,1|1,1|0,1|1,1|1,1|1,0|0,1|0,1|1,1|0,1|0,0|0,1|0,1|0,0|1,1|1,1|1,1|1,0|1,0|0,0|0,0|1,0|1,1|1,0|1,0|1,1|1,1|0,1|1,1|0,0|1,1|1,1|1,1|1,1|1,1|1,1|1,1|0,1|1,1|0,1|0,0|1,0|0,0|0,1|0,0|1,0|1,0|1,1|0,0|1,1|0,1|0,0|1,1|1,8,27,21,43,91,99,3578,5096,23445,0.7,0.77,0.51,0.85,0.73,0.61,,SNP,2548
5,179830395,.,C,A,.,PASS,AC=3;AN=5096;DP=18881;AF=0;EAS_AF=0;EUR_AF=0;AFR_AF=0;AMR_AF=0;SAS_AF=0;VT=SNP;NS=2548,GT,0|0,0|0,0|0,0|0,0|0,0|0,0|0,0|0,0|0,0|0,0|0,0|0,0|0,0|0,0|0,0|0,0|0,0|0,0|0,0|0,0|0,0|0,1|0,0|0,0|0,0|0,0|0,0|0,0|0,0|1,0|0,0|0,0|0,0|0,0|0,0|0,0|0,0|0,0|0,0|0,0|0,0|0,0|0,0|0,0|0,0|0,0|0,0|0,0|0,0|0,0|0,0|0,0|0,0|0,0|0,0|0,0|0,0|0,0|0,1|0,0|0,0|0,0|0,0|0,0|0,0|0,0|0,0|0,0|0,0|0,0|0,0|0,0|0,0|0,0|0,0|0,0|0,0|0,0|0,0|0,0|0,0|0,0|0,0|0,0|0,0|0,0|0,0|0,0|0,0|0,0|0,0|0,0|0,0|0,0|0,0|0,0|0,0|0,0|0,96,2,1,0,3,99,3,5096,18881,0,0,0,0,0,0,,SNP,2548
5,179831176,.,C,A,.,PASS,AC=558;AN=5096;DP=21006;AF=0.11;EAS_AF=0.2;EUR_AF=0.04;AFR_AF=0.18;AMR_AF=0.04;SAS_AF=0.04;VT=SNP;NS=2548,GT,0|1,0|0,0|1,0|0,0|0,1|0,0|0,0|0,0|0,0|1,0|0,0|1,1|1,0|0,0|0,0|0,1|0,0|0,0|0,0|0,1|1,0|1,0|0,0|0,0|0,1|0,0|0,0|0,0|0,0|0,0|1,0|0,0|0,0|0,0|0,1|0,0|1,0|0,0|0,0|1,0|0,0|0,0|0,0|0,0|0,0|0,0|1,0|0,0|0,0|0,0|0,0|0,0|0,0|1,0|0,0|0,0|0,1|0,0|0,0|0,0|0,0|1,0|0,1|0,0|0,0|0,0|0,1|0,0|0,0|0,0|0,0|1,0|0,0|0,1|0,1|0,1|0,0|0,0|0,0|0,1|1,0|1,1|0,1|0,0|1,1|0,0|0,0|0,0|0,0|0,1|0,0|0,0|0,1|0,0|0,0|0,0|0,0|0,1|1,66,15,14,4,33,99,558,5096,21006,0.11,0.2,0.04,0.18,0.04,0.04,,SNP,2548
5,179831184,.,G,C,.,PASS,AC=1008;AN=5096;DP=20868;AF=0.2;EAS_AF=0.3;EUR_AF=0.02;AFR_AF=0.3;AMR_AF=0.34;SAS_AF=0.03;VT=SNP;NS=2548,GT,0|1,0|0,0|0,0|0,1|0,0|0,0|0,0|0,0|1,0|1,0|0,0|1,1|0,0|0,1|0,0|0,1|0,0|0,0|0,0|0,1|1,1|0,0|0,0|1,0|0,1|0,0|0,0|0,1|0,0|0,0|1,0|0,0|0,0|0,0|0,1|0,0|1,0|0,0|0,0|1,0|0,0|0,0|0,0|0,0|0,1|0,0|1,0|0,0|0,0|0,0|0,0|0,1|0,1|1,0|0,0|0,0|0,1|0,0|0,0|0,0|0,1|1,0|1,1|1,0|0,0|0,0|0,0|1,0|0,0|1,0|1,0|1,0|0,0|0,1|0,0|0,1|0,0|1,1|0,0|0,1|0,1|0,1|0,0|0,1|0,1|0,0|0,0|1,0|0,0|0,1|0,0|0,0|0,1|0,0|0,0|0,1|0,0|0,1|1,56,22,16,5,43,99,1008,5096,20868,0.2,0.3,0.02,0.3,0.34,0.03,,SNP,2548
5,179831523,.,G,A,.,PASS,AC=3137;AN=5096;DP=16875;AF=0.62;EAS_AF=0.76;EUR_AF=0.49;AFR_AF=0.59;AMR_AF=0.69;SAS_AF=0.59;VT=SNP;NS=2548,GT,1|1,1|0,1|1,0|1,1|1,1|1,1|1,0|1,1|1,1|1,1|1,1|1,1|0,1|1,1|0,1|0,1|0,1|0,0|1,1|0,1|1,0|1,0|1,1|1,1|0,0|1,1|0,1|1,1|1,1|0,0|1,1|1,1|1,1|1,1|0,1|0,1|1,1|1,1|0,0|1,0|0,1|1,1|1,1|0,1|1,1|1,1|1,1|0,1|1,1|1,1|1,0|0,1|0,1|1,1|0,1|0,0|0,1|0,1|0,0|1,1|1,1|1,1|1,0|1,0|0,0|0,0|1,0|1,1|1,0|1,0|1,1|1,1|0,1|1,1|0,0|1,1|1,1|1,1|1,1|1,1|1,1|1,1|0,1|1,1|0,1|0,0|1,0|0,0|0,1|0,0|1,0|1,0|1,1|0,0|1,1|0,1|0,0|1,1|1,7,29,21,42,92,99,3137,5096,16875,0.62,0.76,0.49,0.59,0.69,0.59,,SNP,2548
5,179831533,.,G,A,.,PASS,AC=1;AN=5096;DP=16731;AF=0;EAS_AF=0;EUR_AF=0;AFR_AF=0;AMR_AF=0;SAS_AF=0;VT=SNP;NS=2548,GT,0|0,0|0,0|0,0|0,0|0,0|0,0|0,0|0,0|0,0|0,0|0,0|0,0|0,0|0,0|0,0|0,0|0,0|0,0|0,0|0,0|0,0|0,0|0,0|1,0|0,0|0,0|0,0|0,0|0,0|0,0|0,0|0,0|0,0|0,0|0,0|0,0|0,0|0,0|0,0|0,0|0,0|0,0|0,0|0,0|0,0|0,0|0,0|0,0|0,0|0,0|0,0|0,0|0,0|0,0|0,0|0,0|0,0|0,0|0,0|0,0|0,0|0,0|0,0|0,0|0,0|0,0|0,0|0,0|0,0|0,0|0,0|0,0|0,0|0,0|0,0|0,0|0,0|0,0|0,0|0,0|0,0|0,0|0,0|0,0|0,0|0,0|0,0|0,0|0,0|0,0|0,0|0,0|0,0|0,0|0,0|0,0|0,0|0,0|0,98,0,1,0,1,99,1,5096,16731,0,0,0,0,0,0,,SNP,2548
5,179831622,.,G,A,.,PASS,AC=10;AN=5096;DP=17587;AF=0;EAS_AF=0;EUR_AF=0;AFR_AF=0;AMR_AF=0;SAS_AF=0.01;VT=SNP;NS=2548,GT,0|0,0|0,0|0,0|0,0|0,0|0,0|0,0|0,0|0,0|0,0|0,0|0,0|0,0|0,0|0,0|0,0|0,0|0,0|0,0|0,0|0,0|0,0|0,0|0,0|0,0|0,0|0,0|0,0|0,0|0,0|0,1|0,0|0,0|0,0|0,0|0,0|0,0|0,0|0,0|0,0|0,0|0,0|0,0|0,0|0,0|0,0|0,0|0,0|0,0|0,0|0,0|0,0|0,0|0,0|0,0|0,0|0,0|0,0|0,0|0,0|0,0|0,0|0,0|0,0|0,0|0,0|0,0|0,0|0,0|0,0|0,0|0,0|0,0|0,0|0,0|0,0|0,0|0,0|0,0|0,0|0,0|0,0|0,0|0,0|0,0|0,0|0,0|0,0|0,0|0,0|0,0|0,0|0,0|0,0|0,0|0,0|0,0|0,0|0,98,1,0,0,1,99,10,5096,17587,0,0,0,0,0,0.01,,SNP,2548
5,179831790,.,C,CT,.,PASS,AC=3035;AN=5096;DP=19251;AF=0.6;EAS_AF=0.75;EUR_AF=0.5;AFR_AF=0.49;AMR_AF=0.69;SAS_AF=0.61;VT=INDEL;NS=2548,GT,1|1,1|0,1|1,0|1,1|1,1|1,1|1,0|1,1|1,1|1,1|1,1|1,1|0,1|1,1|0,1|1,1|0,1|0,0|1,1|0,1|1,0|1,0|1,1|1,1|0,0|1,1|0,1|1,1|1,0|0,0|1,1|1,1|1,1|1,1|0,1|0,1|1,1|1,1|0,0|1,0|0,1|1,1|1,1|0,1|1,1|1,1|1,1|0,1|1,1|1,1|1,0|0,1|0,1|1,1|0,1|0,0|0,1|0,1|0,0|1,1|1,1|1,1|1,0|1,0|0,0|0,0|1,0|1,1|1,0|1,0|1,1|1,1|0,1|1,1|0,0|1,1|1,1|1,1|1,1|1,1|1,1|1,1|0,0|1,1|0,1|0,0|1,0|0,0|0,1|0,0|1,0|1,0|1,1|0,0|1,1|0,1|0,0|1,1|1,8,27,22,42,91,99,3035,5096,19251,0.6,0.75,0.5,0.49,0.69,0.61,,INDEL,2548
5,179831901,.,G,A,.,PASS,AC=3583;AN=5096;DP=16581;AF=0.7;EAS_AF=0.76;EUR_AF=0.51;AFR_AF=0.85;AMR_AF=0.74;SAS_AF=0.62;VT=SNP;NS=2548,GT,1|1,1|0,1|1,0|1,1|1,1|1,1|1,0|1,1|1,1|1,1|1,1|1,1|0,1|1,1|0,1|1,1|0,1|0,0|1,1|0,1|1,0|1,0|1,1|1,1|0,0|1,1|0,1|1,1|1,0|0,0|1,1|1,1|1,1|1,1|0,1|0,1|1,1|1,1|0,0|1,0|0,1|1,1|1,1|0,1|1,1|1,1|1,1|0,1|1,1|1,1|1,0|0,1|0,1|1,1|0,1|0,0|0,1|0,1|0,0|1,1|1,1|1,1|1,0|1,0|0,0|0,0|1,0|1,1|1,0|1,0|1,1|1,1|0,1|1,1|0,0|1,1|1,1|1,1|1,1|1,1|1,1|1,1|0,1|1,1|0,1|0,0|1,0|0,0|0,1|0,0|1,0|1,0|1,1|0,0|1,1|0,1|0,0|1,1|1,8,27,21,43,91,99,3583,5096,16581,0.7,0.76,0.51,0.85,0.74,0.62,,SNP,2548
5,179832030,.,G,A,.,PASS,AC=3362;AN=5096;DP=21483;AF=0.66;EAS_AF=0.76;EUR_AF=0.53;AFR_AF=0.68;AMR_AF=0.73;SAS_AF=0.62;VT=SNP;NS=2548,GT,1|1,1|0,1|1,0|1,1|1,1|1,1|1,0|1,1|1,1|1,1|1,1|1,1|0,1|1,1|0,1|1,1|0,1|0,0|1,1|0,1|1,0|1,0|1,1|1,1|0,0|1,1|0,1|1,1|1,0|0,0|1,1|1,1|1,1|1,1|0,1|0,1|1,1|1,1|0,0|1,0|0,1|1,1|1,1|0,1|1,1|1,1|1,1|0,1|1,1|1,1|1,0|0,1|0,1|1,1|0,1|0,0|0,1|0,1|0,0|1,1|1,1|1,1|1,0|1,0|0,0|0,0|1,0|1,1|1,0|1,0|1,1|1,1|0,1|1,1|0,0|1,1|1,1|1,1|1,1|1,1|1,1|1,1|0,1|1,1|0,1|0,0|1,0|0,0|0,1|0,0|1,0|1,0|1,1|0,0|1,1|0,1|0,0|1,1|1,8,27,21,43,91,99,3362,5096,21483,0.66,0.76,0.53,0.68,0.73,0.62,,SNP,2548
5,179832842,.,G,C,.,PASS,AC=3654;AN=5096;DP=37546;AF=0.72;EAS_AF=0.76;EUR_AF=0.51;AFR_AF=0.9;AMR_AF=0.73;SAS_AF=0.63;VT=SNP;NS=2548,GT,1|1,1|0,1|1,0|1,1|1,1|1,1|1,0|1,1|1,1|1,1|1,1|1,1|0,1|1,1|0,1|1,1|0,1|0,0|1,1|0,1|1,0|1,0|1,1|1,1|0,0|1,1|0,1|1,1|1,0|0,0|1,1|1,1|1,1|1,1|0,1|0,1|1,1|1,1|0,0|1,0|0,1|1,1|1,1|0,1|1,1|1,1|1,1|0,1|1,1|1,1|1,0|0,1|0,1|1,1|0,1|0,0|0,1|0,1|0,0|1,1|1,1|1,1|1,0|1,0|0,0|0,0|1,0|1,1|1,0|1,0|1,1|1,1|0,1|1,1|0,0|1,1|1,1|1,1|1,1|1,1|1,1|1,1|0,1|1,1|0,1|0,0|1,0|0,0|0,1|0,0|1,0|1,0|1,1|0,0|1,1|0,1|0,0|1,1|1,8,27,21,43,91,99,3654,5096,37546,0.72,0.76,0.51,0.9,0.73,0.63,,SNP,2548
5,179832847,.,G,A,.,PASS,AC=1;AN=5096;DP=39875;AF=0;EAS_AF=0;EUR_AF=0;AFR_AF=0;AMR_AF=0;SAS_AF=0;VT=SNP;NS=2548,GT,0|0,0|0,0|0,0|0,0|0,0|0,0|0,0|0,0|0,0|0,0|0,0|0,0|0,0|0,0|0,0|0,0|0,0|0,0|0,0|0,0|0,0|0,0|0,0|0,0|0,0|0,0|0,0|0,0|0,0|0,0|0,0|0,0|0,0|0,0|0,0|0,0|0,0|0,0|0,0|0,0|0,0|0,0|0,0|0,0|0,0|0,0|0,0|0,0|0,0|0,0|0,0|0,0|0,0|0,0|0,0|0,0|0,0|0,0|0,0|0,0|0,0|0,0|0,0|0,0|0,0|0,0|0,0|0,0|0,0|0,0|0,0|0,1|0,0|0,0|0,0|0,0|0,0|0,0|0,0|0,0|0,0|0,0|0,0|0,0|0,0|0,0|0,0|0,0|0,0|0,0|0,0|0,0|0,0|0,0|0,0|0,0|0,0|0,0|0,98,1,0,0,1,99,1,5096,39875,0,0,0,0,0,0,,SNP,2548
5,179833009,.,G,A,.,PASS,AC=2048;AN=5096;DP=170445;AF=0.4;EAS_AF=0.6;EUR_AF=0.31;AFR_AF=0.21;AMR_AF=0.46;SAS_AF=0.51;EX_TARGET;VT=SNP;NS=2548,GT,1|1,1|0,0|1,0|0,1|1,1|1,1|0,0|0,0|1,0|1,1|1,1|1,1|0,1|0,1|0,1|1,1|0,1|0,0|0,1|0,1|1,0|1,0|1,1|1,0|0,0|1,1|0,1|0,1|1,0|0,0|1,1|1,1|1,0|0,1|0,1|0,0|1,1|1,1|0,0|1,0|0,0|1,1|1,1|0,0|1,1|1,1|1,1|0,1|0,0|1,1|0,0|0,0|0,1|1,1|0,1|0,0|0,1|0,1|0,0|1,0|1,1|1,0|1,0|1,0|0,0|0,0|0,0|0,1|1,0|1,0|1,1|1,1|0,1|1,1|0,0|1,1|0,0|1,1|0,1|1,1|1,0|1,1|0,1|1,1|0,1|0,0|1,0|0,0|0,1|0,0|0,0|1,0|1,1|0,0|1,0|0,0|0,0|1,1|1,19,30,26,24,80,99,2048,5096,170445,0.4,0.6,0.31,0.21,0.46,0.51,,SNP,2548
5,179833096,.,A,G,.,PASS,AC=8;AN=5096;DP=213802;AF=0;EAS_AF=0.01;EUR_AF=0;AFR_AF=0;AMR_AF=0;SAS_AF=0;EX_TARGET;VT=SNP;NS=2548,GT,0|0,0|0,0|0,0|0,0|0,1|0,0|0,0|0,0|0,0|0,0|0,0|0,0|0,0|0,0|0,0|0,0|0,0|0,0|0,0|0,0|0,0|0,0|0,0|0,0|0,0|0,0|0,0|0,0|0,0|0,0|0,0|0,0|0,0|0,0|0,0|0,0|0,0|0,0|0,0|0,0|0,0|0,0|0,0|0,0|0,0|0,0|0,0|0,0|0,0|0,0|0,0|0,0|0,0|0,0|0,0|0,0|0,0|0,0|0,0|0,0|0,0|0,0|0,0|0,0|0,0|0,0|0,0|0,0|0,0|0,0|0,0|0,0|0,0|0,0|0,0|0,0|0,0|0,0|0,0|0,0|0,0|0,0|0,1|0,0|0,0|0,0|0,0|0,0|0,0|0,0|0,0|0,0|0,0|0,0|0,0|0,0|0,0|0,0|0,97,2,0,0,2,99,8,5096,213802,0,0.01,0,0,0,0,,SNP,2548
5,179833153,.,C,T,.,PASS,AC=3535;AN=5096;DP=132731;AF=0.69;EAS_AF=0.85;EUR_AF=0.51;AFR_AF=0.73;AMR_AF=0.73;SAS_AF=0.65;EX_TARGET;VT=SNP;NS=2548,GT,1|1,1|0,1|1,0|1,1|1,1|1,1|1,1|1,1|1,1|1,1|1,1|1,1|0,1|1,1|0,1|1,1|0,1|0,0|1,1|0,1|1,0|1,0|1,1|1,1|0,0|1,0|0,1|1,1|1,0|0,0|1,1|1,1|1,1|1,1|0,1|0,1|1,1|1,1|1,1|1,1|0,1|1,1|1,1|1,1|1,1|1,1|1,1|1,1|1,1|1,1|1,1|0,1|0,1|1,1|1,1|0,0|1,1|1,1|1,0|1,1|1,1|1,1|1,0|1,1|0,0|1,0|1,0|1,1|1,1|1,0|1,1|1,1|1,1|1,1|0,0|1,1|1,1|1,1|1,1|1,1|1,1|1,1|0,1|1,1|0,1|0,1|1,0|0,0|0,1|0,0|1,0|1,1|1,1|0,1|1,1|0,1|0,1|1,1|1,4,22,16,57,95,99,3535,5096,132731,0.69,0.85,0.51,0.73,0.73,0.65,,SNP,2548
5,179833213,.,G,A,.,PASS,AC=2995;AN=5096;DP=77037;AF=0.59;EAS_AF=0.79;EUR_AF=0.51;AFR_AF=0.41;AMR_AF=0.69;SAS_AF=0.63;EX_TARGET;VT=SNP;NS=2548,GT,1|1,1|0,1|1,0|1,1|1,1|1,1|1,0|1,1|1,1|1,1|1,1|1,1|0,1|1,1|0,1|1,1|0,1|0,0|1,1|0,1|1,0|1,1|1,1|1,1|0,0|1,0|0,1|1,1|1,0|0,0|1,1|1,1|1,1|1,1|0,1|0,1|1,1|1,1|1,1|1,1|0,1|1,1|1,1|0,1|1,1|1,1|1,1|1,1|1,1|1,1|1,0|0,1|0,1|1,1|0,1|0,1|0,1|1,1|1,0|1,1|1,1|1,1|1,0|1,1|1,0|0,0|1,0|1,1|1,0|1,0|1,1|1,1|0,1|1,1|0,0|1,1|1,1|1,1|1,1|1,1|1,1|1,1|0,1|1,1|0,1|0,0|1,0|0,0|0,1|0,0|1,0|1,0|1,1|0,0|1,1|0,1|0,1|1,1|1,6,24,18,51,93,99,2995,5096,77037,0.59,0.79,0.51,0.41,0.69,0.63,,SNP,2548
5,179833478,.,C,G,.,PASS,AC=763;AN=5096;DP=82927;AF=0.15;EAS_AF=0.25;EUR_AF=0.11;AFR_AF=0.08;AMR_AF=0.11;SAS_AF=0.2;VT=SNP;NS=2548,GT,1|0,0|0,0|1,0|0,1|0,1|0,0|0,0|0,0|0,0|0,1|0,0|1,1|0,1|0,0|0,1|0,1|0,0|1,0|0,0|0,1|1,1|0,0|0,0|0,0|0,0|0,0|0,0|0,0|0,0|0,0|1,0|1,0|0,0|0,0|0,1|0,0|1,0|1,0|0,0|1,0|0,0|0,0|0,0|0,0|0,1|0,0|1,1|0,1|0,0|1,1|0,0|1,0|0,0|0,0|0,0|0,0|0,1|0,1|0,0|0,0|0,0|1,0|1,0|0,0|0,0|0,0|0,0|1,0|0,0|0,0|0,0|1,0|0,0|1,1|1,0|0,1|0,0|0,0|0,0|0,1|1,0|1,1|0,1|0,0|0,1|0,0|0,0|0,0|1,0|0,0|0,0|0,0|0,1|0,0|1,0|0,1|0,0|0,0|1,54,22,20,3,45,99,763,5096,82927,0.15,0.25,0.11,0.08,0.11,0.2,,SNP,2548
5,179833494,.,G,A,.,PASS,AC=3278;AN=5096;DP=94236;AF=0.64;EAS_AF=0.79;EUR_AF=0.51;AFR_AF=0.61;AMR_AF=0.65;SAS_AF=0.67;VT=SNP;NS=2548,GT,1|1,1|0,1|1,1|1,1|1,1|1,0|1,0|1,1|1,1|1,1|1,1|1,0|1,1|1,1|0,1|1,0|0,1|1,0|1,1|0,1|1,1|1,1|1,1|1,1|1,1|0,1|1,1|1,0|1,1|1,0|0,1|1,1|0,1|1,1|0,0|0,1|1,1|1,1|0,0|1,0|0,1|1,1|1,1|1,1|1,1|1,1|1,1|0,1|1,1|1,1|1,0|0,1|0,1|1,1|1,1|0,0|0,1|0,1|0,1|1,1|1,0|1,1|1,1|1,0|1,0|0,0|1,1|1,0|1,1|1,1|1,1|0,1|1,0|0,1|0,1|1,1|1,1|1,0|1,0|1,1|1,1|0,1|1,1|1,1|0,0|0,0|1,0|0,0|1,0|0,1|1,0|1,0|1,1|0,0|1,1|1,1|1,0|1,1|1,11,17,18,53,88,99,3278,5096,94236,0.64,0.79,0.51,0.61,0.65,0.67,,SNP,2548
5,179833528,.,T,C,.,PASS,AC=973;AN=5096;DP=124624;AF=0.19;EAS_AF=0.11;EUR_AF=0.09;AFR_AF=0.46;AMR_AF=0.16;SAS_AF=0.04;VT=SNP;NS=2548,GT,0|0,0|0,0|0,0|0,0|0,0|0,0|0,0|0,0|1,0|0,0|0,0|0,0|0,0|0,0|0,0|1,0|0,0|0,0|0,0|0,0|0,0|0,0|0,0|1,0|0,0|0,0|0,0|0,1|0,0|0,0|0,0|0,0|0,0|0,1|0,0|0,0|0,0|0,0|0,0|0,0|0,0|1,0|0,0|0,0|0,0|0,0|0,0|0,0|0,0|0,0|0,0|0,0|0,1|0,0|0,0|0,0|0,0|0,0|0,0|0,0|0,1|0,0|0,0|1,0|0,0|0,0|0,0|0,0|0,0|1,0|1,0|0,1|0,0|0,0|0,0|0,0|0,0|1,1|0,0|0,0|0,0|0,0|0,0|1,1|0,0|0,0|0,0|0,0|0,0|0,0|0,0|1,0|0,0|0,0|0,0|0,0|0,0|0,0|0,82,7,10,0,17,99,973,5096,124624,0.19,0.11,0.09,0.46,0.16,0.04,,SNP,2548
5,179833791,.,A,G,.,PASS,AC=4;AN=5096;DP=186641;AF=0;EAS_AF=0;EUR_AF=0;AFR_AF=0;AMR_AF=0;SAS_AF=0;EX_TARGET;VT=SNP;NS=2548,GT,0|0,0|0,0|0,0|0,0|0,0|0,0|0,0|0,0|0,0|0,0|0,0|0,0|0,0|0,0|0,0|0,0|0,0|0,0|0,0|0,0|0,0|0,0|0,0|0,0|0,0|0,0|0,0|0,0|0,0|0,0|0,0|0,0|0,0|0,0|0,0|0,0|0,0|0,0|0,0|0,0|0,0|0,0|0,0|0,0|0,0|0,0|0,0|0,0|0,0|0,0|0,0|0,0|0,0|0,0|0,0|0,0|0,0|0,0|0,0|0,0|0,0|0,0|0,0|0,0|0,0|0,0|0,0|0,0|0,0|0,0|0,0|0,0|0,0|0,0|0,0|0,0|0,0|0,0|0,0|0,0|0,0|1,0|0,0|0,0|0,0|0,0|0,0|0,0|0,0|0,0|0,0|0,0|0,0|0,0|0,0|0,0|0,0|0,0|0,98,0,1,0,1,99,4,5096,186641,0,0,0,0,0,0,,SNP,2548
5,179834001,.,G,A,.,PASS,AC=3670;AN=5096;DP=28224;AF=0.72;EAS_AF=0.75;EUR_AF=0.51;AFR_AF=0.92;AMR_AF=0.74;SAS_AF=0.62;VT=SNP;NS=2548,GT,1|1,1|0,1|1,0|1,1|1,1|1,1|1,0|1,1|1,1|1,1|1,1|1,1|0,1|1,1|0,1|1,1|0,1|0,0|1,1|0,1|1,0|1,0|1,1|1,1|0,0|1,1|0,1|1,1|1,0|0,0|1,1|1,1|1,1|1,1|0,1|0,1|1,1|1,1|0,0|1,0|0,1|1,1|1,1|0,1|1,1|1,1|1,1|0,1|1,1|1,1|1,0|0,1|0,1|1,1|0,1|0,0|0,1|0,1|0,0|1,1|1,1|1,1|1,0|1,0|0,0|0,0|1,0|1,1|1,0|1,0|1,1|1,1|0,1|1,1|0,0|1,1|1,1|1,1|1,1|1,1|0,1|1,1|0,1|1,1|0,1|0,0|0,0|0,0|0,1|0,0|1,0|1,0|1,1|0,0|1,1|0,1|0,0|1,1|1,9,28,20,42,90,99,3670,5096,28224,0.72,0.75,0.51,0.92,0.74,0.62,,SNP,2548
5,179834027,.,A,G,.,PASS,AC=538;AN=5096;DP=23096;AF=0.11;EAS_AF=0.13;EUR_AF=0.17;AFR_AF=0.03;AMR_AF=0.09;SAS_AF=0.13;VT=SNP;NS=2548,GT,0|0,0|0,0|0,0|0,0|0,0|0,0|0,1|0,0|0,0|0,0|0,0|0,0|0,0|0,0|1,0|0,0|1,0|1,0|0,0|1,0|0,0|0,0|0,0|0,0|1,0|0,0|0,0|0,0|0,1|0,1|0,0|0,0|0,0|0,0|0,0|0,0|0,0|0,0|1,1|0,1|1,0|0,0|0,0|0,0|0,0|0,0|0,0|1,0|0,0|0,0|0,1|0,0|0,0|0,0|1,0|0,1|1,0|1,0|1,0|0,0|0,0|0,0|0,0|0,1|1,1|1,1|0,0|0,0|0,0|0,0|0,0|0,0|0,0|0,0|1,1|0,0|0,0|0,0|0,0|0,0|0,0|0,0|0,0|0,0|1,0|0,1|0,1|1,0|1,0|1,0|0,0|0,1|0,0|1,1|0,0|0,0|0,1|0,0|0,68,11,15,5,31,99,538,5096,23096,0.11,0.13,0.17,0.03,0.09,0.13,,SNP,2548
5,179834156,.,A,G,.,PASS,AC=604;AN=5096;DP=8599;AF=0.12;EAS_AF=0.08;EUR_AF=0.01;AFR_AF=0.33;AMR_AF=0.09;SAS_AF=0.01;VT=SNP;NS=2548,GT,0|0,0|0,0|0,0|0,0|0,0|0,0|0,0|0,0|1,0|0,0|0,0|0,0|0,0|0,0|0,0|1,0|0,0|0,0|0,0|0,0|0,0|0,0|0,0|1,0|0,0|0,0|0,0|0,1|0,0|0,0|0,0|0,0|0,0|0,0|0,0|0,0|0,0|0,0|0,0|0,0|0,0|0,0|0,0|0,0|0,0|0,0|0,0|0,0|0,0|0,0|0,0|0,0|0,1|0,0|0,0|0,0|0,0|0,0|0,0|0,0|0,1|0,0|0,0|1,0|0,0|0,0|0,0|0,0|0,0|1,0|0,0|0,1|0,0|0,0|0,0|0,0|0,0|0,1|0,0|0,0|0,0|0,0|0,0|0,1|0,0|0,0|0,0|0,0|0,0|0,0|0,0|0,0|0,0|0,0|0,0|0,0|0,0|0,0|0,88,6,5,0,11,99,604,5096,8599,0.12,0.08,0.01,0.33,0.09,0.01,,SNP,2548
5,179834236,.,T,G,.,PASS,AC=32;AN=5096;DP=5839;AF=0.01;EAS_AF=0;EUR_AF=0.01;AFR_AF=0.01;AMR_AF=0.01;SAS_AF=0.01;VT=SNP;NS=2548,GT,0|0,0|0,0|0,0|0,0|0,0|0,0|0,0|0,0|0,0|0,0|0,0|0,0|0,0|0,0|0,0|0,0|0,0|0,0|0,0|0,0|0,0|0,0|0,0|0,0|0,0|0,0|0,0|0,0|1,0|0,0|0,0|0,0|0,0|0,0|0,0|0,0|0,0|0,0|0,0|0,0|0,0|0,0|0,0|0,0|0,0|0,0|0,0|0,0|0,0|0,0|0,0|0,0|0,0|0,0|0,0|0,0|0,0|0,0|0,0|0,0|0,0|0,0|0,0|0,0|0,0|0,0|0,0|0,0|0,0|0,0|0,0|0,0|0,0|0,0|0,0|0,0|0,0|0,0|0,0|0,0|0,0|0,0|0,0|0,0|0,0|0,0|0,0|0,0|0,0|0,0|0,0|0,0|0,0|0,0|0,0|0,0|0,0|0,0|0,98,0,1,0,1,99,32,5096,5839,0.01,0,0.01,0.01,0.01,0.01,,SNP,2548
5,179834242,.,GGT,G,.,PASS,AC=1892;AN=5096;DP=6447;AF=0.37;EAS_AF=0.21;EUR_AF=0.41;AFR_AF=0.53;AMR_AF=0.27;SAS_AF=0.35;VT=INDEL;NS=2548,GT,0|0,0|1,0|0,1|0,0|0,0|0,0|0,1|0,0|0,0|0,0|1,0|1,0|1,1|0,0|1,0|0,0|0,0|1,1|0,0|1,0|0,1|0,1|0,0|0,0|1,1|0,0|1,0|0,0|1,1|1,1|0,0|0,0|0,0|0,0|0,0|0,0|0,0|0,0|1,1|0,1|1,0|0,0|0,0|1,0|0,0|0,0|0,0|1,0|0,0|0,0|0,1|1,0|1,0|0,0|1,1|0,1|1,0|1,0|0,1|0,0|0,0|0,0|0,1|0,0|1,1|1,1|0,1|0,0|0,1|0,1|0,0|0,0|0,0|0,0|0,1|0,0|0,0|0,0|0,0|0,0|0,0|0,0|0,0|0,0|1,0|0,1|0,1|1,0|1,0|1,0|0,0|0,1|0,0|0,1|0,0|1,0|1,1|0,0|0,50,21,22,6,49,99,1892,5096,6447,0.37,0.21,0.41,0.53,0.27,0.35,,INDEL,2548
5,179834244,.,T,G,.,PASS,AC=2049;AN=5096;DP=6306;AF=0.4;EAS_AF=0.26;EUR_AF=0.44;AFR_AF=0.55;AMR_AF=0.3;SAS_AF=0.38;VT=SNP;NS=2548,GT,0|1,0|1,0|0,1|0,0|0,0|0,0|0,1|0,0|0,0|0,0|1,1|1,0|1,1|0,0|1,0|0,1|1,0|1,1|0,0|1,0|0,1|0,1|0,0|0,0|1,1|0,0|1,0|0,0|1,1|1,1|1,0|0,1|0,0|0,0|0,1|0,0|0,0|0,0|1,1|0,1|1,0|0,0|1,0|1,0|0,0|1,0|0,0|1,1|0,0|0,0|0,1|1,0|1,0|0,0|1,1|0,1|1,0|1,0|0,1|0,0|0,0|0,0|0,1|0,0|1,0|1,1|0,1|0,0|1,1|0,1|0,1|1,0|0,0|0,0|0,1|0,0|0,0|0,0|0,0|0,0|0,0|0,0|0,0|0,0|1,1|0,1|0,1|1,0|1,0|1,0|0,0|0,1|0,0|0,1|0,0|1,0|1,1|1,1|0,39,24,26,10,60,99,2049,5096,6306,0.4,0.26,0.44,0.55,0.3,0.38,,SNP,2548
5,179834251,.,T,G,.,PASS,AC=1001;AN=5096;DP=5739;AF=0.2;EAS_AF=0.17;EUR_AF=0.23;AFR_AF=0.2;AMR_AF=0.14;SAS_AF=0.24;VT=SNP;NS=2548,GT,0|1,0|1,0|0,0|0,0|0,0|0,0|0,0|0,0|0,0|0,0|1,1|1,0|1,1|0,0|1,0|0,1|0,0|0,0|0,0|1,0|0,0|0,0|0,0|0,0|0,1|0,0|1,0|0,0|1,1|0,1|1,0|0,1|0,0|0,0|0,1|0,0|0,0|0,0|0,0|0,0|0,0|0,0|1,0|1,0|0,0|1,0|0,0|0,1|0,0|0,0|0,0|1,0|0,0|0,0|0,1|0,0|0,0|0,0|0,0|0,0|0,0|0,0|0,1|0,0|0,0|1,1|0,1|0,0|1,0|0,1|0,1|1,0|0,0|0,0|0,1|0,0|0,0|0,0|0,0|0,0|0,0|0,0|0,0|0,0|1,1|0,0|0,1|1,0|0,0|1,0|0,0|0,0|0,0|0,0|0,0|0,0|1,0|1,1|0,62,15,18,4,37,99,1001,5096,5739,0.2,0.17,0.23,0.2,0.14,0.24,,SNP,2548
5,179835001,.,A,C,.,PASS,AC=5;AN=5096;DP=14174;AF=0;EAS_AF=0;EUR_AF=0;AFR_AF=0;AMR_AF=0;SAS_AF=0;VT=SNP;NS=2548,GT,0|0,0|0,0|0,0|0,0|0,0|0,0|0,0|0,0|0,0|0,0|0,0|0,0|0,0|0,0|0,0|0,0|0,0|0,0|0,0|0,0|0,0|0,0|0,0|0,0|0,0|0,0|0,0|0,0|0,0|0,0|0,0|0,0|0,0|0,0|0,0|0,0|0,0|0,1|0,0|0,0|0,0|0,0|0,0|0,0|0,0|0,0|0,0|0,0|0,0|0,0|0,0|0,0|0,0|0,0|0,0|0,0|0,0|0,0|0,0|0,0|0,0|0,0|0,0|0,0|0,0|0,0|0,0|0,0|0,0|0,1|0,0|0,0|0,0|0,0|0,0|0,0|0,0|0,0|0,0|0,0|0,0|0,0|0,0|0,0|0,0|0,0|0,0|0,0|0,0|0,0|0,0|0,0|0,0|0,0|0,0|0,0|0,0|0,0|0,97,2,0,0,2,99,5,5096,14174,0,0,0,0,0,0,,SNP,2548
5,179835006,.,G,A,.,PASS,AC=39;AN=5096;DP=14188;AF=0.01;EAS_AF=0;EUR_AF=0;AFR_AF=0;AMR_AF=0.01;SAS_AF=0.03;VT=SNP;NS=2548,GT,0|0,0|0,0|0,0|0,0|0,0|0,0|0,0|0,0|0,0|0,0|0,0|0,0|0,0|0,0|0,0|0,0|0,0|0,0|0,0|0,0|0,0|0,0|0,0|0,0|0,0|0,0|0,0|0,0|0,0|0,0|0,0|0,0|0,0|0,0|0,0|0,0|0,0|0,1|0,0|0,0|0,0|0,0|0,0|0,0|0,0|0,0|0,0|0,0|0,0|0,0|0,0|0,0|0,0|0,0|0,0|0,0|0,0|0,0|0,0|0,0|0,0|0,0|0,0|0,0|0,0|0,0|0,0|0,0|0,0|0,0|0,0|0,0|0,0|0,0|0,0|0,0|0,0|0,0|0,0|0,0|0,0|0,0|0,0|0,0|0,0|0,0|0,0|0,0|0,0|0,0|0,0|0,0|0,0|0,0|0,0|0,0|0,0|0,0|0,98,1,0,0,1,99,39,5096,14188,0.01,0,0,0,0.01,0.03,,SNP,2548
5,179835055,.,G,A,.,PASS,AC=27;AN=5096;DP=14609;AF=0.01;EAS_AF=0;EUR_AF=0;AFR_AF=0;AMR_AF=0;SAS_AF=0.03;VT=SNP;NS=2548,GT,0|0,0|0,0|0,0|0,0|0,0|0,0|0,0|0,0|0,0|0,0|0,0|0,0|0,0|0,0|0,0|0,0|0,0|0,0|0,0|0,0|0,0|0,0|0,0|0,0|0,0|0,0|0,0|0,0|0,0|0,0|0,0|0,0|0,0|0,1|0,0|0,0|0,0|0,0|0,0|0,0|0,0|0,0|0,0|0,0|0,0|0,0|0,0|0,0|0,0|0,0|0,0|0,0|0,0|0,0|0,0|0,0|0,0|0,0|0,0|0,0|0,0|0,0|0,0|0,0|0,0|0,0|0,0|0,0|0,0|0,0|0,0|0,0|0,0|0,0|0,0|0,0|0,0|0,0|0,0|0,0|0,0|0,0|0,0|0,0|0,0|0,0|0,0|0,0|0,0|0,0|0,0|0,0|0,0|0,0|0,0|0,0|0,0|0,0|0,98,1,0,0,1,99,27,5096,14609,0.01,0,0,0,0,0.03,,SNP,2548
5,179835092,.,C,G,.,PASS,AC=1;AN=5096;DP=14918;AF=0;EAS_AF=0;EUR_AF=0;AFR_AF=0;AMR_AF=0;SAS_AF=0;VT=SNP;NS=2548,GT,0|0,0|0,0|0,0|0,0|0,0|0,0|0,0|0,0|0,0|0,0|0,0|0,0|0,0|0,0|0,0|0,0|0,0|0,0|0,0|0,0|0,0|0,0|0,0|0,0|0,0|0,0|0,0|0,0|0,0|0,0|0,0|0,0|0,0|0,1|0,0|0,0|0,0|0,0|0,0|0,0|0,0|0,0|0,0|0,0|0,0|0,0|0,0|0,0|0,0|0,0|0,0|0,0|0,0|0,0|0,0|0,0|0,0|0,0|0,0|0,0|0,0|0,0|0,0|0,0|0,0|0,0|0,0|0,0|0,0|0,0|0,0|0,0|0,0|0,0|0,0|0,0|0,0|0,0|0,0|0,0|0,0|0,0|0,0|0,0|0,0|0,0|0,0|0,0|0,0|0,0|0,0|0,0|0,0|0,0|0,0|0,0|0,0|0,0|0,98,1,0,0,1,99,1,5096,14918,0,0,0,0,0,0,,SNP,2548
5,179835108,.,C,T,.,PASS,AC=3346;AN=5096;DP=14831;AF=0.66;EAS_AF=0.76;EUR_AF=0.47;AFR_AF=0.73;AMR_AF=0.71;SAS_AF=0.61;VT=SNP;NS=2548,GT,1|1,1|0,1|1,0|1,1|1,1|1,1|1,0|1,1|1,1|1,1|1,1|1,1|0,1|1,1|0,1|1,1|0,1|0,0|1,1|0,1|1,0|1,0|1,1|1,1|0,0|1,1|0,1|1,1|1,0|0,0|1,1|1,1|1,1|1,1|0,1|0,1|1,1|1,1|0,0|1,0|0,1|1,1|1,1|0,1|1,1|1,1|1,1|0,1|1,1|1,1|1,0|0,1|0,1|1,1|0,1|0,0|0,1|0,1|0,0|1,1|1,1|1,1|1,0|1,0|0,0|0,0|1,0|1,1|1,0|1,0|1,1|1,1|0,1|1,1|0,0|1,1|1,1|1,1|1,1|1,1|1,1|1,1|0,1|1,1|0,1|0,0|1,0|0,0|0,1|0,0|1,0|1,0|1,1|0,0|1,1|0,1|0,0|1,1|1,8,27,21,43,91,99,3346,5096,14831,0.66,0.76,0.47,0.73,0.71,0.61,,SNP,2548
5,179835132,.,G,A,.,PASS,AC=2638;AN=5096;DP=14741;AF=0.52;EAS_AF=0.76;EUR_AF=0.42;AFR_AF=0.3;AMR_AF=0.63;SAS_AF=0.59;VT=SNP;NS=2548,GT,1|1,1|0,1|1,0|1,1|1,1|1,1|1,0|1,1|1,1|1,1|1,1|1,1|0,1|1,1|0,1|1,1|0,1|0,0|1,1|0,1|1,0|1,0|1,1|1,1|0,0|1,1|0,1|1,1|1,0|0,0|1,1|1,1|1,1|1,1|0,1|0,1|1,1|1,1|0,0|1,0|0,1|1,1|1,1|0,1|1,1|1,1|1,1|0,1|1,1|1,1|1,0|0,1|0,1|1,1|0,1|0,0|0,1|0,1|0,0|1,1|1,1|1,1|1,0|1,0|0,0|0,0|1,0|1,1|1,0|1,0|1,1|1,1|0,1|1,1|0,0|1,1|1,1|1,1|1,1|1,1|1,1|1,1|0,1|1,1|0,1|0,0|1,0|0,0|0,1|0,0|1,0|1,0|1,1|0,0|1,1|0,1|0,0|1,1|1,8,27,21,43,91,99,2638,5096,14741,0.52,0.76,0.42,0.3,0.63,0.59,,SNP,2548
5,179835335,.,A,G,.,PASS,AC=3616;AN=5096;DP=15698;AF=0.71;EAS_AF=0.76;EUR_AF=0.51;AFR_AF=0.88;AMR_AF=0.73;SAS_AF=0.62;VT=SNP;NS=2548,GT,1|1,1|0,1|1,0|1,1|1,1|1,1|1,0|1,1|1,1|1,1|1,1|1,1|0,1|1,1|0,1|1,1|0,1|0,0|1,1|0,1|1,0|1,0|1,1|1,1|0,0|1,1|0,1|1,1|1,0|0,0|1,1|1,1|1,1|1,1|0,1|0,1|1,1|1,1|0,0|1,0|0,1|1,1|1,1|0,1|1,1|1,1|1,1|0,1|1,1|1,1|1,0|0,1|0,1|1,1|0,1|0,0|0,1|0,1|0,0|1,1|1,1|1,1|1,0|1,0|0,0|0,0|1,0|1,1|1,0|1,0|1,1|1,1|0,1|1,1|0,0|1,1|1,1|1,1|1,1|1,1|1,1|1,1|0,1|1,1|0,1|0,0|1,0|0,0|0,1|0,0|1,0|1,0|1,1|0,0|1,1|0,1|0,0|1,1|1,8,27,21,43,91,99,3616,5096,15698,0.71,0.76,0.51,0.88,0.73,0.62,,SNP,2548
5,179835623,.,C,T,.,PASS,AC=2;AN=5096;DP=23170;AF=0;EAS_AF=0;EUR_AF=0;AFR_AF=0;AMR_AF=0;SAS_AF=0;VT=SNP;NS=2548,GT,0|0,0|0,0|0,0|0,0|0,0|0,0|0,0|0,0|0,0|0,0|0,0|0,0|0,0|0,0|0,0|0,0|0,0|0,0|0,0|0,0|0,0|0,0|0,0|0,0|0,0|0,0|0,0|0,0|0,0|0,0|0,0|0,0|0,0|0,0|0,0|0,0|0,0|0,0|0,0|0,0|0,0|0,0|0,0|0,0|0,0|0,0|0,0|0,0|0,0|0,0|0,0|0,0|0,0|0,0|0,0|0,0|0,0|0,0|0,0|0,0|0,0|0,0|0,0|1,0|0,0|0,0|0,0|0,0|0,0|0,0|0,0|0,0|0,0|0,0|0,0|0,0|0,0|0,0|0,0|0,0|0,0|0,0|0,0|0,0|0,0|0,0|0,0|0,0|0,0|0,0|0,0|0,0|0,0|0,0|0,0|0,0|0,0|0,0|0,98,0,1,0,1,99,2,5096,23170,0,0,0,0,0,0,,SNP,2548
5,179835675,.,GGAGAAA,G,.,PASS,AC=2748;AN=5096;DP=22277;AF=0.54;EAS_AF=0.76;EUR_AF=0.43;AFR_AF=0.37;AMR_AF=0.63;SAS_AF=0.59;VT=INDEL;NS=2548,GT,1|1,1|0,1|1,0|1,1|1,1|1,1|1,0|1,1|1,1|1,1|1,1|1,1|0,1|1,1|0,1|1,1|0,1|0,0|1,1|0,1|1,0|1,0|1,1|1,1|0,0|1,1|0,1|1,1|1,0|0,0|1,1|1,1|1,1|1,1|0,1|0,1|1,1|1,1|0,0|1,0|0,1|1,1|1,1|0,1|1,1|1,1|1,1|0,1|1,1|1,1|1,0|0,1|0,1|1,1|0,1|0,0|0,1|0,1|0,0|1,1|1,1|1,1|1,0|1,0|0,0|0,0|1,0|1,1|1,0|1,0|1,1|1,1|0,1|1,1|0,0|1,1|1,1|1,1|1,1|1,1|1,1|1,1|0,1|1,1|0,1|0,0|1,0|0,0|0,1|0,0|1,0|1,0|1,1|0,0|1,1|0,1|0,0|1,1|1,8,27,21,43,91,99,2748,5096,22277,0.54,0.76,0.43,0.37,0.63,0.59,,INDEL,2548
5,179835679,.,A,G,.,PASS,AC=1714;AN=5096;DP=20858;AF=0.34;EAS_AF=0.24;EUR_AF=0.16;AFR_AF=0.63;AMR_AF=0.33;SAS_AF=0.21;VT=SNP;NS=2548,GT,1|1,0|0,1|0,0|0,0|0,1|0,0|0,0|0,1|1,1|0,0|0,1|0,0|0,0|1,0|0,0|1,0|0,0|0,0|0,0|0,0|0,0|0,0|0,0|1,0|0,0|0,0|0,1|0,1|1,0|0,0|0,1|1,1|0,1|1,0|0,0|0,1|0,0|0,1|0,0|0,0|0,1|1,0|1,0|0,0|0,0|1,1|1,0|0,1|0,0|0,0|1,0|0,0|0,1|0,0|0,0|0,0|0,0|0,0|0,0|0,0|0,1|0,0|0,0|1,0|0,0|0,0|1,0|0,0|1,0|0,0|0,1|0,0|0,0|1,0|0,0|0,1|1,0|0,1|0,0|1,0|0,0|0,0|0,1|1,0|0,0|0,0|0,0|0,0|0,0|0,0|0,0|1,0|0,0|0,0|0,0|0,0|0,0|1,1|0,63,14,13,9,36,99,1714,5096,20858,0.34,0.24,0.16,0.63,0.33,0.21,,SNP,2548
5,179835680,.,A,G,.,PASS,AC=1714;AN=5096;DP=20762;AF=0.34;EAS_AF=0.24;EUR_AF=0.16;AFR_AF=0.63;AMR_AF=0.33;SAS_AF=0.21;VT=SNP;NS=2548,GT,1|1,0|0,1|0,0|0,0|0,1|0,0|0,0|0,1|1,1|0,0|0,1|0,0|0,0|1,0|0,0|1,0|0,0|0,0|0,0|0,0|0,0|0,0|0,0|1,0|0,0|0,0|0,1|0,1|1,0|0,0|0,1|1,1|0,1|1,0|0,0|0,1|0,0|0,1|0,0|0,0|0,1|1,0|1,0|0,0|0,0|1,1|1,0|0,1|0,0|0,0|1,0|0,0|0,1|0,0|0,0|0,0|0,0|0,0|0,0|0,0|0,1|0,0|0,0|1,0|0,0|0,0|1,0|0,0|1,0|0,0|0,1|0,0|0,0|1,0|0,0|0,1|1,0|0,1|0,0|1,0|0,0|0,0|0,1|1,0|0,0|0,0|0,0|0,0|0,0|0,0|0,0|1,0|0,0|0,0|0,0|0,0|0,0|1,1|0,63,14,13,9,36,99,1714,5096,20762,0.34,0.24,0.16,0.63,0.33,0.21,,SNP,2548
5,179835733,.,A,G,.,PASS,AC=3355;AN=5096;DP=25722;AF=0.66;EAS_AF=0.76;EUR_AF=0.47;AFR_AF=0.73;AMR_AF=0.71;SAS_AF=0.61;VT=SNP;NS=2548,GT,1|1,1|0,1|1,0|1,1|1,1|1,1|1,0|1,1|1,1|1,1|1,1|1,1|0,1|1,1|0,1|1,1|0,1|0,0|1,1|0,1|1,0|1,0|1,1|1,1|0,0|1,1|0,1|1,1|1,0|0,0|1,1|1,1|1,1|1,1|0,1|0,1|1,1|1,1|0,0|1,0|0,1|1,1|1,1|0,1|1,1|1,1|1,1|0,1|1,1|1,1|1,0|0,1|0,1|1,1|0,1|0,0|0,1|0,1|0,0|1,1|1,1|1,1|1,0|1,0|0,0|0,0|1,0|1,1|1,0|1,0|1,1|1,1|0,1|1,1|0,0|1,1|1,1|1,1|1,1|1,1|1,1|1,1|0,1|1,1|0,1|0,0|1,0|0,0|0,1|0,0|1,0|1,0|1,1|0,0|1,1|0,1|0,0|1,1|1,8,27,21,43,91,99,3355,5096,25722,0.66,0.76,0.47,0.73,0.71,0.61,,SNP,2548
5,179835741,.,C,T,.,PASS,AC=69;AN=5096;DP=26157;AF=0.01;EAS_AF=0.06;EUR_AF=0;AFR_AF=0;AMR_AF=0;SAS_AF=0.01;VT=SNP;NS=2548,GT,0|0,0|0,0|0,1|0,0|0,0|0,0|0,0|0,0|0,0|0,0|0,0|0,0|1,0|0,0|0,0|0,0|0,0|0,1|0,0|0,0|0,0|0,0|0,0|0,0|0,1|0,0|1,0|0,0|0,0|0,0|0,0|0,0|0,0|0,0|0,0|0,0|0,0|0,0|0,0|0,0|0,0|0,0|0,0|1,0|0,0|0,0|0,0|0,0|0,0|0,0|0,0|0,0|0,0|0,0|0,0|0,0|0,0|0,0|0,0|0,0|0,0|0,0|0,1|0,0|0,0|0,0|0,1|0,0|0,1|0,1|0,0|0,0|1,0|0,0|0,0|0,0|0,0|0,0|0,0|0,0|0,0|0,0|1,0|0,0|0,0|1,0|0,0|0,1|0,0|0,1|0,1|0,0|0,0|0,0|0,0|1,0|1,0|0,0|0,81,10,8,0,18,99,69,5096,26157,0.01,0.06,0,0,0,0.01,,SNP,2548
5,179835744,.,A,C,.,PASS,AC=2;AN=5096;DP=26519;AF=0;EAS_AF=0;EUR_AF=0;AFR_AF=0;AMR_AF=0;SAS_AF=0;VT=SNP;NS=2548,GT,0|0,0|0,0|0,0|0,0|0,0|0,0|0,0|0,0|0,0|0,0|0,0|0,0|0,0|0,0|0,0|0,0|0,0|0,0|0,0|0,0|0,0|0,0|0,0|0,0|0,0|0,0|0,0|0,0|0,0|0,0|0,0|0,0|0,0|0,0|0,0|0,0|0,1|0,0|0,0|0,0|0,0|0,0|0,0|0,0|0,0|0,0|0,0|0,0|0,0|0,0|0,0|0,0|0,0|0,0|0,0|0,0|0,0|0,0|0,0|0,0|0,0|0,0|0,0|0,0|0,0|0,0|0,0|0,0|0,0|0,0|0,0|0,0|0,0|0,0|0,0|0,0|0,0|0,0|0,0|0,0|0,0|0,0|0,0|0,0|0,0|0,0|0,0|0,0|0,0|0,0|0,0|0,0|0,0|0,0|0,0|0,0|0,0|0,0|0,98,1,0,0,1,99,2,5096,26519,0,0,0,0,0,0,,SNP,2548
5,179836198,.,C,G,.,PASS,AC=1;AN=5096;DP=50701;AF=0;EAS_AF=0;EUR_AF=0;AFR_AF=0;AMR_AF=0;SAS_AF=0;VT=SNP;NS=2548,GT,0|0,0|0,0|0,0|0,0|0,0|0,0|0,0|0,0|0,0|0,0|0,0|0,0|0,0|0,0|0,0|0,0|0,0|0,0|0,0|0,0|0,0|0,0|0,0|0,0|0,0|0,0|0,0|0,0|0,0|0,0|0,0|0,0|0,0|0,0|0,0|0,0|0,0|0,0|0,0|0,0|0,0|0,0|0,0|0,0|0,0|0,0|0,0|0,0|0,0|0,0|0,0|0,0|0,0|0,0|0,0|0,0|0,0|0,0|0,0|0,0|0,0|0,0|0,0|0,0|0,0|0,0|0,0|0,0|0,0|0,0|0,0|0,0|0,1|0,0|0,0|0,0|0,0|0,0|0,0|0,0|0,0|0,0|0,0|0,0|0,0|0,0|0,0|0,0|0,0|0,0|0,0|0,0|0,0|0,0|0,0|0,0|0,0|0,0|0,98,1,0,0,1,99,1,5096,50701,0,0,0,0,0,0,,SNP,2548
5,179836380,.,C,T,.,PASS,AC=2;AN=5096;DP=257568;AF=0;EAS_AF=0;EUR_AF=0;AFR_AF=0;AMR_AF=0;SAS_AF=0;EX_TARGET;VT=SNP;NS=2548,GT,0|0,0|0,0|0,0|0,0|0,0|0,0|0,0|0,0|0,0|0,0|0,0|0,0|0,0|0,0|0,0|0,0|0,0|0,0|0,0|0,0|0,0|0,0|0,0|0,0|0,0|0,0|0,0|0,0|0,0|0,0|0,0|0,0|0,1|0,0|0,0|0,0|0,0|0,0|0,0|0,0|0,0|0,0|0,0|0,0|0,0|0,0|0,0|0,0|0,0|0,0|0,0|0,0|0,0|0,0|0,0|0,0|0,0|0,0|0,0|0,0|0,0|0,0|0,0|0,0|0,0|0,0|0,0|0,0|0,0|0,0|0,0|0,0|0,0|0,0|0,0|0,0|0,0|0,0|0,0|0,0|0,0|0,0|0,0|0,0|0,0|0,0|0,0|0,0|0,0|0,0|0,0|0,0|0,0|0,0|0,0|0,0|0,0|0,0|0,98,1,0,0,1,99,2,5096,257568,0,0,0,0,0,0,,SNP,2548
5,179836446,.,G,A,.,PASS,AC=18;AN=5096;DP=363519;AF=0;EAS_AF=0.02;EUR_AF=0;AFR_AF=0;AMR_AF=0;SAS_AF=0;EX_TARGET;VT=SNP;NS=2548,GT,0|0,0|0,0|0,0|0,0|0,0|0,0|0,0|0,0|0,0|0,0|0,0|0,0|0,0|0,0|0,0|0,0|0,0|0,0|0,0|0,0|0,1|0,0|0,0|0,0|0,0|0,0|0,0|0,0|0,0|0,0|0,0|0,0|0,0|0,0|0,0|0,0|0,0|0,0|0,0|0,0|0,0|0,0|0,0|0,0|0,0|0,0|0,0|0,0|0,0|0,0|0,0|0,0|0,0|0,0|0,0|0,0|0,0|0,0|0,0|0,0|0,0|0,0|0,0|0,0|0,0|0,0|0,0|0,0|0,0|0,0|0,0|0,0|0,0|0,0|0,0|0,0|0,0|0,0|0,0|0,0|0,0|0,0|0,0|0,0|0,0|0,0|0,0|0,0|0,0|0,0|0,0|0,0|0,0|0,0|0,0|0,0|0,0|0,0|0,98,1,0,0,1,99,18,5096,363519,0,0.02,0,0,0,0,,SNP,2548
5,179836448,.,G,A,.,PASS,AC=2;AN=5096;DP=369493;AF=0;EAS_AF=0;EUR_AF=0;AFR_AF=0;AMR_AF=0;SAS_AF=0;EX_TARGET;VT=SNP;NS=2548,GT,0|0,0|0,0|0,0|0,0|0,0|0,0|0,0|0,0|0,0|0,0|0,0|0,0|0,0|0,0|0,0|0,0|0,0|0,0|0,0|0,0|0,0|0,0|0,0|0,0|0,0|0,0|0,0|0,0|0,0|0,0|0,0|0,0|0,0|0,0|0,0|0,0|0,0|0,0|0,0|0,0|0,0|0,0|0,0|0,0|0,0|0,0|0,0|0,0|0,0|0,0|0,0|0,0|0,0|0,0|0,0|0,0|0,0|0,0|0,0|0,0|0,0|0,0|0,0|0,0|0,0|0,0|0,0|0,0|0,0|0,0|0,0|0,0|0,0|0,0|0,0|0,0|0,0|0,0|0,0|0,0|0,0|0,0|0,1|0,0|0,0|0,0|0,0|0,0|0,0|0,0|0,0|0,0|0,0|0,0|0,0|0,0|0,0|0,0|0,98,1,0,0,1,99,2,5096,369493,0,0,0,0,0,0,,SNP,2548
5,179836515,.,G,A,.,PASS,AC=14;AN=5096;DP=433952;AF=0;EAS_AF=0.01;EUR_AF=0;AFR_AF=0;AMR_AF=0;SAS_AF=0;EX_TARGET;VT=SNP;NS=2548,GT,0|0,0|0,0|0,0|0,0|0,0|0,0|0,0|0,0|0,0|0,0|0,0|0,0|0,0|0,0|0,0|0,0|0,0|0,0|0,0|0,0|0,0|0,0|0,0|0,1|0,0|0,0|0,0|1,0|0,0|0,0|0,0|0,0|0,0|0,0|0,0|0,0|0,0|0,0|0,0|0,0|0,0|0,0|0,0|0,0|0,0|0,0|0,0|0,0|0,0|0,0|0,0|0,0|0,0|0,0|0,0|0,0|0,0|0,0|0,0|0,0|0,0|0,0|0,0|0,0|0,0|0,0|1,0|0,0|0,0|0,0|0,0|0,0|0,0|0,0|0,0|0,0|0,0|0,0|0,0|0,0|0,0|0,0|0,0|0,0|0,0|0,0|0,0|0,0|0,0|0,0|0,0|0,0|0,0|0,0|0,0|0,0|0,0|0,0|0,96,1,2,0,3,99,14,5096,433952,0,0.01,0,0,0,0,,SNP,2548
5,179837646,.,T,C,.,PASS,AC=2;AN=5096;DP=281321;AF=0;EAS_AF=0;EUR_AF=0;AFR_AF=0;AMR_AF=0;SAS_AF=0;EX_TARGET;VT=SNP;NS=2548,GT,0|0,0|0,0|0,0|0,0|0,0|0,0|0,0|0,0|0,0|0,0|0,0|0,0|0,0|0,0|0,0|0,0|0,0|0,0|0,0|0,0|0,0|0,0|0,0|0,0|0,0|0,0|0,0|0,0|0,0|0,0|0,0|0,0|0,0|0,0|0,0|0,0|0,1|0,0|0,0|0,0|0,0|0,0|0,0|0,0|0,0|0,0|0,0|0,0|0,0|0,0|0,0|0,0|0,0|0,0|0,0|0,0|0,0|0,0|0,0|0,0|0,0|0,0|0,0|0,0|0,0|0,0|0,0|0,0|0,0|0,0|0,0|0,0|0,0|0,0|0,0|0,0|0,0|0,0|0,0|0,0|0,0|0,0|0,0|0,0|0,0|0,0|0,0|0,0|0,0|0,0|0,0|0,0|0,0|0,0|0,0|0,0|0,0|0,0|0,98,1,0,0,1,99,2,5096,281321,0,0,0,0,0,0,,SNP,2548
5,179837731,.,T,C,.,PASS,AC=3507;AN=5096;DP=303199;AF=0.69;EAS_AF=0.76;EUR_AF=0.52;AFR_AF=0.79;AMR_AF=0.73;SAS_AF=0.63;EX_TARGET;VT=SNP;NS=2548,GT,1|1,1|0,1|1,0|1,1|1,1|1,1|1,0|1,1|1,1|1,1|1,1|1,1|0,1|1,1|0,1|1,1|0,1|0,0|1,1|0,1|1,0|1,0|1,1|1,1|0,0|1,1|0,1|1,1|1,0|0,0|1,1|1,1|1,1|1,1|0,1|0,1|1,1|1,1|0,0|1,0|0,1|1,1|1,1|0,1|1,1|1,1|1,1|0,1|1,1|1,1|1,0|0,1|0,1|1,1|0,1|0,0|0,1|0,1|0,0|1,1|1,1|1,1|1,0|1,0|0,0|0,0|1,0|1,1|1,0|1,0|1,1|1,1|0,1|1,1|0,0|1,1|1,1|1,1|1,1|1,1|1,1|1,1|0,1|1,1|0,1|0,0|1,0|0,0|0,1|0,0|1,0|1,0|1,1|0,0|1,1|0,1|0,0|1,1|1,8,27,21,43,91,99,3507,5096,303199,0.69,0.76,0.52,0.79,0.73,0.63,,SNP,2548
5,179837915,.,G,T,.,PASS,AC=3682;AN=5096;DP=94404;AF=0.72;EAS_AF=0.76;EUR_AF=0.51;AFR_AF=0.92;AMR_AF=0.74;SAS_AF=0.62;EX_TARGET;VT=SNP;NS=2548,GT,1|1,1|0,1|1,0|1,1|1,1|1,1|1,0|1,1|1,1|1,1|1,1|1,1|0,1|1,1|0,1|1,1|0,1|0,0|1,1|0,1|1,0|1,0|1,1|1,1|0,0|1,1|0,1|1,1|1,0|0,0|1,1|1,1|1,1|1,1|0,1|0,1|1,1|1,1|0,0|1,0|0,1|1,1|1,1|0,1|1,1|1,1|1,1|0,1|1,1|1,1|1,0|0,1|0,1|1,1|0,1|0,0|0,1|0,1|0,0|1,1|1,1|1,1|1,0|1,0|0,0|0,0|1,0|1,1|1,0|1,0|1,1|1,1|0,1|1,1|0,0|1,1|1,1|1,1|1,1|1,1|1,1|1,1|0,1|1,1|0,1|0,0|1,0|0,0|0,1|0,0|1,0|1,0|1,1|0,0|1,1|0,1|0,0|1,1|1,8,27,21,43,91,99,3682,5096,94404,0.72,0.76,0.51,0.92,0.74,0.62,,SNP,2548
5,179838010,.,G,A,.,PASS,AC=1;AN=5096;DP=46410;AF=0;EAS_AF=0;EUR_AF=0;AFR_AF=0;AMR_AF=0;SAS_AF=0;VT=SNP;NS=2548,GT,0|0,0|0,0|0,0|0,0|0,0|0,0|0,0|0,0|0,0|0,0|0,0|0,0|0,0|0,0|0,0|0,0|0,0|0,0|0,0|0,0|0,0|0,0|0,0|0,0|0,0|0,0|0,0|0,0|0,0|0,0|0,0|0,0|0,0|0,0|0,0|0,0|0,0|0,0|0,0|0,0|0,0|0,0|0,0|0,0|0,0|0,0|0,0|0,0|0,0|0,0|0,0|0,0|0,0|0,0|0,0|0,0|0,0|0,0|0,0|0,0|0,0|0,0|0,0|0,0|0,0|0,0|0,0|0,1|0,0|0,0|0,0|0,0|0,0|0,0|0,0|0,0|0,0|0,0|0,0|0,0|0,0|0,0|0,0|0,0|0,0|0,0|0,0|0,0|0,0|0,0|0,0|0,0|0,0|0,0|0,0|0,0|0,0|0,0|0,98,1,0,0,1,99,1,5096,46410,0,0,0,0,0,0,,SNP,2548
