#CHROM,POS,ID,REF,ALT,QUAL,FILTER,INFO,FORMAT,HG00349,HG00327,HG00266,HG00323,HG00368,HG00326,HG00270,HG00321,HG00337,HG00189,HG00272,HG00382,HG00364,HG00304,HG00339,HG00330,HG00355,HG00186,HG00308,HG00353,HG00285,HG00273,HG00371,HG00274,HG00375,HG00282,HG00346,HG00345,HG00325,HG00367,HG00183,HG00366,HG00358,HG00275,HG00177,HG00178,HG00338,HG00319,HG00311,HG00381,HG00334,HG00277,HG00369,HG00324,HG00267,HG00372,HG00342,HG00284,HG00190,HG00181,HG00356,HG00180,HG00176,HG00271,HG00362,HG00288,HG00384,HG00182,HG00376,HG00336,HG00350,HG00318,HG00188,HG00344,HG00315,HG00269,HG00335,HG00179,HG00377,HG00185,HG00359,HG00383,HG00380,HG00276,HG00268,HG00332,HG00278,HG00365,HG00281,HG00343,HG00351,HG00187,HG00373,HG00320,HG00310,HG00171,HG00313,HG00357,HG00361,HG00379,HG00378,HG00309,HG00328,HG00290,HG00331,HG00329,HG00174,HG00312,HG00306,HG00341,HG00360,HG00280,HG00173
21,31659974,.,C,T,.,PASS,AC=141;AN=5096;DP=20446;AF=0.03;EAS_AF=0;EUR_AF=0.07;AFR_AF=0;AMR_AF=0.03;SAS_AF=0.04;VT=SNP;NS=2548,GT,0|0,0|0,0|0,0|0,1|0,0|0,0|0,0|0,0|0,0|0,0|0,0|0,0|1,0|0,0|0,0|1,0|0,0|0,0|0,0|0,0|0,0|0,1|1,0|0,0|0,0|0,0|0,0|0,0|0,0|0,0|0,0|0,0|0,0|0,0|0,0|0,0|0,0|0,0|0,1|0,1|0,0|0,0|0,0|0,0|0,0|0,0|0,0|0,0|0,0|0,0|0,0|0,0|0,0|0,0|0,0|0,1|0,0|0,0|0,0|0,1|0,0|0,0|0,0|0,0|0,0|0,0|0,0|0,0|0,0|0,0|0,0|0,0|0,1|0,0|1,0|0,0|0,0|0,0|0,0|0,0|0,0|0,0|0,0|0,0|0,0|0,0|0,0|0,0|0,0|0,0|0,0|0,0|0,0|0,1|0,0|0,0|0,1|0,0|0,0|0,0|0,0|0,0|0
21,31660220,.,G,A,.,PASS,AC=2;AN=5096;DP=11804;AF=0;EAS_AF=0;EUR_AF=0;AFR_AF=0;AMR_AF=0;SAS_AF=0;VT=SNP;NS=2548,GT,0|0,0|0,0|0,0|0,0|0,0|0,0|0,0|0,0|0,0|0,0|0,0|0,0|0,0|0,0|0,0|0,0|0,0|0,0|0,0|0,0|0,1|0,0|0,0|0,0|0,0|0,1|0,0|0,0|0,0|0,0|0,0|0,0|0,0|0,0|0,0|0,0|0,0|0,0|0,0|0,0|0,0|0,0|0,0|0,0|0,0|0,0|0,0|0,0|0,0|0,0|0,0|0,0|0,0|0,0|0,0|0,0|0,0|0,0|0,0|0,0|0,0|0,0|0,0|0,0|0,0|0,0|0,0|0,0|0,0|0,0|0,0|0,0|0,0|0,0|0,0|0,0|0,0|0,0|0,0|0,0|0,0|0,0|0,0|0,0|0,0|0,0|0,0|0,0|0,0|0,0|0,0|0,0|0,0|0,0|0,0|0,0|0,0|0,0|0,0|0,0|0,0|0,0|0
21,31660582,.,C,G,.,PASS,AC=17;AN=5096;DP=19940;AF=0;EAS_AF=0;EUR_AF=0.01;AFR_AF=0;AMR_AF=0;SAS_AF=0.01;VT=SNP;NS=2548,GT,0|0,0|0,0|0,0|0,0|0,0|0,0|0,0|0,0|0,0|0,0|0,0|0,0|0,0|0,0|0,0|0,0|0,0|0,0|0,0|0,0|0,0|0,0|0,0|0,0|0,0|0,0|0,1|0,1|0,0|0,0|0,0|0,0|0,0|0,0|0,0|0,0|0,0|0,0|0,0|0,0|0,0|0,0|0,0|0,0|0,0|0,0|0,0|0,0|0,0|0,0|0,0|0,0|0,0|0,0|0,0|0,0|0,0|0,0|0,0|0,0|0,0|0,0|0,0|0,0|0,0|0,0|0,0|0,0|0,0|0,0|0,0|0,0|0,0|0,0|0,0|0,0|0,0|0,0|0,0|0,0|0,0|1,0|0,0|0,0|0,0|0,0|1,0|0,0|0,1|0,0|0,0|0,0|0,0|0,0|0,0|0,0|0,0|0,0|0,0|0,0|0,0|0,0|0
21,31660675,.,C,A,.,PASS,AC=503;AN=5096;DP=21130;AF=0.1;EAS_AF=0;EUR_AF=0.06;AFR_AF=0.31;AMR_AF=0.03;SAS_AF=0.01;VT=SNP;NS=2548,GT,0|0,0|0,0|0,0|0,0|0,0|0,0|0,1|0,0|1,1|0,0|0,1|0,0|0,0|0,0|0,0|0,0|0,1|0,0|0,0|0,0|0,0|0,0|0,0|0,0|0,0|1,0|0,0|0,0|0,1|0,0|0,0|0,0|0,1|0,0|0,0|0,0|0,0|0,0|0,0|1,0|0,0|0,0|0,0|0,0|0,0|1,0|0,0|1,0|0,0|0,0|0,0|0,0|0,0|0,0|1,0|0,0|0,0|0,1|0,0|0,0|1,0|0,1|0,0|0,0|0,0|0,0|0,0|0,0|0,0|0,0|0,1|0,0|0,0|0,0|0,0|0,0|0,0|0,0|0,0|0,0|0,0|0,0|0,0|0,0|0,0|0,0|0,0|0,0|0,0|0,0|0,0|0,0|0,0|0,0|1,0|0,0|0,0|0,1|0,0|0,0|0,0|0,0|0
21,31660688,.,C,G,.,PASS,AC=1159;AN=5096;DP=21437;AF=0.23;EAS_AF=0.52;EUR_AF=0.07;AFR_AF=0.12;AMR_AF=0.22;SAS_AF=0.23;VT=SNP;NS=2548,GT,0|0,0|1,0|0,0|0,0|0,1|0,1|0,0|1,0|0,0|0,1|1,0|0,0|0,0|0,0|0,0|0,0|0,0|0,0|0,0|0,0|0,0|0,0|0,1|0,0|0,0|0,0|0,0|1,0|0,0|0,0|0,1|0,0|0,0|1,0|0,0|0,0|1,0|0,0|0,0|0,0|0,0|0,0|0,0|0,0|0,0|0,0|0,0|0,0|0,0|0,0|1,0|0,1|0,0|0,0|0,1|0,0|1,0|0,0|0,0|0,0|0,0|1,0|1,0|0,1|0,0|0,0|0,0|0,1|0,0|1,0|0,0|1,0|0,0|0,0|0,1|0,0|0,0|1,0|0,0|0,0|0,0|0,0|0,0|0,0|0,0|0,0|0,0|0,1|0,0|0,0|1,0|0,0|0,0|0,0|0,0|0,0|1,0|0,0|0,0|0,0|0,0|0,0|0
21,31660757,.,A,G,.,PASS,AC=5;AN=5096;DP=21877;AF=0;EAS_AF=0;EUR_AF=0;AFR_AF=0;AMR_AF=0;SAS_AF=0;VT=SNP;NS=2548,GT,0|0,0|0,0|0,0|0,0|0,0|0,0|0,0|0,0|0,0|0,0|0,0|0,0|0,0|0,0|0,0|0,0|0,0|0,0|0,0|0,0|0,0|0,0|0,0|0,0|0,0|0,0|0,0|0,0|0,0|0,0|0,0|0,0|0,0|0,0|0,0|0,0|0,0|0,0|1,0|0,0|0,0|0,0|0,0|0,0|0,0|0,0|0,0|0,0|0,0|0,0|0,0|0,0|0,0|0,0|0,0|0,0|0,0|0,0|0,0|0,0|0,0|0,0|0,0|0,0|0,0|0,0|0,0|0,0|0,0|0,0|0,0|0,0|0,0|0,0|0,0|0,0|0,0|0,0|0,0|0,0|0,0|0,0|0,0|0,0|0,0|0,0|0,0|0,0|0,0|0,0|0,0|0,0|0,0|0,0|0,0|0,0|0,0|0,0|0,0|0,0|0,0|0,0|0
21,31661515,.,C,T,.,PASS,AC=26;AN=5096;DP=17420;AF=0.01;EAS_AF=0;EUR_AF=0.02;AFR_AF=0;AMR_AF=0;SAS_AF=0;VT=SNP;NS=2548,GT,0|0,0|0,0|0,0|0,0|0,0|0,0|0,0|0,0|0,0|0,0|0,0|0,0|0,0|0,1|0,0|0,0|0,0|0,0|0,0|0,0|0,0|0,0|0,0|0,0|0,0|0,0|0,0|0,0|0,0|0,0|0,0|0,0|0,0|0,0|0,0|0,0|0,0|0,0|0,0|0,0|0,0|0,0|0,0|0,0|0,0|0,0|0,0|0,0|0,0|0,0|0,0|0,0|0,0|0,0|0,0|0,0|0,0|0,0|0,0|0,0|0,0|0,0|0,0|0,0|0,0|0,0|0,0|0,0|0,0|0,0|0,0|0,0|0,0|0,0|0,0|0,0|0,0|0,0|0,0|0,0|0,0|0,0|0,0|0,0|0,0|0,0|0,0|0,0|0,0|0,0|0,0|0,0|0,0|0,0|0,0|0,0|0,0|0,0|0,0|0,0|0,0|0,0|0
21,31662436,.,G,A,.,PASS,AC=4;AN=5096;DP=22929;AF=0;EAS_AF=0;EUR_AF=0;AFR_AF=0;AMR_AF=0;SAS_AF=0;VT=SNP;NS=2548,GT,0|0,0|0,0|0,0|0,0|0,0|0,0|0,0|0,0|0,0|0,0|0,0|0,0|0,0|0,0|0,0|0,0|0,0|0,0|0,0|0,0|0,0|0,0|0,0|0,0|0,0|0,0|0,0|0,0|0,0|0,0|0,0|0,0|0,0|0,0|0,0|0,0|0,0|0,0|0,0|0,0|0,0|0,0|0,0|0,0|0,0|1,0|0,0|0,0|0,0|0,0|0,0|0,0|0,0|0,0|0,0|0,0|0,0|0,0|0,0|0,0|0,0|0,0|0,0|0,0|0,0|0,0|0,0|0,0|0,0|0,0|0,0|0,0|0,0|0,0|0,0|0,0|0,0|0,0|0,0|0,0|0,0|0,0|0,0|0,0|0,0|0,0|0,0|0,0|0,0|0,0|0,0|0,0|0,0|0,0|0,0|0,0|0,0|0,0|0,0|0,0|0,0|0,0|0
21,31662579,.,G,A,.,PASS,AC=1672;AN=5096;DP=21074;AF=0.33;EAS_AF=0.52;EUR_AF=0.13;AFR_AF=0.44;AMR_AF=0.26;SAS_AF=0.24;VT=SNP;NS=2548,GT,0|0,0|1,0|0,0|0,0|0,1|0,1|0,1|1,0|1,1|0,1|1,1|0,0|0,0|0,0|0,0|0,0|0,1|0,0|0,0|0,0|0,0|0,0|0,1|0,0|0,0|1,0|0,0|1,0|0,1|0,0|0,1|0,0|0,1|1,0|0,0|0,0|1,0|0,0|0,0|1,0|0,0|0,0|0,0|0,0|0,0|1,0|0,0|1,0|0,0|0,0|1,0|0,1|0,0|0,0|1,1|0,0|1,0|0,1|0,0|0,0|1,0|1,1|1,0|0,1|0,0|0,0|0,0|0,1|0,0|1,0|0,1|1,0|0,0|0,0|0,1|0,0|0,0|1,0|0,0|0,0|0,0|0,0|0,0|0,0|0,0|0,0|0,0|0,1|0,0|0,0|1,0|0,0|0,0|0,0|1,0|0,0|1,0|0,1|0,0|0,0|0,0|0,0|0
21,31662785,.,C,T,.,PASS,AC=2;AN=5096;DP=19031;AF=0;EAS_AF=0;EUR_AF=0;AFR_AF=0;AMR_AF=0;SAS_AF=0;VT=SNP;NS=2548,GT,0|0,0|0,0|0,0|0,0|0,0|0,0|0,0|0,0|0,0|0,0|0,0|0,0|0,0|0,0|0,0|0,0|0,0|0,0|0,0|0,0|0,0|0,0|0,0|0,0|0,0|0,0|0,0|0,0|0,0|0,0|0,0|0,0|0,0|0,0|0,0|0,0|0,0|0,0|0,0|1,0|0,0|0,0|0,0|0,0|0,0|0,0|0,0|0,0|0,0|0,0|0,0|0,0|0,0|0,0|0,0|0,0|0,0|0,0|0,0|0,0|0,0|0,0|0,0|0,0|0,0|0,0|0,0|0,0|0,0|0,0|0,0|0,0|0,0|0,0|0,0|0,0|0,0|0,0|0,0|0,0|0,0|0,0|0,0|0,0|0,0|0,0|0,0|0,0|0,0|0,0|0,0|0,0|0,0|0,0|0,0|0,0|0,0|0,1|0,0|0,0|0,0|0,0|0
21,31663125,.,C,T,.,PASS,AC=993;AN=5096;DP=17406;AF=0.19;EAS_AF=0.5;EUR_AF=0.07;AFR_AF=0.1;AMR_AF=0.2;SAS_AF=0.12;VT=SNP;NS=2548,GT,0|0,0|1,0|0,0|0,0|0,1|0,1|0,0|1,0|0,0|0,1|1,0|0,0|0,0|0,0|0,0|0,0|0,0|0,0|0,0|0,0|0,0|0,0|0,1|0,0|0,0|0,0|0,0|1,0|0,0|0,0|0,1|0,0|0,0|1,0|0,0|0,0|1,0|0,0|0,0|0,0|0,0|0,0|0,0|0,0|0,0|0,0|0,0|0,0|0,0|0,0|1,0|0,1|0,0|0,0|0,0|0,0|1,0|0,0|0,0|0,0|0,0|1,0|1,0|0,1|0,0|0,0|0,0|0,1|0,0|1,0|0,0|1,0|0,0|0,0|0,1|0,0|0,0|1,0|0,0|0,0|0,0|0,0|0,0|0,0|0,0|0,0|0,0|0,1|0,0|0,0|1,0|0,0|0,0|0,0|0,0|0,0|1,0|0,0|0,0|0,0|0,0|0,0|0
21,31663682,.,T,A,.,PASS,AC=81;AN=5096;DP=126170;AF=0.02;EAS_AF=0;EUR_AF=0.06;AFR_AF=0;AMR_AF=0.02;SAS_AF=0.01;VT=SNP;NS=2548,GT,0|0,0|0,0|0,0|0,0|0,0|0,0|0,1|0,0|1,1|0,0|0,1|0,0|0,0|0,0|0,0|0,0|0,1|0,0|0,0|0,0|0,0|0,0|0,0|0,0|0,0|1,0|0,0|0,0|0,1|0,0|0,0|0,0|0,1|0,0|0,0|0,0|0,0|0,0|0,0|1,0|0,0|0,0|0,0|0,0|0,0|1,0|0,0|1,0|0,0|0,0|0,0|0,0|0,0|0,0|1,0|0,0|0,0|0,1|0,0|0,0|1,0|0,1|0,0|0,0|0,0|0,0|0,0|0,0|0,0|0,0|0,1|0,0|0,0|0,0|0,0|0,0|0,0|0,0|0,0|0,0|0,0|0,0|0,0|0,0|0,0|0,0|0,0|0,0|0,0|0,0|0,0|0,0|0,0|0,0|1,0|0,0|0,0|0,1|0,0|0,0|0,0|0,0|0
21,31664078,.,T,G,.,PASS,AC=1500;AN=5096;DP=76439;AF=0.29;EAS_AF=0.52;EUR_AF=0.13;AFR_AF=0.31;AMR_AF=0.25;SAS_AF=0.24;VT=SNP;NS=2548,GT,0|0,0|1,0|0,0|0,0|0,1|0,1|0,1|1,0|1,1|0,1|1,1|0,0|0,0|0,0|0,0|0,0|0,1|0,0|0,0|0,0|0,0|0,0|0,1|0,0|0,0|1,0|0,0|1,0|0,1|0,0|0,1|0,0|0,1|1,0|0,0|0,0|1,0|0,0|0,0|1,0|0,0|0,0|0,0|0,0|0,0|1,0|0,0|1,0|0,0|0,0|1,0|0,1|0,0|0,0|1,1|0,0|1,0|0,1|0,0|0,0|1,0|1,1|1,0|0,1|0,0|0,0|0,0|0,1|0,0|1,0|0,1|1,0|0,0|0,0|0,1|0,0|0,0|1,0|0,0|0,0|0,0|0,0|0,0|0,0|0,0|0,0|0,0|0,1|0,0|0,0|1,0|0,0|0,0|0,0|1,0|0,0|1,0|0,1|0,0|0,0|0,0|0,0|0
21,31664501,.,GAGA,G,.,PASS,AC=431;AN=5096;DP=29019;AF=0.08;EAS_AF=0.01;EUR_AF=0.16;AFR_AF=0.03;AMR_AF=0.11;SAS_AF=0.14;VT=INDEL;NS=2548,GT,0|0,0|0,1|0,0|0,0|0,0|0,0|0,0|0,0|0,0|0,0|0,0|0,0|0,1|0,0|0,0|0,0|0,0|0,0|0,0|0,0|0,0|0,0|0,0|0,0|0,0|0,0|0,1|0,1|0,0|0,0|0,0|0,1|0,0|0,0|1,0|1,0|0,0|1,0|0,0|0,0|1,0|0,0|0,1|0,1|0,0|0,0|0,0|0,1|0,1|0,1|0,0|0,0|0,0|0,0|0,0|1,0|0,1|0,0|0,0|1,0|0,0|0,0|0,0|0,0|0,1|0,0|1,0|0,0|0,0|0,0|0,0|0,0|0,0|1,0|0,0|0,0|0,0|0,0|0,1|0,0|0,0|1,0|1,1|0,1|0,0|0,0|1,0|0,0|0,1|0,0|0,0|0,0|1,1|1,0|0,0|0,0|0,0|0,0|0,0|1,0|0,0|0,0|0
21,31665161,.,TA,T,.,PASS,AC=2588;AN=5096;DP=14175;AF=0.51;EAS_AF=0.76;EUR_AF=0.36;AFR_AF=0.41;AMR_AF=0.51;SAS_AF=0.53;VT=INDEL;NS=2548,GT,0|0,1|1,1|1,0|0,0|0,1|0,1|1,1|1,0|0,1|1,1|1,1|0,1|0,1|0,0|0,0|0,0|0,0|0,0|0,0|0,0|0,0|0,0|0,1|0,0|0,0|1,0|0,1|1,1|0,1|0,1|0,1|0,1|0,1|1,0|1,0|1,0|1,0|1,0|1,0|1,0|1,0|0,0|0,1|1,0|0,0|1,1|0,0|0,1|0,1|0,1|1,1|0,1|0,0|0,0|1,1|1,0|0,1|1,1|0,0|1,0|1,0|1,1|1,0|0,1|0,1|0,0|0,0|0,1|0,0|1,0|0,1|1,0|0,0|0,0|0,1|1,0|0,0|1,0|0,1|0,0|1,0|1,0|1,1|0,0|0,0|0,0|1,0|0,1|0,1|0,0|1,0|0,0|0,1|1,0|0,0|0,1|1,0|0,1|0,0|1,1|1,0|0,1|0
21,31665169,.,A,T,.,PASS,AC=2905;AN=5096;DP=14096;AF=0.57;EAS_AF=0.8;EUR_AF=0.43;AFR_AF=0.5;AMR_AF=0.59;SAS_AF=0.56;VT=SNP;NS=2548,GT,0|0,1|1,1|1,0|0,0|0,1|0,1|1,1|1,0|1,1|1,1|1,1|0,1|0,1|0,0|0,0|0,0|0,1|0,0|0,0|1,0|0,0|0,0|0,1|0,0|0,0|1,0|0,1|1,1|0,1|0,1|0,1|0,1|0,1|1,0|1,0|1,0|1,0|1,0|1,0|1,0|1,0|0,1|0,1|1,1|0,0|1,1|0,0|1,1|0,1|0,1|1,1|0,1|0,0|0,0|1,1|1,0|1,1|1,1|0,0|1,0|1,0|1,1|1,0|0,1|0,1|0,0|1,0|0,1|0,0|1,0|1,1|1,0|0,0|1,0|0,1|1,0|0,0|1,1|0,1|0,0|1,0|1,0|1,1|0,1|0,0|0,0|1,0|0,1|0,1|0,0|1,0|0,0|1,1|1,0|1,0|0,1|1,0|0,1|0,0|1,1|1,0|0,1|0
21,31665251,.,A,G,.,PASS,AC=1260;AN=5096;DP=16807;AF=0.25;EAS_AF=0.31;EUR_AF=0.31;AFR_AF=0.05;AMR_AF=0.33;SAS_AF=0.32;VT=SNP;NS=2548,GT,0|0,1|0,1|1,0|0,1|0,0|0,0|1,0|0,0|0,0|1,0|0,0|0,1|0,1|0,0|0,0|0,0|0,0|0,0|1,0|1,0|0,0|0,1|1,0|0,0|0,0|0,0|0,1|0,1|0,0|0,1|0,0|0,1|0,0|0,0|1,0|1,0|0,0|1,0|1,1|0,1|1,0|0,1|0,1|1,1|0,0|0,1|0,0|0,1|0,1|0,1|0,1|0,0|0,0|0,0|0,0|1,1|0,1|1,0|0,0|1,1|0,0|0,0|0,0|0,0|0,1|0,0|1,0|0,0|0,0|0,0|0,0|0,0|0,0|1,0|0,0|1,0|0,0|0,1|0,1|0,0|1,0|1,0|1,1|0,1|0,0|0,0|1,0|0,0|0,1|0,0|0,0|0,0|1,1|1,0|0,0|0,1|0,0|0,0|0,0|1,1|1,0|0,1|0
21,31665557,.,C,T,.,PASS,AC=18;AN=5096;DP=21035;AF=0;EAS_AF=0;EUR_AF=0.01;AFR_AF=0;AMR_AF=0;SAS_AF=0;VT=SNP;NS=2548,GT,0|0,0|0,0|0,0|0,0|0,0|0,0|0,0|0,0|0,0|0,0|0,0|0,0|0,0|0,0|0,0|0,0|0,0|0,0|0,0|0,0|0,0|0,0|0,0|0,0|0,0|0,0|0,0|0,0|0,0|0,0|0,0|0,0|0,0|0,0|0,0|0,0|0,0|0,0|0,0|0,0|0,0|0,0|0,0|0,0|0,0|0,0|0,0|0,0|0,1|0,0|0,0|0,0|0,0|0,0|0,0|0,0|0,1|0,0|0,0|0,0|0,0|0,0|0,0|0,0|0,0|0,0|0,0|0,0|0,0|0,0|0,0|0,0|0,0|1,0|0,0|0,0|0,0|0,0|0,1|0,0|0,0|0,0|0,0|0,0|0,0|0,0|0,0|0,0|0,0|0,0|0,0|0,0|1,0|0,0|0,0|0,0|0,0|0,0|0,0|0,0|0,0|0,0|0
21,31665645,.,C,T,.,PASS,AC=15;AN=5096;DP=21101;AF=0;EAS_AF=0;EUR_AF=0.01;AFR_AF=0;AMR_AF=0.01;SAS_AF=0;VT=SNP;NS=2548,GT,0|0,0|0,0|0,0|0,0|0,0|0,0|1,0|0,0|0,0|0,0|0,0|0,0|0,0|0,0|0,0|0,0|0,0|0,0|0,0|0,0|0,0|0,0|0,0|0,0|0,0|0,0|0,0|0,0|0,0|0,0|0,0|0,0|0,0|0,0|0,0|0,0|0,0|0,0|0,0|0,0|0,0|0,0|0,0|0,0|0,0|0,0|0,0|0,0|0,0|0,0|0,0|0,0|0,0|0,0|0,0|0,0|0,0|0,0|0,0|0,0|0,0|0,0|0,0|0,0|0,0|0,0|0,0|0,0|0,0|0,0|0,0|0,0|0,0|0,0|0,0|0,0|0,0|0,0|0,0|0,0|0,0|0,0|0,0|0,0|0,0|0,0|0,0|0,0|0,0|0,0|0,0|0,0|0,0|0,0|0,0|0,0|0,0|0,0|0,0|0,0|0,0|0,0|0
21,31665875,.,A,G,.,PASS,AC=4;AN=5096;DP=20126;AF=0;EAS_AF=0;EUR_AF=0;AFR_AF=0;AMR_AF=0;SAS_AF=0;VT=SNP;NS=2548,GT,0|0,0|0,0|0,0|0,0|0,0|0,0|0,0|0,0|0,0|0,0|0,0|0,0|0,0|0,0|0,0|0,0|0,0|0,0|0,0|0,0|0,0|0,0|0,0|0,0|0,0|0,0|0,0|0,0|0,0|0,0|0,0|0,0|0,0|0,0|0,0|0,0|0,0|0,0|0,0|0,0|0,0|0,0|0,0|0,0|0,0|0,0|0,0|0,0|0,0|0,0|0,0|0,0|0,0|0,0|0,0|0,0|0,0|0,0|0,0|0,0|0,0|0,0|0,0|0,0|0,0|0,0|0,0|0,0|0,0|0,0|0,0|0,0|0,0|0,0|0,0|0,0|0,0|0,1|0,0|0,0|0,0|0,0|0,0|0,0|0,0|0,0|0,0|0,0|0,0|0,0|0,0|0,0|0,0|0,0|0,0|0,0|0,0|0,0|0,0|0,0|0,0|0,0|0
21,31666034,.,C,A,.,PASS,AC=1261;AN=5096;DP=15928;AF=0.25;EAS_AF=0.51;EUR_AF=0.07;AFR_AF=0.2;AMR_AF=0.23;SAS_AF=0.23;VT=SNP;NS=2548,GT,0|0,0|1,0|0,0|0,0|0,1|0,1|0,0|1,0|0,0|0,1|1,0|0,0|0,0|0,0|0,0|0,0|0,0|0,0|0,0|0,0|0,0|0,0|0,1|0,0|0,0|0,0|0,0|1,0|0,0|0,0|0,1|0,0|0,0|1,0|0,0|0,0|1,0|0,0|0,0|0,0|0,0|0,0|0,0|0,0|0,0|0,0|0,0|0,0|0,0|0,0|1,0|0,1|0,0|0,0|0,1|0,0|1,0|0,0|0,0|0,0|0,0|1,0|1,0|0,1|0,0|0,0|0,0|0,1|0,0|1,0|0,0|1,0|0,0|0,0|0,1|0,0|0,0|1,0|0,0|0,0|0,0|0,0|0,0|0,0|0,0|0,0|0,0|0,1|0,0|0,0|1,0|0,0|0,0|0,0|0,0|0,0|1,0|0,0|0,0|0,0|0,0|0,0|0
21,31666089,.,A,T,.,PASS,AC=12;AN=5096;DP=21303;AF=0;EAS_AF=0;EUR_AF=0.01;AFR_AF=0;AMR_AF=0;SAS_AF=0;VT=SNP;NS=2548,GT,0|0,0|0,0|0,0|0,0|0,0|0,0|0,0|0,0|0,0|0,0|0,0|0,0|0,0|0,0|0,0|0,0|0,0|0,0|0,0|0,0|0,0|0,0|0,0|0,0|0,0|0,0|0,0|0,0|0,0|0,0|0,0|0,0|0,0|0,0|0,0|0,0|0,0|0,0|0,0|0,0|0,0|0,0|0,0|0,0|0,0|0,0|0,0|0,0|0,0|0,0|0,0|0,0|0,0|0,0|0,0|0,0|0,0|0,0|0,0|0,0|0,0|0,0|0,1|0,0|0,0|0,0|0,0|0,0|0,0|0,0|0,0|0,0|0,0|0,0|0,0|0,0|0,0|0,0|0,0|0,0|0,1|0,0|0,0|0,0|0,0|0,1|0,0|0,0|0,0|0,0|0,0|0,0|0,0|0,0|0,0|0,0|0,0|0,0|0,0|0,0|0,0|0,0|0
21,31666119,.,G,A,.,PASS,AC=2;AN=5096;DP=20370;AF=0;EAS_AF=0;EUR_AF=0;AFR_AF=0;AMR_AF=0;SAS_AF=0;VT=SNP;NS=2548,GT,0|0,0|0,0|0,0|0,0|0,0|0,0|0,0|0,0|0,0|0,0|0,0|0,0|0,0|0,0|0,0|0,0|0,0|0,0|0,0|0,0|0,0|0,0|0,0|0,0|0,0|0,0|0,0|0,0|0,0|0,0|0,0|0,0|0,0|0,0|0,0|0,0|0,0|0,0|0,0|0,0|0,0|1,0|0,0|0,0|0,0|0,0|0,0|0,0|0,0|0,0|0,0|0,0|0,0|0,0|0,0|0,0|0,0|0,0|0,0|0,0|0,0|0,0|0,0|0,0|0,0|0,0|0,0|0,0|0,0|0,0|0,0|0,0|0,0|0,0|0,0|0,0|0,0|0,0|0,0|0,0|0,0|0,0|0,0|0,0|0,0|0,0|0,0|0,0|0,0|0,0|0,0|0,0|0,0|0,0|0,0|0,0|0,0|0,0|0,0|0,0|0,0|0,0|0
21,31666162,.,CAG,C,.,PASS,AC=81;AN=5096;DP=24404;AF=0.02;EAS_AF=0;EUR_AF=0.06;AFR_AF=0;AMR_AF=0.02;SAS_AF=0.01;VT=INDEL;NS=2548,GT,0|0,0|0,0|0,0|0,0|0,0|0,0|0,1|0,0|1,1|0,0|0,1|0,0|0,0|0,0|0,0|0,0|0,1|0,0|0,0|0,0|0,0|0,0|0,0|0,0|0,0|1,0|0,0|0,0|0,1|0,0|0,0|0,0|0,1|0,0|0,0|0,0|0,0|0,0|0,0|1,0|0,0|0,0|0,0|0,0|0,0|1,0|0,0|1,0|0,0|0,0|0,0|0,0|0,0|0,0|1,0|0,0|0,0|0,1|0,0|0,0|1,0|0,1|0,0|0,0|0,0|0,0|0,0|0,0|0,0|0,0|0,1|0,0|0,0|0,0|0,0|0,0|0,0|0,0|0,0|0,0|0,0|0,0|0,0|0,0|0,0|0,0|0,0|0,0|0,0|0,0|0,0|0,0|0,0|0,0|1,0|0,0|0,0|0,1|0,0|0,0|0,0|0,0|0
21,31666552,.,A,C,.,PASS,AC=81;AN=5096;DP=183780;AF=0.02;EAS_AF=0;EUR_AF=0.06;AFR_AF=0;AMR_AF=0.02;SAS_AF=0.01;VT=SNP;NS=2548,GT,0|0,0|0,0|0,0|0,0|0,0|0,0|0,1|0,0|1,1|0,0|0,1|0,0|0,0|0,0|0,0|0,0|0,1|0,0|0,0|0,0|0,0|0,0|0,0|0,0|0,0|1,0|0,0|0,0|0,1|0,0|0,0|0,0|0,1|0,0|0,0|0,0|0,0|0,0|0,0|1,0|0,0|0,0|0,0|0,0|0,0|1,0|0,0|1,0|0,0|0,0|0,0|0,0|0,0|0,0|1,0|0,0|0,0|0,1|0,0|0,0|1,0|0,1|0,0|0,0|0,0|0,0|0,0|0,0|0,0|0,0|0,1|0,0|0,0|0,0|0,0|0,0|0,0|0,0|0,0|0,0|0,0|0,0|0,0|0,0|0,0|0,0|0,0|0,0|0,0|0,0|0,0|0,0|0,0|0,0|1,0|0,0|0,0|0,1|0,0|0,0|0,0|0,0|0
21,31666836,.,CATT,C,.,PASS,AC=4;AN=5096;DP=26425;AF=0;EAS_AF=0;EUR_AF=0;AFR_AF=0;AMR_AF=0;SAS_AF=0;VT=INDEL;NS=2548,GT,0|0,0|0,0|0,0|0,0|0,0|0,0|0,0|0,0|0,0|0,0|0,1|0,0|0,0|0,0|0,0|0,0|0,0|0,0|0,0|0,0|0,0|0,0|0,0|0,0|0,0|0,0|0,0|0,0|0,0|0,0|0,0|0,0|0,0|0,0|0,0|0,0|0,0|0,0|0,0|0,0|0,0|0,0|0,0|0,0|0,0|0,0|0,0|0,0|0,0|0,0|0,0|0,0|0,0|0,0|0,0|0,0|0,0|0,0|0,0|0,0|0,0|0,1|0,0|0,0|0,0|0,0|0,0|0,0|0,0|0,0|0,0|0,0|0,0|0,0|0,0|0,0|0,0|0,0|0,0|0,0|0,0|0,0|0,0|0,0|0,0|0,0|0,0|0,0|0,0|0,0|0,0|0,0|0,0|0,0|0,0|0,0|0,0|0,0|0,0|0,0|0,0|0,0|0
21,31667007,.,A,G,.,PASS,AC=1264;AN=5096;DP=41290;AF=0.25;EAS_AF=0.51;EUR_AF=0.07;AFR_AF=0.2;AMR_AF=0.23;SAS_AF=0.23;VT=SNP;NS=2548,GT,0|0,0|1,0|0,0|0,0|0,1|0,1|0,0|1,0|0,0|0,1|1,0|0,0|0,0|0,0|0,0|0,0|0,0|0,0|0,0|0,0|0,0|0,0|0,1|0,0|0,0|0,0|0,0|1,0|0,0|0,0|0,1|0,0|0,0|1,0|0,0|0,0|1,0|0,0|0,0|0,0|0,0|0,0|0,0|0,0|0,0|0,0|0,0|0,0|0,0|0,0|1,0|0,1|0,0|0,0|0,1|0,0|1,0|0,0|0,0|0,0|0,0|1,0|1,0|0,1|0,0|0,0|0,0|0,1|0,0|1,0|0,0|1,0|0,0|0,0|0,1|0,0|0,0|1,0|0,0|0,0|0,0|0,0|0,0|0,0|0,0|0,0|0,0|0,1|0,0|0,0|1,0|0,0|0,0|0,0|0,0|0,0|1,0|0,0|0,0|0,0|0,0|0,0|0
21,31667290,.,A,C,.,PASS,AC=3;AN=5096;DP=409457;AF=0;EAS_AF=0;EUR_AF=0;AFR_AF=0;AMR_AF=0;SAS_AF=0;EX_TARGET;VT=SNP;NS=2548,GT,0|0,0|0,0|0,0|0,0|0,0|0,0|0,0|0,0|0,0|0,0|0,0|0,0|0,0|0,0|0,0|0,0|0,0|0,0|0,1|0,0|0,0|0,0|0,0|0,0|0,0|0,0|0,0|0,0|0,0|0,0|0,0|0,0|0,0|0,0|0,0|0,0|0,0|0,0|0,0|0,0|0,0|0,0|0,0|0,0|0,0|0,0|0,0|0,0|0,0|0,0|0,0|0,0|0,0|0,0|0,0|0,0|0,0|0,0|0,0|0,0|0,0|0,0|0,0|0,0|0,0|0,0|0,0|0,0|0,0|0,0|0,0|0,0|0,0|0,0|0,0|0,0|0,0|0,0|0,0|0,0|0,0|0,0|0,0|0,0|0,0|0,0|0,0|0,0|0,0|0,0|0,0|0,0|0,0|0,0|0,0|0,0|0,0|0,0|0,0|0,0|0,0|0,0|0
21,31667461,.,TA,T,.,PASS,AC=1247;AN=5096;DP=174884;AF=0.24;EAS_AF=0.51;EUR_AF=0.07;AFR_AF=0.2;AMR_AF=0.22;SAS_AF=0.23;VT=INDEL;NS=2548,GT,0|0,0|1,0|0,0|0,0|0,1|0,1|0,0|1,0|0,0|0,1|1,0|0,0|0,0|0,0|0,0|0,0|0,0|0,0|0,0|0,0|0,0|0,0|0,1|0,0|0,0|0,0|0,0|1,0|0,0|0,0|0,1|0,0|0,0|1,0|0,0|0,0|1,0|0,0|0,0|0,0|0,0|0,0|0,0|0,0|0,0|0,0|0,0|0,0|0,0|0,0|1,0|0,1|0,0|0,0|0,1|0,0|1,0|0,0|0,0|0,0|0,0|1,0|1,0|0,1|0,0|0,0|0,0|0,1|0,0|1,0|0,0|1,0|0,0|0,0|0,0|0,0|0,0|1,0|0,0|0,0|0,0|0,0|0,0|0,0|0,0|0,0|0,0|0,1|0,0|0,0|1,0|0,0|0,0|0,0|0,0|0,0|1,0|0,0|0,0|0,0|0,0|0,0|0
21,31667716,.,A,G,.,PASS,AC=1403;AN=5096;DP=24559;AF=0.28;EAS_AF=0.51;EUR_AF=0.07;AFR_AF=0.31;AMR_AF=0.23;SAS_AF=0.23;VT=SNP;NS=2548,GT,0|0,0|1,0|0,0|0,0|0,1|0,1|0,0|1,0|0,0|0,1|1,0|0,0|0,0|0,0|0,0|0,0|0,0|0,0|0,0|0,0|0,0|0,0|0,1|0,0|0,0|0,0|0,0|1,0|0,0|0,0|0,1|0,0|0,0|1,0|0,0|0,0|1,0|0,0|0,0|0,0|0,0|0,0|0,0|0,0|0,0|0,0|0,0|0,0|0,0|0,0|1,0|0,1|0,0|0,0|0,1|0,0|1,0|0,0|0,0|0,0|0,0|1,0|1,0|0,1|0,0|0,0|0,0|0,1|0,0|1,0|0,0|1,0|0,0|0,0|0,0|0,0|0,0|1,0|0,0|0,0|0,0|0,0|0,0|0,0|0,0|0,0|0,0|0,1|0,0|0,0|1,0|0,0|0,0|0,0|0,0|0,0|1,0|0,0|0,0|0,0|0,0|0,0|0
21,31667844,.,C,A,.,PASS,AC=57;AN=5096;DP=21257;AF=0.01;EAS_AF=0;EUR_AF=0.02;AFR_AF=0.02;AMR_AF=0.01;SAS_AF=0.01;VT=SNP;NS=2548,GT,0|0,0|0,0|0,0|0,0|0,0|0,0|0,0|0,0|0,0|0,0|0,0|0,0|0,0|0,1|0,0|0,0|0,0|0,0|0,0|0,0|0,0|0,0|0,0|0,0|0,0|0,0|0,0|0,0|0,0|0,0|0,0|0,0|0,0|0,0|0,0|0,0|0,0|0,0|0,0|0,0|0,0|0,0|0,0|0,0|0,0|0,0|0,0|0,0|0,0|0,0|0,0|0,0|0,0|0,0|0,0|0,0|0,0|0,0|0,0|0,0|0,0|0,0|0,0|0,0|0,0|0,0|0,0|0,0|0,0|0,0|0,0|0,0|0,0|0,0|0,0|0,0|0,0|0,0|0,0|0,0|0,0|0,0|0,0|0,0|0,0|0,0|0,0|0,0|0,0|0,0|0,0|0,0|0,0|0,0|0,0|0,0|0,0|0,0|0,0|0,0|0,0|0,0|0
21,31667849,.,C,T,.,PASS,AC=1237;AN=5096;DP=21281;AF=0.24;EAS_AF=0.31;EUR_AF=0.3;AFR_AF=0.05;AMR_AF=0.32;SAS_AF=0.32;VT=SNP;NS=2548,GT,0|0,1|0,1|1,0|0,0|0,0|0,0|1,0|0,0|0,0|1,0|0,0|0,1|0,1|0,0|0,0|0,0|0,0|0,0|1,0|1,0|0,0|0,0|0,0|0,0|0,0|0,0|0,1|0,1|0,0|0,1|0,0|0,1|0,0|0,0|1,0|1,0|0,0|1,0|1,0|0,0|1,0|0,1|0,1|1,1|0,0|0,1|0,0|0,1|0,1|0,1|0,1|0,0|0,0|0,0|0,0|1,0|0,1|1,0|0,0|1,0|0,0|0,0|0,0|0,0|0,1|0,0|1,0|0,0|0,0|0,0|0,0|0,0|0,0|1,0|0,0|1,0|0,0|0,1|0,1|0,0|1,0|1,0|1,1|0,1|0,0|0,0|1,0|0,0|0,1|0,0|0,0|0,0|1,1|1,0|0,0|0,1|0,0|0,0|0,0|1,1|1,0|0,1|0
21,31668013,.,CT,C,.,PASS,AC=2960;AN=5096;DP=20291;AF=0.58;EAS_AF=0.83;EUR_AF=0.43;AFR_AF=0.53;AMR_AF=0.58;SAS_AF=0.55;VT=INDEL;NS=2548,GT,0|0,1|1,1|1,0|0,0|0,1|0,1|1,1|1,0|1,1|1,1|1,1|0,1|0,1|0,0|0,0|0,0|0,1|0,0|1,0|1,0|0,0|0,0|0,1|0,0|0,0|1,0|0,1|1,1|0,1|0,1|0,1|0,1|0,1|1,0|1,0|1,0|1,0|1,0|1,0|1,0|1,0|0,1|0,1|1,1|0,0|1,1|0,0|1,1|0,1|0,1|1,1|0,1|0,0|0,0|1,1|1,0|1,1|1,1|0,0|1,0|1,0|1,1|1,0|0,1|0,1|0,0|1,0|0,1|0,0|1,0|0,1|1,0|0,0|1,0|0,1|1,0|0,0|1,1|0,1|0,0|1,0|1,0|1,1|0,1|0,0|0,0|1,0|0,1|0,1|0,0|1,0|0,0|1,1|1,0|1,0|0,1|1,0|0,1|0,0|1,1|1,0|0,1|0
21,31668058,.,C,T,.,PASS,AC=1240;AN=5096;DP=20970;AF=0.24;EAS_AF=0.31;EUR_AF=0.3;AFR_AF=0.05;AMR_AF=0.32;SAS_AF=0.32;VT=SNP;NS=2548,GT,0|0,1|0,1|1,0|0,0|0,0|0,0|1,0|0,0|0,0|1,0|0,0|0,1|0,1|0,0|0,0|0,0|0,0|0,0|1,0|1,0|0,0|0,0|0,0|0,0|0,0|0,0|0,1|0,1|0,0|0,1|0,0|0,1|0,0|0,0|1,0|1,0|0,0|1,0|1,0|0,0|1,0|0,1|0,1|1,1|0,0|0,1|0,0|0,1|0,1|0,1|0,1|0,0|0,0|0,0|0,0|1,0|0,1|1,0|0,0|1,0|0,0|0,0|0,0|0,0|0,1|0,0|1,0|0,0|0,0|0,0|0,0|0,0|0,0|1,0|0,0|1,0|0,0|0,1|0,1|0,0|1,0|1,0|1,1|0,1|0,0|0,0|1,0|0,0|0,1|0,0|0,0|0,0|1,1|1,0|0,0|0,1|0,0|0,0|0,0|1,1|1,0|0,1|0
21,31668341,.,G,C,.,PASS,AC=16;AN=5096;DP=82137;AF=0;EAS_AF=0;EUR_AF=0.01;AFR_AF=0;AMR_AF=0;SAS_AF=0;VT=SNP;NS=2548,GT,0|0,0|0,0|0,0|0,0|0,0|0,0|0,0|0,0|0,0|0,0|0,0|0,0|0,0|0,0|0,0|0,0|0,0|0,0|0,0|0,0|0,0|0,0|0,0|0,0|0,0|0,0|0,0|0,0|0,0|0,0|0,0|0,0|1,0|0,0|0,0|0,0|0,0|0,0|0,0|0,0|0,0|0,0|0,0|0,0|0,0|0,0|0,0|0,0|0,0|0,0|0,0|0,0|0,0|0,0|0,0|0,0|0,0|0,0|0,0|0,0|0,0|0,0|0,0|0,0|0,0|0,0|0,0|0,0|0,0|0,0|0,0|0,0|0,0|0,0|0,0|0,0|0,0|0,0|0,0|0,0|0,0|0,0|0,0|0,0|0,0|0,0|0,0|0,0|0,0|1,0|0,0|0,0|0,0|0,0|0,0|1,0|0,0|0,0|0,0|0,0|0,0|1,0|0
