#CHROM,POS,ID,REF,ALT,QUAL,FILTER,INFO,FORMAT,HG00851,HG02389,HG02181,HG01813,HG02383,HG01794,HG02188,HG02152,HG02391,HG01801,HG02402,HG02355,HG02190,HG01817,HG02250,HG02178,HG01816,HG01808,HG02185,HG02375,HG02394,HG02182,HG02186,HG00766,HG02392,HG02360,HG02386,HG02166,HG02401,HG02356,HG02397,HG01807,HG01797,HG01029,HG01805,HG02164,HG01815,HG02156,HG02409,HG02179,HG02353,HG02390,HG02385,HG02382,HG02154,HG02379,HG02398,HG02187,HG02155,HG02380,HG00879,HG02184,HG00867,HG02407,HG01796,HG00982,HG01802,HG02151,HG02408,HG00864,HG02373,HG01806,HG02384,HG01795,HG00956,HG02371,HG00844,HG01800,HG02153,HG01811,HG01046,HG02364,HG02180,HG02406,HG02399,HG02351,HG02165,HG01812,HG02410,HG00978,HG02395,HG01809,HG01798,HG02396,HG01031,HG01799,HG01028,HG00881,HG01804,HG01810,HG02374,HG02367,HG00759
12,108880270,.,G,A,.,PASS,AC=48;AN=5096;DP=25983;AF=0.01;EAS_AF=0.04;EUR_AF=0;AFR_AF=0;AMR_AF=0;SAS_AF=0;VT=SNP;NS=2548,GT,0|0,0|0,0|0,0|0,0|0,0|0,0|0,0|0,0|0,0|0,0|0,0|0,0|0,0|0,0|0,0|0,0|0,0|0,0|0,0|0,0|0,0|0,0|0,0|0,0|0,0|0,0|0,0|0,0|0,0|0,0|0,0|0,0|0,0|0,0|0,0|0,0|0,0|0,0|0,0|0,0|1,0|0,0|0,0|0,0|0,0|0,0|0,0|0,0|0,0|0,0|0,0|0,0|0,0|0,0|0,0|0,0|1,0|0,0|0,0|0,0|0,0|0,0|0,0|0,0|0,0|0,0|0,0|0,0|0,0|0,0|0,0|0,0|0,0|0,0|0,0|0,0|0,0|0,0|0,0|0,0|0,0|0,0|0,0|0,0|0,0|0,0|0,0|0,0|0,0|0,0|0,0|0,0|0
12,108880380,.,G,A,.,PASS,AC=1;AN=5096;DP=23892;AF=0;EAS_AF=0;EUR_AF=0;AFR_AF=0;AMR_AF=0;SAS_AF=0;VT=SNP;NS=2548,GT,0|0,0|0,0|0,0|0,0|0,0|0,0|0,0|0,0|0,0|0,0|0,0|0,0|0,0|0,0|0,0|0,0|0,0|0,0|0,0|0,0|0,0|0,0|0,0|0,0|0,0|0,0|0,0|0,0|0,0|0,0|0,0|0,0|0,0|0,0|0,0|0,0|0,0|0,0|0,0|0,0|0,0|0,0|0,0|0,0|0,0|0,0|0,0|0,0|0,0|0,0|0,0|0,0|0,0|0,0|0,0|0,0|0,0|0,0|0,0|0,0|0,0|0,0|0,0|0,0|0,0|0,0|0,0|0,0|0,0|0,0|0,0|0,0|0,0|0,0|0,0|0,0|0,0|0,0|0,0|0,0|0,0|0,0|0,0|0,0|0,0|0,0|0,0|0,0|0,0|0,0|0,1|0,0|0
12,108880587,.,C,G,.,PASS,AC=3;AN=5096;DP=21021;AF=0;EAS_AF=0;EUR_AF=0;AFR_AF=0;AMR_AF=0;SAS_AF=0;VT=SNP;NS=2548,GT,0|0,0|0,0|0,0|0,0|0,0|0,0|0,0|0,0|0,0|0,0|0,0|0,0|0,0|0,0|0,0|0,0|0,0|0,0|0,0|0,0|0,0|0,0|0,0|0,0|0,0|0,0|0,0|0,0|0,0|0,0|0,0|0,0|0,0|1,0|0,0|0,0|0,0|0,1|0,0|0,0|0,0|0,0|0,0|0,0|0,0|0,0|0,0|0,0|1,0|0,0|0,0|0,0|0,0|0,0|0,0|0,0|0,0|0,0|0,0|0,0|0,0|0,0|0,0|0,0|0,0|0,0|0,0|0,0|0,0|0,0|0,0|0,0|0,0|0,0|0,0|0,0|0,0|0,0|0,0|0,0|0,0|0,0|0,0|0,0|0,0|0,0|0,0|0,0|0,0|0,0|0,0|0,0|0
12,108880633,.,T,TAAC,.,PASS,AC=3342;AN=5096;DP=21297;AF=0.66;EAS_AF=0.76;EUR_AF=0.55;AFR_AF=0.67;AMR_AF=0.71;SAS_AF=0.61;VT=INDEL;NS=2548,GT,1|1,0|1,1|1,0|1,0|1,1|1,0|1,1|1,0|1,0|0,0|1,1|1,1|0,1|1,1|1,1|1,0|1,1|0,1|1,1|1,1|1,1|0,1|1,1|1,1|1,1|1,1|1,1|1,0|0,0|1,0|1,1|0,1|1,0|0,1|1,0|1,1|0,1|1,0|1,1|0,0|0,1|1,1|1,1|1,1|0,1|1,1|0,1|1,1|0,1|0,1|1,1|1,0|0,1|1,1|0,1|1,1|0,1|1,0|0,0|1,1|1,0|0,0|1,1|0,1|1,1|1,0|0,1|1,1|1,1|1,1|1,1|1,0|0,1|1,1|1,1|1,1|1,1|1,0|1,1|1,1|1,1|1,1|0,1|0,0|1,1|1,1|1,1|1,1|1,1|1,1|1,1|1,0|1
12,108880714,.,A,AT,.,PASS,AC=1141;AN=5096;DP=21109;AF=0.22;EAS_AF=0.31;EUR_AF=0.1;AFR_AF=0.22;AMR_AF=0.37;SAS_AF=0.18;VT=INDEL;NS=2548,GT,0|0,0|0,0|0,0|1,0|1,0|1,0|0,1|1,0|0,0|0,0|1,1|0,0|0,0|1,0|0,1|0,0|0,0|0,1|0,0|0,0|0,0|0,0|0,0|0,0|0,0|0,0|0,0|0,0|0,0|0,0|0,0|0,0|0,0|0,0|0,0|0,1|0,0|0,0|1,0|0,0|0,0|0,0|0,1|0,0|0,1|1,0|0,0|0,1|0,0|0,1|1,1|0,0|0,0|0,0|0,0|0,0|0,0|1,0|0,0|0,0|0,0|0,0|0,1|0,0|0,0|1,0|0,1|0,0|1,1|0,0|1,0|0,0|0,0|0,0|0,0|0,1|1,1|0,0|1,0|1,1|0,0|0,0|0,0|0,0|0,0|1,0|1,0|0,0|1,0|0,0|0,1|0,0|1
12,108880764,.,G,A,.,PASS,AC=837;AN=5096;DP=21486;AF=0.16;EAS_AF=0.31;EUR_AF=0.09;AFR_AF=0.03;AMR_AF=0.36;SAS_AF=0.15;VT=SNP;NS=2548,GT,0|0,0|0,0|0,0|1,0|1,0|1,0|0,1|1,0|0,0|0,0|1,1|0,0|0,0|1,0|0,1|0,0|0,0|0,1|0,0|0,0|0,0|0,0|0,0|0,0|0,0|0,0|0,0|0,0|0,0|0,0|0,0|0,0|0,0|0,0|0,0|0,1|0,0|0,0|1,0|0,0|0,0|0,0|0,1|0,0|0,1|1,0|0,0|0,1|0,0|0,1|1,1|0,0|0,0|0,0|0,0|0,0|0,0|1,0|0,0|0,0|0,0|0,0|0,1|0,0|0,0|1,0|0,1|0,0|1,1|0,0|1,0|0,0|0,0|0,0|0,0|0,1|1,1|0,0|1,0|1,1|0,0|0,0|0,0|0,0|0,0|1,0|1,0|0,0|1,0|0,0|0,1|0,0|1
12,108880972,.,G,C,.,PASS,AC=1;AN=5096;DP=22444;AF=0;EAS_AF=0;EUR_AF=0;AFR_AF=0;AMR_AF=0;SAS_AF=0;VT=SNP;NS=2548,GT,0|0,0|0,0|0,0|0,0|0,0|0,0|0,0|0,0|0,0|0,0|0,0|0,0|0,0|0,0|0,0|1,0|0,0|0,0|0,0|0,0|0,0|0,0|0,0|0,0|0,0|0,0|0,0|0,0|0,0|0,0|0,0|0,0|0,0|0,0|0,0|0,0|0,0|0,0|0,0|0,0|0,0|0,0|0,0|0,0|0,0|0,0|0,0|0,0|0,0|0,0|0,0|0,0|0,0|0,0|0,0|0,0|0,0|0,0|0,0|0,0|0,0|0,0|0,0|0,0|0,0|0,0|0,0|0,0|0,0|0,0|0,0|0,0|0,0|0,0|0,0|0,0|0,0|0,0|0,0|0,0|0,0|0,0|0,0|0,0|0,0|0,0|0,0|0,0|0,0|0,0|0,0|0,0|0
12,108881003,.,C,T,.,PASS,AC=905;AN=5096;DP=22455;AF=0.18;EAS_AF=0.3;EUR_AF=0.11;AFR_AF=0.04;AMR_AF=0.37;SAS_AF=0.17;VT=SNP;NS=2548,GT,0|0,0|0,0|0,0|1,0|1,0|1,0|0,1|1,0|0,0|0,0|1,1|0,0|0,0|1,0|0,1|0,0|0,0|0,1|0,0|0,0|0,0|0,0|0,0|0,0|0,0|0,0|0,0|0,0|0,0|0,0|0,0|0,0|0,0|0,1|0,0|0,1|0,0|0,0|1,0|0,0|0,0|0,1|0,1|0,0|0,1|1,0|0,0|0,1|0,0|0,1|1,1|0,0|0,0|0,0|0,0|0,0|0,0|1,0|0,0|0,0|0,0|0,0|0,1|0,0|0,0|1,0|0,1|0,0|1,1|0,0|1,0|0,0|0,0|0,0|0,0|0,1|0,1|0,0|1,0|1,1|0,0|0,0|0,0|0,0|0,0|1,0|1,0|0,0|1,0|0,0|0,1|0,0|1
12,108881023,.,G,A,.,PASS,AC=446;AN=5096;DP=21804;AF=0.09;EAS_AF=0.2;EUR_AF=0.05;AFR_AF=0.04;AMR_AF=0.03;SAS_AF=0.1;VT=SNP;NS=2548,GT,0|0,1|0,0|0,0|0,1|0,0|0,1|0,0|0,0|0,1|1,1|0,0|1,0|0,0|0,0|0,0|0,0|0,0|1,0|0,0|0,0|0,0|0,0|0,0|0,0|0,0|0,0|0,0|0,1|0,1|0,0|0,0|0,0|0,1|0,0|0,0|0,0|1,0|0,0|0,0|0,1|1,0|0,0|0,0|0,0|1,0|0,0|0,0|0,0|0,0|1,0|0,0|0,1|0,0|0,0|1,0|0,0|1,0|0,0|1,1|0,0|1,1|0,0|0,0|0,0|0,0|0,1|0,0|0,0|0,0|0,1|0,0|0,1|1,0|1,0|0,0|0,0|1,0|0,0|0,0|0,0|0,0|0,0|1,1|1,1|0,0|0,0|0,0|0,1|0,0|0,1|0,0|0,0|0
12,108881162,.,TCACA,T,.,PASS,AC=316;AN=5096;DP=20823;AF=0.06;EAS_AF=0.04;EUR_AF=0.11;AFR_AF=0.05;AMR_AF=0.05;SAS_AF=0.07;VT=INDEL;NS=2548,GT,0|0,0|1,0|1,0|0,0|0,0|0,0|0,0|0,0|0,0|0,0|0,0|0,0|0,0|0,0|0,0|1,0|0,0|0,0|0,0|1,0|0,0|0,0|0,0|0,0|0,1|0,0|0,0|0,0|0,0|0,0|0,0|0,0|1,0|0,0|0,0|0,0|0,0|0,0|0,0|0,0|0,0|0,0|0,0|0,0|0,0|0,0|0,0|0,0|0,0|0,0|0,0|0,0|0,0|0,1|0,0|0,0|0,0|0,0|0,0|0,1|0,0|0,0|0,0|0,0|0,0|0,0|0,0|0,0|0,0|0,0|0,0|0,0|0,0|0,0|0,0|0,0|0,0|0,0|0,1|0,0|0,0|0,1|0,0|0,0|0,0|0,0|0,0|0,0|0,0|0,0|1,0|0,0|0
12,108881487,.,A,G,.,PASS,AC=23;AN=5096;DP=17731;AF=0;EAS_AF=0.02;EUR_AF=0;AFR_AF=0;AMR_AF=0;SAS_AF=0;VT=SNP;NS=2548,GT,0|0,0|0,0|0,0|0,0|0,0|0,0|0,0|0,0|0,0|0,0|0,0|0,0|0,0|0,0|0,0|0,0|0,0|0,0|0,0|0,1|0,0|0,0|0,0|0,0|0,0|0,0|0,0|0,0|0,0|0,0|0,1|0,0|0,0|0,0|0,0|0,0|0,0|0,0|0,1|0,0|0,0|1,0|0,0|0,0|0,0|0,0|0,0|1,0|0,0|0,0|0,0|0,0|0,0|0,0|0,0|0,0|0,0|0,0|0,0|0,0|0,0|0,0|0,0|0,0|0,0|0,0|0,0|0,1|0,0|0,0|0,0|0,0|0,0|0,0|0,0|0,0|0,0|0,0|0,0|0,0|0,0|0,0|0,0|0,0|0,0|0,0|0,0|0,0|0,0|0,0|0,0|0,0|0
12,108881505,.,ACACACG,A,.,PASS,AC=476;AN=5096;DP=19330;AF=0.09;EAS_AF=0.02;EUR_AF=0.09;AFR_AF=0.13;AMR_AF=0.05;SAS_AF=0.15;VT=INDEL;NS=2548,GT,0|0,0|0,0|0,1|0,0|0,0|0,0|0,0|0,0|0,0|0,0|0,0|0,0|0,0|0,0|0,0|0,0|0,0|0,0|0,0|0,0|0,0|0,0|0,0|0,0|0,0|0,0|0,1|0,0|0,0|0,0|0,0|0,1|0,0|0,0|0,0|0,0|0,0|0,0|0,0|0,0|0,0|0,0|0,0|0,0|0,0|0,0|0,0|0,0|0,1|0,0|0,0|0,0|0,0|0,0|1,0|0,0|0,0|0,0|0,0|0,0|0,0|0,1|0,0|0,0|0,0|0,0|0,0|1,0|0,0|0,0|0,0|0,0|0,0|0,0|0,0|0,0|0,0|0,0|0,0|0,0|0,0|0,0|0,0|0,0|0,0|0,0|0,0|0,0|0,0|0,0|0,0|0,0|0
12,108881833,.,C,T,.,PASS,AC=2677;AN=5096;DP=11564;AF=0.53;EAS_AF=0.54;EUR_AF=0.28;AFR_AF=0.75;AMR_AF=0.52;SAS_AF=0.46;VT=SNP;NS=2548,GT,0|0,0|0,0|0,1|1,1|1,0|1,1|0,1|1,0|1,1|1,1|1,1|1,0|1,0|1,0|0,1|0,1|0,0|0,1|0,0|0,0|0,0|1,0|0,0|0,0|0,0|0,0|0,0|0,1|1,0|0,1|0,0|1,0|0,1|1,1|0,0|0,1|1,1|0,1|1,0|1,1|1,0|0,1|1,1|0,0|1,1|1,0|1,0|0,1|1,1|0,1|1,1|0,1|1,0|0,0|1,0|0,0|1,0|1,1|1,1|0,0|1,1|1,1|0,1|1,0|0,0|1,0|1,1|0,0|1,1|0,1|1,0|0,1|1,0|1,0|0,0|0,1|1,1|0,1|1,0|1,1|0,0|0,0|1,1|1,1|0,0|1,0|1,0|0,1|1,0|0,1|0,1|0,1|1
12,108882110,.,C,T,.,PASS,AC=17;AN=5096;DP=16944;AF=0;EAS_AF=0.02;EUR_AF=0;AFR_AF=0;AMR_AF=0;SAS_AF=0;VT=SNP;NS=2548,GT,0|0,0|0,0|0,0|0,0|0,1|0,0|1,0|0,0|0,0|0,0|0,0|0,0|0,0|0,0|0,0|0,0|0,0|0,0|0,0|0,0|0,0|0,0|1,0|1,0|0,0|0,0|0,0|0,0|0,0|0,0|0,0|0,0|0,0|0,0|0,0|0,0|0,0|0,0|0,0|0,0|0,0|0,0|0,0|0,0|0,0|0,1|0,0|0,0|0,0|0,0|0,0|0,0|0,0|0,0|0,1|0,0|0,0|0,0|0,0|0,0|0,0|0,0|0,0|0,0|1,0|0,0|0,0|0,0|0,0|0,0|0,0|0,0|0,0|0,0|0,0|1,0|0,0|0,0|0,0|0,0|0,0|0,0|0,0|0,0|0,0|0,1|0,0|0,0|0,0|0,0|0,0|0,0|0
12,108882177,.,G,A,.,PASS,AC=1;AN=5096;DP=17372;AF=0;EAS_AF=0;EUR_AF=0;AFR_AF=0;AMR_AF=0;SAS_AF=0;VT=SNP;NS=2548,GT,0|0,0|0,0|0,0|0,0|0,0|0,0|0,0|0,0|0,0|0,0|0,0|0,0|0,0|0,0|0,0|0,0|0,0|0,0|0,0|0,0|0,0|0,0|0,0|0,0|0,0|0,0|0,0|0,0|0,0|0,0|0,0|0,0|0,0|0,0|0,0|0,0|0,0|0,0|0,0|0,0|0,0|0,0|0,0|0,0|0,0|0,0|0,0|0,0|0,1|0,0|0,0|0,0|0,0|0,0|0,0|0,0|0,0|0,0|0,0|0,0|0,0|0,0|0,0|0,0|0,0|0,0|0,0|0,0|0,0|0,0|0,0|0,0|0,0|0,0|0,0|0,0|0,0|0,0|0,0|0,0|0,0|0,0|0,0|0,0|0,0|0,0|0,0|0,0|0,0|0,0|0,0|0,0|0
12,108882234,.,C,T,.,PASS,AC=1;AN=5096;DP=16821;AF=0;EAS_AF=0;EUR_AF=0;AFR_AF=0;AMR_AF=0;SAS_AF=0;VT=SNP;NS=2548,GT,0|0,0|0,0|0,0|0,0|0,0|0,0|0,0|0,0|0,0|0,0|0,0|0,0|0,0|0,0|0,0|0,0|0,0|0,0|0,0|0,0|0,0|0,0|0,0|0,0|0,0|0,0|0,0|0,0|0,0|0,0|0,0|0,0|0,0|0,0|0,0|0,0|0,0|0,0|0,0|0,0|0,0|0,0|0,0|0,0|0,0|0,0|0,0|0,0|0,0|0,0|0,0|0,0|0,0|0,0|0,0|0,0|0,0|0,0|0,0|0,0|0,0|0,0|0,0|0,0|0,0|0,0|0,0|0,0|0,1|0,0|0,0|0,0|0,0|0,0|0,0|0,0|0,0|0,0|0,0|0,0|0,0|0,0|0,0|0,0|0,0|0,0|0,0|0,0|0,0|0,0|0,0|0,0|0
12,108882438,.,G,A,.,PASS,AC=1263;AN=5096;DP=25158;AF=0.25;EAS_AF=0.32;EUR_AF=0.16;AFR_AF=0.23;AMR_AF=0.42;SAS_AF=0.17;VT=SNP;NS=2548,GT,0|0,0|0,0|0,1|1,0|0,0|1,0|0,1|1,0|1,0|0,0|1,1|0,0|0,0|1,0|0,1|0,0|0,0|0,1|0,0|0,0|0,0|0,0|0,0|0,0|0,0|0,0|0,0|0,0|0,0|0,0|0,0|0,0|0,0|0,1|0,0|0,1|0,0|0,0|1,0|0,0|0,0|0,0|0,1|0,0|0,1|1,0|0,0|0,1|0,1|0,1|1,1|0,0|0,0|0,0|1,0|0,0|0,0|1,0|0,0|0,0|0,0|0,1|0,1|0,0|0,0|1,0|0,1|0,0|1,1|0,0|1,0|0,0|0,0|0,0|0,0|0,1|0,1|0,0|1,0|1,1|0,0|0,0|0,0|0,0|0,0|1,0|1,0|0,0|1,0|0,0|0,1|0,0|1
12,108882466,.,T,C,.,PASS,AC=1129;AN=5096;DP=24063;AF=0.22;EAS_AF=0.32;EUR_AF=0.16;AFR_AF=0.13;AMR_AF=0.41;SAS_AF=0.17;VT=SNP;NS=2548,GT,0|0,0|0,0|0,1|1,0|0,0|1,0|0,1|1,0|1,0|0,0|1,1|0,0|0,0|1,0|0,1|0,0|0,0|0,1|0,0|0,0|0,0|0,0|0,0|0,0|0,0|0,0|0,0|0,0|0,0|0,0|0,0|0,0|0,0|0,1|0,0|0,1|0,0|0,0|1,0|0,0|0,0|0,0|0,1|0,0|0,1|1,0|0,0|0,1|0,1|0,1|1,1|0,0|0,0|0,0|1,0|0,0|0,0|1,0|0,0|0,0|0,0|0,1|0,1|0,0|0,0|1,0|0,1|0,0|1,1|0,0|1,0|0,0|0,0|0,0|0,0|0,1|0,1|0,0|1,0|1,1|0,0|0,0|0,0|0,0|0,0|1,0|1,0|0,0|1,0|0,0|0,1|0,0|1
12,108882641,.,C,T,.,PASS,AC=1989;AN=5096;DP=21280;AF=0.39;EAS_AF=0.32;EUR_AF=0.21;AFR_AF=0.59;AMR_AF=0.47;SAS_AF=0.33;VT=SNP;NS=2548,GT,0|0,0|0,0|0,1|1,0|0,0|1,0|0,1|1,0|1,0|0,0|1,1|0,0|0,0|1,0|0,1|0,0|0,0|0,1|0,0|0,0|0,0|0,0|0,0|0,0|0,0|0,0|0,0|0,0|0,0|0,0|0,0|0,0|0,0|0,1|0,0|0,1|0,0|0,0|1,0|0,0|0,0|0,0|0,1|0,0|0,1|1,0|0,0|0,1|0,1|0,1|1,1|0,0|0,0|0,0|1,0|0,0|0,0|1,0|0,0|0,0|0,0|0,1|0,1|0,0|0,0|1,0|0,1|0,0|1,1|0,0|1,0|0,0|0,0|0,0|0,0|0,1|0,1|0,0|1,0|1,1|0,0|0,0|0,0|0,0|0,0|1,0|1,0|0,0|1,0|0,0|0,1|0,0|1
12,108882869,.,C,T,.,PASS,AC=1697;AN=5096;DP=21150;AF=0.33;EAS_AF=0.32;EUR_AF=0.18;AFR_AF=0.5;AMR_AF=0.46;SAS_AF=0.19;VT=SNP;NS=2548,GT,0|0,0|0,0|0,1|1,0|0,0|1,0|0,1|1,0|1,0|0,0|1,1|0,0|0,0|1,0|0,1|0,0|0,0|0,1|0,0|0,0|0,0|0,0|0,0|0,0|0,0|0,0|0,0|0,0|0,0|0,0|0,0|0,0|0,0|0,1|0,0|0,1|0,0|0,0|1,0|0,0|0,0|0,0|0,1|0,0|0,1|1,0|0,0|0,1|0,1|0,1|1,1|0,0|0,0|0,0|1,0|0,0|0,0|1,0|0,0|0,0|0,0|0,1|0,1|0,0|0,0|1,0|0,1|0,0|1,1|0,0|1,0|0,0|0,0|0,0|0,0|0,1|0,1|0,0|1,0|1,1|0,0|0,0|0,0|0,0|0,0|1,0|1,0|0,0|1,0|0,0|0,1|0,0|1
12,108883209,.,C,T,.,PASS,AC=144;AN=5096;DP=18570;AF=0.03;EAS_AF=0;EUR_AF=0.01;AFR_AF=0.06;AMR_AF=0.01;SAS_AF=0.04;VT=SNP;NS=2548,GT,0|0,0|0,0|0,0|0,0|1,0|0,0|0,0|0,0|0,0|0,0|0,0|0,0|0,0|0,0|0,0|0,0|0,0|0,0|0,0|0,0|0,0|0,0|0,0|0,0|0,0|0,0|0,0|0,0|0,0|0,0|0,0|0,0|0,0|0,0|0,0|0,0|0,0|0,0|0,0|0,0|0,0|0,0|0,0|0,0|0,0|0,0|0,0|0,0|0,0|0,0|0,0|0,0|0,0|0,0|0,0|0,0|0,0|0,0|0,0|0,0|0,0|0,0|0,0|0,0|0,0|0,0|0,0|0,0|0,0|0,0|0,0|0,0|0,0|0,0|0,0|0,0|0,0|0,0|0,0|0,0|0,0|0,0|0,0|0,0|0,0|0,0|0,0|0,0|0,0|0,0|0,0|0,0|0
12,108883221,.,G,T,.,PASS,AC=18;AN=5096;DP=18909;AF=0;EAS_AF=0.02;EUR_AF=0;AFR_AF=0;AMR_AF=0;SAS_AF=0;VT=SNP;NS=2548,GT,0|1,0|0,0|0,0|0,0|0,0|0,0|0,0|0,0|0,0|0,0|0,0|0,0|0,0|0,0|0,0|0,0|0,0|0,0|1,0|0,0|0,0|0,1|0,0|0,0|0,0|0,0|0,0|0,0|0,0|0,0|0,0|0,0|0,0|0,0|0,0|1,0|0,0|0,0|0,0|0,0|0,0|0,0|0,0|0,1|0,0|0,0|0,0|0,0|0,0|0,0|0,0|0,0|0,0|0,0|0,0|0,0|0,0|0,0|0,0|0,0|0,0|0,0|0,0|0,0|0,0|0,0|0,0|0,0|0,0|0,0|0,0|0,0|0,1|0,0|0,0|0,0|0,0|0,0|0,1|0,0|0,0|0,0|0,0|0,0|0,1|0,0|0,0|0,0|0,0|0,0|0,0|0,0|0
12,108883249,.,C,T,.,PASS,AC=1;AN=5096;DP=18721;AF=0;EAS_AF=0;EUR_AF=0;AFR_AF=0;AMR_AF=0;SAS_AF=0;VT=SNP;NS=2548,GT,0|0,0|0,0|0,0|0,0|0,0|0,0|0,0|0,0|0,0|0,0|0,0|0,0|0,0|0,0|0,0|0,0|0,0|0,0|0,0|0,0|0,0|0,0|0,0|0,0|0,0|0,0|0,1|0,0|0,0|0,0|0,0|0,0|0,0|0,0|0,0|0,0|0,0|0,0|0,0|0,0|0,0|0,0|0,0|0,0|0,0|0,0|0,0|0,0|0,0|0,0|0,0|0,0|0,0|0,0|0,0|0,0|0,0|0,0|0,0|0,0|0,0|0,0|0,0|0,0|0,0|0,0|0,0|0,0|0,0|0,0|0,0|0,0|0,0|0,0|0,0|0,0|0,0|0,0|0,0|0,0|0,0|0,0|0,0|0,0|0,0|0,0|0,0|0,0|0,0|0,0|0,0|0,0|0
12,108883406,.,G,A,.,PASS,AC=2673;AN=5096;DP=21592;AF=0.52;EAS_AF=0.55;EUR_AF=0.28;AFR_AF=0.75;AMR_AF=0.52;SAS_AF=0.46;VT=SNP;NS=2548,GT,0|0,0|0,0|0,1|1,1|1,0|1,1|0,1|1,0|1,1|1,1|1,1|1,0|1,0|1,0|0,1|0,1|0,0|0,1|0,0|0,0|0,0|1,0|0,0|0,0|0,0|0,0|0,0|0,1|1,0|0,1|0,0|1,0|0,1|1,1|0,0|0,1|1,1|0,1|1,0|1,1|1,0|0,1|1,1|0,0|1,1|1,0|1,0|0,1|1,1|0,1|1,1|0,1|1,0|0,0|1,0|0,0|1,0|1,1|1,1|0,0|1,1|1,1|0,1|1,0|0,0|1,0|1,1|0,0|1,1|0,1|1,0|0,1|1,0|1,0|0,0|0,1|1,1|0,1|1,0|1,1|0,0|0,0|1,1|1,1|0,0|1,0|1,0|0,1|1,0|0,1|0,1|0,1|1
12,108883538,.,C,T,.,PASS,AC=39;AN=5096;DP=25461;AF=0.01;EAS_AF=0;EUR_AF=0;AFR_AF=0.02;AMR_AF=0.01;SAS_AF=0;VT=SNP;NS=2548,GT,0|0,0|0,0|0,0|0,0|0,0|0,0|0,0|0,0|0,0|0,0|0,0|0,0|0,0|0,0|0,0|0,0|0,0|0,0|0,0|0,0|0,0|0,0|0,0|0,0|0,0|0,0|0,0|0,0|0,0|0,0|0,0|0,0|0,0|0,0|0,0|0,0|0,0|0,0|1,0|0,0|0,0|0,0|0,0|0,0|0,0|0,0|0,0|0,0|0,0|0,0|0,0|0,0|0,0|0,0|0,0|0,0|0,0|0,0|0,0|0,0|0,0|0,0|0,0|0,0|0,0|0,0|0,0|0,0|0,0|0,0|0,0|0,0|0,0|0,0|0,0|0,0|0,0|0,0|0,0|0,0|0,0|0,0|0,0|0,0|0,0|0,0|0,0|0,0|0,0|0,0|0,0|0,0|0
12,108883716,.,C,A,.,PASS,AC=1265;AN=5096;DP=23857;AF=0.25;EAS_AF=0.32;EUR_AF=0.16;AFR_AF=0.23;AMR_AF=0.42;SAS_AF=0.17;VT=SNP;NS=2548,GT,0|0,0|0,0|0,1|1,0|0,0|1,0|0,1|1,0|1,0|0,0|1,1|0,0|0,0|1,0|0,1|0,0|0,0|0,1|0,0|0,0|0,0|0,0|0,0|0,0|0,0|0,0|0,0|0,0|0,0|0,0|0,0|0,0|0,0|0,1|0,0|0,1|0,0|0,0|1,0|0,0|0,0|0,0|0,1|0,0|0,1|1,0|0,0|0,1|0,1|0,1|1,1|0,0|0,0|0,0|1,0|0,0|0,0|1,0|0,0|0,0|0,0|0,1|0,1|0,0|0,0|1,0|0,1|0,0|1,1|0,0|1,0|0,0|0,0|0,0|0,0|0,1|0,1|0,0|1,0|1,1|0,0|0,0|0,0|0,0|0,0|1,0|1,0|0,0|1,0|0,0|0,1|0,0|1
12,108883944,.,G,A,.,PASS,AC=1542;AN=5096;DP=23802;AF=0.3;EAS_AF=0.32;EUR_AF=0.18;AFR_AF=0.39;AMR_AF=0.45;SAS_AF=0.19;VT=SNP;NS=2548,GT,0|0,0|0,0|0,1|1,0|0,0|1,0|0,1|1,0|1,0|0,0|1,1|0,0|0,0|1,0|0,1|0,0|0,0|0,1|0,0|0,0|0,0|0,0|0,0|0,0|0,0|0,0|0,0|0,0|0,0|0,0|0,0|0,0|0,0|0,1|0,0|0,1|0,0|0,0|1,0|0,0|0,0|0,0|0,1|0,0|0,1|1,0|0,0|0,1|0,1|0,1|1,1|0,0|0,0|0,0|1,0|0,0|0,0|1,0|0,0|0,0|0,0|0,1|0,1|0,0|0,0|1,0|0,1|0,0|1,1|0,0|1,0|0,0|0,0|0,0|0,0|0,1|0,1|0,0|1,0|1,1|0,0|0,0|0,0|0,0|0,0|1,0|1,0|0,0|1,0|0,0|0,1|0,0|1
12,108883967,.,T,G,.,PASS,AC=1985;AN=5096;DP=23673;AF=0.39;EAS_AF=0.32;EUR_AF=0.21;AFR_AF=0.59;AMR_AF=0.47;SAS_AF=0.33;VT=SNP;NS=2548,GT,0|0,0|0,0|0,1|1,0|0,0|1,0|0,1|1,0|1,0|0,0|1,1|0,0|0,0|1,0|0,1|0,0|0,0|0,1|0,0|0,0|0,0|0,0|0,0|0,0|0,0|0,0|0,0|0,0|0,0|0,0|0,0|0,0|0,0|0,1|0,0|0,1|0,0|0,0|1,0|0,0|0,0|0,0|0,1|0,0|0,1|1,0|0,0|0,1|0,1|0,1|1,1|0,0|0,0|0,0|1,0|0,0|0,0|1,0|0,0|0,0|0,0|0,1|0,1|0,0|0,0|1,0|0,1|0,0|1,1|0,0|1,0|0,0|0,0|0,0|0,0|0,1|0,1|0,0|1,0|1,1|0,0|0,0|0,0|0,0|0,0|1,0|1,0|0,0|1,0|0,0|0,1|0,0|1
12,108883976,.,G,T,.,PASS,AC=2;AN=5096;DP=23516;AF=0;EAS_AF=0;EUR_AF=0;AFR_AF=0;AMR_AF=0;SAS_AF=0;VT=SNP;NS=2548,GT,0|0,0|0,0|0,0|0,0|0,0|0,0|0,0|0,0|0,0|0,0|0,0|0,0|0,0|0,0|0,0|0,0|0,0|0,0|0,0|0,0|0,0|0,0|0,0|0,0|0,0|0,0|0,0|0,0|0,0|0,0|0,0|0,0|0,0|0,0|0,0|0,0|0,0|0,0|0,0|0,0|0,0|0,0|0,0|0,0|0,0|0,0|0,0|0,0|0,0|0,0|0,0|0,0|0,0|0,0|0,0|0,0|0,0|0,0|0,0|0,0|0,0|0,0|0,0|0,0|0,0|0,0|1,0|0,0|0,0|0,0|0,0|0,0|0,0|0,0|0,0|0,0|0,0|0,0|0,0|0,0|0,0|0,0|0,0|0,0|0,0|0,0|0,0|0,0|0,0|0,0|0,0|0,1|0
12,108884393,.,C,G,.,PASS,AC=2373;AN=5096;DP=25014;AF=0.47;EAS_AF=0.48;EUR_AF=0.28;AFR_AF=0.6;AMR_AF=0.51;SAS_AF=0.44;VT=SNP;NS=2548,GT,0|0,0|0,0|0,1|1,1|1,0|1,1|0,1|1,0|1,1|1,1|1,1|1,0|0,0|1,0|0,1|0,0|0,0|0,1|0,0|0,0|0,0|0,0|0,0|0,0|0,0|0,0|0,0|0,1|1,0|0,0|0,0|0,0|0,1|0,1|0,0|0,1|1,1|0,0|1,0|0,1|1,0|0,1|0,1|0,0|1,1|1,0|0,0|0,1|0,1|0,1|1,1|0,1|0,0|0,0|1,0|0,0|1,0|1,0|1,1|0,0|1,1|0,1|0,1|0,0|0,0|1,0|0,1|0,0|1,1|0,1|1,0|0,1|1,0|1,0|0,0|0,1|1,1|0,0|1,0|1,1|0,0|0,0|1,1|1,1|0,0|1,0|1,0|0,1|1,0|0,1|0,1|0,0|1
12,108884442,.,G,A,.,PASS,AC=2;AN=5096;DP=26926;AF=0;EAS_AF=0;EUR_AF=0;AFR_AF=0;AMR_AF=0;SAS_AF=0;VT=SNP;NS=2548,GT,0|0,0|0,0|0,0|0,0|0,0|0,0|0,0|0,0|0,0|0,0|0,0|0,0|0,0|0,0|0,0|0,0|0,0|0,0|0,0|0,0|0,0|0,0|0,0|0,0|0,0|0,0|0,0|0,0|0,0|0,0|0,0|0,0|0,0|0,0|0,0|0,0|0,0|0,0|0,0|0,0|0,0|0,0|0,0|0,0|0,0|0,0|0,0|0,0|0,0|0,0|0,0|0,0|0,0|0,0|0,0|0,0|0,0|0,0|0,0|0,0|0,0|0,0|0,0|0,0|0,0|0,0|0,0|0,0|0,0|0,0|0,0|0,0|0,0|0,1|0,0|0,0|0,0|0,0|0,0|0,0|0,0|0,0|0,0|0,0|0,0|0,0|0,0|0,0|0,0|0,0|0,0|0,0|0
12,108884642,.,C,A,.,PASS,AC=2;AN=5096;DP=26242;AF=0;EAS_AF=0;EUR_AF=0;AFR_AF=0;AMR_AF=0;SAS_AF=0;VT=SNP;NS=2548,GT,0|0,0|0,0|0,0|0,0|0,0|0,0|0,0|0,0|0,0|0,0|0,0|0,0|0,0|0,0|0,0|0,0|0,0|0,0|0,0|0,0|0,0|0,0|0,0|0,0|0,0|0,0|0,0|0,0|0,0|0,0|0,0|0,0|0,0|0,0|0,0|0,0|0,0|0,0|0,0|0,0|0,0|0,0|0,0|0,0|0,0|0,0|0,0|0,0|0,0|0,0|0,0|0,0|0,0|0,0|0,0|0,0|0,0|0,0|0,0|0,0|0,0|0,0|0,0|0,0|0,0|0,0|0,0|0,0|0,0|0,0|0,0|0,0|0,0|0,0|0,0|0,0|0,0|0,0|0,0|0,0|1,0|0,0|0,0|0,0|0,0|0,0|0,0|0,0|0,0|0,0|0,0|0,0|0
12,108884831,.,C,T,.,PASS,AC=1;AN=5096;DP=64531;AF=0;EAS_AF=0;EUR_AF=0;AFR_AF=0;AMR_AF=0;SAS_AF=0;VT=SNP;NS=2548,GT,0|0,0|0,0|0,0|0,0|0,0|0,0|0,0|0,0|0,0|0,0|0,0|0,0|0,0|0,0|0,0|0,0|1,0|0,0|0,0|0,0|0,0|0,0|0,0|0,0|0,0|0,0|0,0|0,0|0,0|0,0|0,0|0,0|0,0|0,0|0,0|0,0|0,0|0,0|0,0|0,0|0,0|0,0|0,0|0,0|0,0|0,0|0,0|0,0|0,0|0,0|0,0|0,0|0,0|0,0|0,0|0,0|0,0|0,0|0,0|0,0|0,0|0,0|0,0|0,0|0,0|0,0|0,0|0,0|0,0|0,0|0,0|0,0|0,0|0,0|0,0|0,0|0,0|0,0|0,0|0,0|0,0|0,0|0,0|0,0|0,0|0,0|0,0|0,0|0,0|0,0|0,0|0,0|0
12,108884897,.,G,A,.,PASS,AC=2;AN=5096;DP=127074;AF=0;EAS_AF=0;EUR_AF=0;AFR_AF=0;AMR_AF=0;SAS_AF=0;VT=SNP;NS=2548,GT,0|0,0|0,0|0,0|0,0|0,0|0,0|0,0|0,0|0,0|0,0|0,0|0,0|0,0|0,0|0,0|0,0|0,0|0,0|0,0|0,0|0,0|0,0|0,0|0,0|0,0|0,0|0,0|0,0|0,0|0,0|0,0|0,0|0,0|0,0|0,0|0,0|0,0|0,0|0,0|0,0|0,0|0,0|0,0|0,0|0,0|0,0|0,0|0,0|0,0|0,0|0,0|0,0|0,0|0,0|0,0|0,0|0,0|0,0|0,0|0,0|0,0|0,0|0,0|0,0|0,0|0,0|0,0|0,0|0,0|0,0|0,0|0,0|0,0|0,0|0,0|0,0|0,0|0,0|0,0|0,0|0,0|0,0|0,0|0,0|0,0|0,0|0,1|0,0|0,0|0,0|0,0|0,0|0
12,108884971,.,T,G,.,PASS,AC=2479;AN=5096;DP=229390;AF=0.49;EAS_AF=0.48;EUR_AF=0.33;AFR_AF=0.6;AMR_AF=0.55;SAS_AF=0.46;EX_TARGET;VT=SNP;NS=2548,GT,0|0,0|0,0|0,1|1,1|1,0|1,1|0,1|1,0|1,1|1,1|1,1|1,0|0,0|1,0|0,1|0,0|0,0|0,1|0,0|0,0|0,0|0,0|0,0|0,0|0,0|0,0|0,0|0,1|1,0|0,0|0,0|0,0|0,1|0,1|0,0|0,1|1,1|0,0|1,0|0,1|1,0|0,1|0,1|0,0|1,1|1,0|0,0|0,1|0,1|0,1|1,1|0,1|0,0|0,0|1,0|0,0|1,0|1,0|1,1|0,0|1,1|0,1|0,1|0,0|0,0|1,0|0,1|0,0|1,1|0,1|1,0|0,1|1,0|1,0|0,0|0,1|1,1|0,0|1,0|1,1|0,0|0,0|1,1|1,1|0,0|1,0|1,0|0,1|1,0|0,1|0,1|0,0|1
12,108885529,.,G,T,.,PASS,AC=1;AN=5096;DP=21728;AF=0;EAS_AF=0;EUR_AF=0;AFR_AF=0;AMR_AF=0;SAS_AF=0;VT=SNP;NS=2548,GT,0|0,0|0,0|0,0|0,0|0,0|0,0|0,0|0,0|0,0|0,0|0,0|0,0|0,0|0,0|0,0|0,1|0,0|0,0|0,0|0,0|0,0|0,0|0,0|0,0|0,0|0,0|0,0|0,0|0,0|0,0|0,0|0,0|0,0|0,0|0,0|0,0|0,0|0,0|0,0|0,0|0,0|0,0|0,0|0,0|0,0|0,0|0,0|0,0|0,0|0,0|0,0|0,0|0,0|0,0|0,0|0,0|0,0|0,0|0,0|0,0|0,0|0,0|0,0|0,0|0,0|0,0|0,0|0,0|0,0|0,0|0,0|0,0|0,0|0,0|0,0|0,0|0,0|0,0|0,0|0,0|0,0|0,0|0,0|0,0|0,0|0,0|0,0|0,0|0,0|0,0|0,0|0,0|0
12,108885539,.,G,T,.,PASS,AC=1;AN=5096;DP=22156;AF=0;EAS_AF=0;EUR_AF=0;AFR_AF=0;AMR_AF=0;SAS_AF=0;VT=SNP;NS=2548,GT,0|0,0|0,0|0,0|0,0|0,0|0,0|0,0|0,0|0,0|0,0|0,0|0,0|0,0|0,0|0,0|0,0|0,0|0,0|0,0|0,0|0,0|0,0|0,0|0,0|0,0|0,0|0,0|0,0|0,0|0,0|0,0|0,0|0,0|0,0|0,0|0,0|0,0|0,0|0,0|0,0|0,0|0,0|0,0|0,0|0,0|0,0|0,0|0,0|0,0|0,0|0,0|0,0|0,0|0,0|0,0|0,0|0,0|0,0|0,0|0,0|0,0|0,0|0,0|0,0|0,0|0,0|0,0|0,0|0,0|0,0|0,0|0,0|0,0|0,0|0,0|0,0|0,0|0,0|1,0|0,0|0,0|0,0|0,0|0,0|0,0|0,0|0,0|0,0|0,0|0,0|0,0|0,0|0
12,108885760,.,T,A,.,PASS,AC=1249;AN=5096;DP=18004;AF=0.25;EAS_AF=0.47;EUR_AF=0.19;AFR_AF=0.05;AMR_AF=0.42;SAS_AF=0.21;VT=SNP;NS=2548,GT,0|0,0|0,0|0,0|1,1|1,0|1,1|0,1|1,0|1,1|1,1|1,1|1,0|0,0|1,0|0,1|0,0|0,0|0,1|0,0|0,0|0,0|0,0|0,0|0,0|0,0|0,0|0,0|0,1|1,0|0,0|0,0|0,0|0,1|0,1|0,0|0,1|1,1|0,0|1,0|0,1|1,0|0,1|0,1|0,0|1,1|1,0|0,0|0,1|0,1|0,1|1,1|0,1|0,0|0,0|1,0|0,0|1,0|1,0|1,1|0,0|1,1|0,0|0,1|0,0|0,0|1,0|0,1|0,0|1,1|0,1|1,0|0,1|1,0|1,0|0,0|0,1|1,1|0,0|1,0|1,1|0,0|0,0|1,1|1,1|0,0|1,0|1,0|0,1|1,0|0,1|0,1|0,0|1
12,108886017,.,G,A,.,PASS,AC=38;AN=5096;DP=23452;AF=0.01;EAS_AF=0.02;EUR_AF=0;AFR_AF=0;AMR_AF=0.02;SAS_AF=0;VT=SNP;NS=2548,GT,0|0,0|0,0|0,0|0,0|0,0|0,0|0,0|0,0|0,0|0,0|0,0|0,0|0,0|0,0|0,0|0,0|0,0|0,0|0,0|0,0|0,0|0,0|0,0|0,0|0,0|0,0|0,0|0,0|0,0|0,0|0,0|0,0|0,0|0,0|0,0|0,0|0,0|0,0|0,0|0,0|0,0|0,0|0,0|0,0|0,0|0,0|0,0|0,1|0,0|0,0|0,1|0,0|0,0|0,0|0,0|0,0|0,0|0,0|0,0|0,0|0,0|0,0|0,0|0,0|0,0|0,0|0,0|0,0|0,0|0,0|0,0|0,0|0,0|0,0|0,0|0,0|0,0|0,0|0,0|0,0|0,0|0,0|0,0|0,0|0,0|0,0|0,0|0,0|0,0|0,0|0,0|0,0|0
12,108886081,.,TCTCA,T,.,PASS,AC=38;AN=5096;DP=24341;AF=0.01;EAS_AF=0.02;EUR_AF=0;AFR_AF=0;AMR_AF=0.02;SAS_AF=0;VT=INDEL;NS=2548,GT,0|0,0|0,0|0,0|0,0|0,0|0,0|0,0|0,0|0,0|0,0|0,0|0,0|0,0|0,0|0,0|0,0|0,0|0,0|0,0|0,0|0,0|0,0|0,0|0,0|0,0|0,0|0,0|0,0|0,0|0,0|0,0|0,0|0,0|0,0|0,0|0,0|0,0|0,0|0,0|0,0|0,0|0,0|0,0|0,0|0,0|0,0|0,0|0,1|0,0|0,0|0,1|0,0|0,0|0,0|0,0|0,0|0,0|0,0|0,0|0,0|0,0|0,0|0,0|0,0|0,0|0,0|0,0|0,0|0,0|0,0|0,0|0,0|0,0|0,0|0,0|0,0|0,0|0,0|0,0|0,0|0,0|0,0|0,0|0,0|0,0|0,0|0,0|0,0|0,0|0,0|0,0|0,0|0
12,108886476,.,A,T,.,PASS,AC=1;AN=5096;DP=20627;AF=0;EAS_AF=0;EUR_AF=0;AFR_AF=0;AMR_AF=0;SAS_AF=0;VT=SNP;NS=2548,GT,0|0,0|0,0|0,0|0,0|0,0|0,0|0,0|0,0|0,0|0,0|0,0|0,0|0,0|0,0|0,0|0,0|0,0|0,0|0,0|0,0|0,0|0,0|0,0|0,0|0,0|0,0|0,0|0,0|0,0|0,0|0,0|0,0|0,0|0,0|0,0|0,0|0,0|0,0|0,0|0,0|0,0|1,0|0,0|0,0|0,0|0,0|0,0|0,0|0,0|0,0|0,0|0,0|0,0|0,0|0,0|0,0|0,0|0,0|0,0|0,0|0,0|0,0|0,0|0,0|0,0|0,0|0,0|0,0|0,0|0,0|0,0|0,0|0,0|0,0|0,0|0,0|0,0|0,0|0,0|0,0|0,0|0,0|0,0|0,0|0,0|0,0|0,0|0,0|0,0|0,0|0,0|0,0|0
12,108886759,.,A,C,.,PASS,AC=4416;AN=5096;DP=21348;AF=0.87;EAS_AF=1;EUR_AF=0.72;AFR_AF=0.92;AMR_AF=0.83;SAS_AF=0.85;VT=SNP;NS=2548,GT,1|1,1|1,1|1,0|1,1|1,1|1,1|1,1|1,1|1,1|1,1|1,1|1,1|1,1|1,1|1,1|1,1|1,1|1,1|1,1|1,1|1,1|1,1|1,1|1,1|1,1|1,1|1,1|1,1|1,1|1,1|1,1|1,1|1,1|1,1|1,1|1,1|1,1|1,1|1,1|1,1|1,1|1,1|1,1|1,1|1,1|1,1|1,1|1,1|1,1|1,1|1,1|1,1|1,1|1,1|1,1|1,1|1,1|1,1|1,1|1,1|1,1|1,0|1,1|1,1|1,1|1,1|1,1|1,1|1,1|1,1|1,1|1,1|1,1|1,1|1,1|1,1|1,1|1,1|1,1|1,1|1,1|1,1|1,1|1,1|1,1|1,1|1,1|1,1|1,1|1,1|1,1|1,1|1
12,108886824,.,C,CA,.,PASS,AC=2191;AN=5096;DP=24017;AF=0.43;EAS_AF=0.47;EUR_AF=0.27;AFR_AF=0.53;AMR_AF=0.5;SAS_AF=0.37;VT=INDEL;NS=2548,GT,0|0,0|0,0|0,0|1,1|1,0|1,1|0,1|1,0|1,1|1,1|1,1|1,0|0,0|1,0|0,1|0,0|0,0|0,1|0,0|0,0|0,0|0,0|0,0|0,0|0,0|0,0|0,0|0,1|1,0|0,0|0,0|0,0|0,1|0,1|0,0|0,1|1,1|0,0|1,0|0,1|1,0|0,1|0,1|0,0|1,1|1,0|0,0|0,1|0,1|0,1|1,1|0,1|0,0|0,0|1,0|0,0|1,0|1,0|1,1|0,0|1,1|0,0|0,1|0,0|0,0|1,0|0,1|0,0|1,1|0,1|1,0|0,1|1,0|1,0|0,0|0,1|1,1|0,0|1,0|1,1|0,0|0,0|1,1|1,1|0,0|1,0|1,0|0,1|1,0|0,1|0,1|0,0|1
12,108887702,.,G,C,.,PASS,AC=105;AN=5096;DP=125884;AF=0.02;EAS_AF=0.07;EUR_AF=0;AFR_AF=0.02;AMR_AF=0;SAS_AF=0.01;VT=SNP;NS=2548,GT,0|0,0|0,0|0,0|0,0|0,0|0,0|0,0|0,0|0,0|0,0|0,0|0,0|1,0|0,0|0,0|0,1|0,0|0,0|0,0|0,0|0,0|1,0|0,0|0,0|0,0|0,0|0,0|0,0|0,0|0,1|0,0|1,0|0,0|1,0|0,0|0,0|0,0|0,1|0,0|1,0|0,0|0,0|1,0|0,0|0,0|0,0|1,0|0,0|1,0|0,0|0,0|0,0|1,0|0,0|0,0|0,0|0,0|0,1|0,0|0,0|0,0|1,0|0,0|1,0|0,0|0,0|1,0|0,0|0,0|0,0|0,0|0,0|0,0|0,0|0,0|0,0|0,0|0,1|0,0|0,0|0,0|0,0|0,0|0,0|0,0|0,0|0,0|0,0|0,0|0,0|0,0|0,1|0
12,108887919,.,G,A,.,PASS,AC=2187;AN=5096;DP=23307;AF=0.43;EAS_AF=0.47;EUR_AF=0.27;AFR_AF=0.52;AMR_AF=0.5;SAS_AF=0.37;VT=SNP;NS=2548,GT,0|0,0|0,0|0,0|1,1|1,0|1,1|0,1|1,0|1,1|1,1|1,1|1,0|0,0|1,0|0,1|0,0|0,0|0,1|0,0|0,0|0,0|0,0|0,0|0,0|0,0|0,0|0,0|0,1|1,0|0,0|0,0|0,0|0,1|0,1|0,0|0,1|1,1|0,0|1,0|0,1|1,0|0,1|0,1|0,0|1,1|1,0|0,0|0,1|0,1|0,1|1,1|0,1|0,0|0,0|1,0|0,0|1,0|1,0|1,1|0,0|1,1|0,0|0,1|0,0|0,0|1,0|0,1|0,0|1,1|0,1|1,0|0,1|1,0|1,0|0,0|0,1|1,1|0,0|1,0|1,1|0,0|0,0|1,1|1,1|0,0|1,0|1,0|0,1|1,0|0,1|0,1|0,0|1
12,108887972,.,T,C,.,PASS,AC=2561;AN=5096;DP=22644;AF=0.5;EAS_AF=0.54;EUR_AF=0.27;AFR_AF=0.74;AMR_AF=0.52;SAS_AF=0.38;VT=SNP;NS=2548,GT,0|0,0|0,0|0,0|1,1|1,0|1,1|0,1|1,0|1,1|1,1|1,1|1,0|1,0|1,0|0,1|0,1|0,0|0,1|0,0|0,0|0,0|1,0|0,0|0,0|0,0|0,0|0,0|0,1|1,0|0,1|0,0|1,0|0,1|1,1|0,0|0,1|1,1|0,1|1,0|1,1|1,0|0,1|1,1|0,0|1,1|1,0|1,0|0,1|1,1|0,1|1,1|0,1|1,0|0,0|1,0|0,0|1,0|1,1|1,1|0,0|1,1|1,0|0,1|1,0|0,0|1,0|1,1|0,0|1,1|0,1|1,0|0,1|1,0|1,0|0,0|0,1|1,1|0,1|1,0|1,1|0,0|0,0|1,1|1,1|0,0|1,0|1,0|0,1|1,0|0,1|0,1|0,1|1
12,108888108,.,G,A,.,PASS,AC=2186;AN=5096;DP=21295;AF=0.43;EAS_AF=0.47;EUR_AF=0.27;AFR_AF=0.52;AMR_AF=0.5;SAS_AF=0.37;VT=SNP;NS=2548,GT,0|0,0|0,0|0,0|1,1|1,0|1,1|0,1|1,0|1,1|1,1|1,1|1,0|0,0|1,0|0,1|0,0|0,0|0,1|0,0|0,0|0,0|0,0|0,0|0,0|0,0|0,0|0,0|0,1|1,0|0,0|0,0|0,0|0,1|0,1|0,0|0,1|1,1|0,0|1,0|0,1|1,0|0,1|0,1|0,0|1,1|1,0|0,0|0,1|0,1|0,1|1,1|0,1|0,0|0,0|1,0|0,0|1,0|1,0|1,1|0,0|1,1|0,0|0,1|0,0|0,0|1,0|0,1|0,0|1,1|0,1|1,0|0,1|1,0|1,0|0,0|0,1|1,1|0,0|1,0|1,1|0,0|0,0|1,1|1,1|0,0|1,0|1,0|0,1|1,0|0,1|0,1|0,0|1
12,108888421,.,T,C,.,PASS,AC=2192;AN=5096;DP=20820;AF=0.43;EAS_AF=0.47;EUR_AF=0.27;AFR_AF=0.53;AMR_AF=0.5;SAS_AF=0.37;VT=SNP;NS=2548,GT,0|0,0|0,0|0,0|1,1|1,0|1,1|0,1|1,0|1,1|1,1|1,1|1,0|0,0|1,0|0,1|0,0|0,0|0,1|0,0|0,0|0,0|0,0|0,0|0,0|0,0|0,0|0,0|0,1|1,0|0,0|0,0|0,0|0,1|0,1|0,0|0,1|1,1|0,0|1,0|0,1|1,0|0,1|0,1|0,0|1,1|1,0|0,0|0,1|0,1|0,1|1,1|0,1|0,0|0,0|1,0|0,0|1,0|1,0|1,1|0,0|1,1|0,0|0,1|0,0|0,0|1,0|0,1|0,0|1,1|0,1|1,0|0,1|1,0|1,0|0,0|0,1|1,1|0,0|1,0|1,1|0,0|0,0|1,1|1,1|0,0|1,0|1,0|0,1|1,0|0,1|0,1|0,0|1
12,108888732,.,T,C,.,PASS,AC=1256;AN=5096;DP=22606;AF=0.25;EAS_AF=0.47;EUR_AF=0.19;AFR_AF=0.05;AMR_AF=0.42;SAS_AF=0.21;VT=SNP;NS=2548,GT,0|0,0|0,0|0,0|1,1|1,0|1,1|0,1|1,0|1,1|1,1|1,1|1,0|0,0|1,0|0,1|0,0|0,0|0,1|0,0|0,0|0,0|0,0|0,0|0,0|0,0|0,0|0,0|0,1|1,0|0,0|0,0|0,0|0,1|0,1|0,0|0,1|1,1|0,0|1,0|0,1|1,0|0,1|0,1|0,0|1,1|1,0|0,0|0,1|0,1|0,1|1,1|0,1|0,0|0,0|1,0|0,0|1,0|1,0|1,1|0,0|1,1|0,0|0,1|0,0|0,0|1,0|0,1|0,0|1,1|0,1|1,0|0,1|1,0|1,0|0,0|0,1|1,1|0,0|1,0|1,1|0,0|0,0|1,1|1,1|0,0|1,0|1,0|0,1|1,0|0,1|0,1|0,0|1
12,108888909,.,C,T,.,PASS,AC=1578;AN=5096;DP=22530;AF=0.31;EAS_AF=0.47;EUR_AF=0.23;AFR_AF=0.14;AMR_AF=0.45;SAS_AF=0.35;VT=SNP;NS=2548,GT,0|0,0|0,0|0,0|1,1|1,0|1,1|0,1|1,0|1,1|1,1|1,1|1,0|0,0|1,0|0,1|0,0|0,0|0,1|0,0|0,0|0,0|0,0|0,0|0,0|0,0|0,0|0,0|0,1|1,0|0,0|0,0|0,0|0,1|0,1|0,0|0,1|1,1|0,0|1,0|0,1|1,0|0,1|0,1|0,0|1,1|1,0|0,0|0,1|0,1|0,1|1,1|0,1|0,0|0,0|1,0|0,0|1,0|1,0|1,1|0,0|1,1|0,0|0,1|0,0|0,0|1,0|0,1|0,0|1,1|0,1|1,0|0,1|1,0|1,0|0,0|0,1|1,1|0,0|1,0|1,1|0,0|0,0|1,1|1,1|0,0|1,0|1,0|0,1|1,0|0,1|0,1|0,0|1
12,108889109,.,AT,A,.,PASS,AC=2555;AN=5096;DP=23177;AF=0.5;EAS_AF=0.55;EUR_AF=0.3;AFR_AF=0.71;AMR_AF=0.52;SAS_AF=0.37;VT=INDEL;NS=2548,GT,0|0,0|0,0|1,0|1,1|1,0|1,1|0,1|1,0|1,1|1,1|1,1|1,0|1,0|1,0|0,1|0,1|0,0|0,1|0,0|0,0|0,0|1,0|0,0|0,0|0,0|0,0|0,0|0,1|1,0|0,1|0,0|1,0|0,1|1,1|0,0|0,1|1,1|0,1|1,0|1,1|1,0|0,1|1,1|0,0|1,1|1,0|1,0|0,1|1,1|0,1|1,1|0,1|1,0|0,0|1,0|0,0|1,0|1,1|1,1|0,0|1,1|1,0|0,1|1,0|0,0|1,0|1,1|0,0|1,1|0,1|1,0|0,1|1,0|1,0|0,0|0,1|1,1|0,1|1,0|1,1|0,0|0,0|1,1|1,1|0,0|1,0|1,0|0,1|1,0|0,1|0,1|0,1|1
12,108889136,.,C,T,.,PASS,AC=8;AN=5096;DP=22926;AF=0;EAS_AF=0.01;EUR_AF=0;AFR_AF=0;AMR_AF=0;SAS_AF=0;VT=SNP;NS=2548,GT,0|0,0|0,0|0,0|0,0|0,0|0,0|0,0|0,0|0,0|0,0|0,0|0,0|0,0|0,0|0,0|0,0|0,0|0,0|0,0|0,0|0,0|0,0|0,0|0,0|0,0|0,0|0,0|0,0|0,0|0,0|0,0|0,0|0,0|0,0|0,0|0,0|0,0|0,0|0,0|0,0|0,0|0,0|1,0|0,0|0,0|0,0|0,0|0,0|0,0|0,0|0,0|0,0|0,0|0,0|0,0|0,0|0,0|0,0|0,0|0,0|0,0|0,0|0,0|0,0|0,0|0,0|0,0|0,0|0,0|0,0|0,0|0,0|0,0|0,0|0,0|0,0|0,0|0,0|0,0|0,0|0,0|0,0|0,0|0,0|0,0|0,0|0,0|0,0|0,0|0,0|0,0|0,0|0
12,108889796,.,T,G,.,PASS,AC=106;AN=5096;DP=39312;AF=0.02;EAS_AF=0.07;EUR_AF=0;AFR_AF=0.02;AMR_AF=0;SAS_AF=0.01;VT=SNP;NS=2548,GT,0|0,0|0,0|0,0|0,0|0,0|0,0|0,0|0,0|0,0|0,0|0,0|0,0|1,0|0,0|0,0|0,1|0,0|0,0|0,0|0,0|0,0|1,0|0,0|0,0|0,0|0,0|0,0|0,0|0,0|0,1|0,0|1,0|0,0|1,0|0,0|0,0|0,0|0,1|0,0|1,0|0,0|0,0|1,0|0,0|0,0|0,0|1,0|0,0|1,0|0,0|0,0|0,0|1,0|0,0|0,0|0,0|0,0|0,1|0,0|0,0|0,0|1,0|0,0|1,0|0,0|0,0|1,0|0,0|0,0|0,0|0,0|0,0|0,0|0,0|0,0|0,0|0,0|0,1|0,0|0,0|0,0|0,0|0,0|0,0|0,0|0,0|0,0|0,0|0,0|0,0|0,0|0,1|0
12,108889827,.,A,C,.,PASS,AC=1603;AN=5096;DP=35693;AF=0.31;EAS_AF=0.45;EUR_AF=0.44;AFR_AF=0.02;AMR_AF=0.28;SAS_AF=0.47;VT=SNP;NS=2548,GT,1|1,1|1,1|1,0|0,0|0,1|0,0|1,0|0,1|0,0|0,0|0,0|0,1|0,1|0,1|1,0|1,0|1,1|1,0|1,1|1,1|1,1|0,1|1,1|1,1|1,1|1,1|1,1|1,0|0,1|1,0|1,1|0,1|1,0|0,0|1,1|1,0|0,0|1,0|0,1|0,0|0,1|1,0|0,0|1,1|0,0|0,1|0,1|1,0|0,0|1,0|0,0|1,0|0,1|1,1|0,1|1,1|0,1|0,0|0,0|1,1|0,0|0,0|1,0|0,1|1,1|0,1|0,0|1,1|0,0|1,0|0,1|1,0|0,1|0,1|1,1|1,0|0,0|1,0|0,1|0,0|1,1|1,1|0,0|0,0|1,1|0,1|0,1|1,0|0,1|1,0|1,0|1,0|0
12,108890310,.,C,A,.,PASS,AC=37;AN=5096;DP=244017;AF=0.01;EAS_AF=0.03;EUR_AF=0;AFR_AF=0;AMR_AF=0;SAS_AF=0;VT=SNP;NS=2548,GT,0|0,0|1,0|0,0|0,0|0,0|0,0|0,0|0,0|0,0|0,0|0,0|0,0|0,0|0,0|0,0|1,0|0,0|0,0|0,0|0,0|0,0|0,0|0,0|0,0|1,0|1,0|0,1|0,0|0,0|1,0|0,0|0,1|1,0|0,0|0,0|0,0|0,0|0,0|0,0|0,0|0,0|0,0|0,0|0,0|0,0|0,0|0,0|0,0|0,0|0,0|0,0|1,0|0,0|0,1|0,0|0,0|0,0|0,0|0,0|0,0|0,0|0,0|0,0|0,0|0,0|0,0|0,0|1,0|0,0|0,0|0,0|0,0|0,0|0,0|0,0|0,0|0,0|0,0|0,0|0,0|0,1|1,0|0,0|0,0|0,0|0,0|0,0|0,0|0,0|1,0|1,0|0,0|0
12,108890444,.,T,A,.,PASS,AC=2;AN=5096;DP=66406;AF=0;EAS_AF=0;EUR_AF=0;AFR_AF=0;AMR_AF=0;SAS_AF=0;VT=SNP;NS=2548,GT,0|0,0|0,0|0,0|0,0|0,0|0,0|0,0|0,0|0,0|0,0|0,0|0,0|0,0|0,0|0,0|0,0|0,0|0,0|0,0|0,0|0,0|0,0|0,0|0,0|0,0|0,0|0,0|0,0|0,0|0,0|0,0|0,0|0,0|0,0|0,0|0,0|0,0|0,0|0,0|0,0|0,0|0,0|0,0|0,0|0,0|0,0|0,0|0,0|0,0|0,0|0,0|0,0|0,0|0,0|0,0|0,0|0,0|0,0|0,0|0,0|0,0|0,0|0,0|0,0|0,0|0,0|0,0|0,0|0,1|0,0|1,0|0,0|0,0|0,0|0,0|0,0|0,0|0,0|0,0|0,0|0,0|0,0|0,0|0,0|0,0|0,0|0,0|0,0|0,0|0,0|0,0|0,0|0
12,108890702,.,G,T,.,PASS,AC=2537;AN=5096;DP=25520;AF=0.5;EAS_AF=0.54;EUR_AF=0.27;AFR_AF=0.73;AMR_AF=0.52;SAS_AF=0.36;VT=SNP;NS=2548,GT,0|0,0|0,0|0,0|1,1|1,0|1,1|0,1|1,0|1,1|1,1|1,1|1,0|1,0|1,0|0,1|0,1|0,0|0,1|0,0|0,0|0,0|1,0|0,0|0,0|0,0|0,0|0,0|0,1|1,0|0,1|0,0|1,0|0,1|1,1|0,0|0,1|1,1|0,1|1,0|1,1|1,0|0,1|1,1|0,0|1,1|1,0|1,0|0,1|1,1|0,1|1,1|0,1|1,0|0,0|1,0|0,0|1,0|1,1|1,1|0,0|1,1|1,0|0,1|1,0|0,0|1,0|1,1|0,0|1,1|0,1|1,0|0,1|1,0|1,0|0,0|0,1|1,1|0,1|1,0|1,1|0,0|0,0|1,1|1,1|0,0|1,0|1,0|0,1|1,0|0,1|0,1|0,1|1
12,108891204,.,A,T,.,PASS,AC=2567;AN=5096;DP=18802;AF=0.5;EAS_AF=0.54;EUR_AF=0.27;AFR_AF=0.74;AMR_AF=0.52;SAS_AF=0.38;VT=SNP;NS=2548,GT,0|0,0|0,0|0,0|1,1|1,0|1,1|0,1|1,0|1,1|1,1|1,1|1,0|1,0|1,0|0,1|0,1|0,0|0,1|0,0|0,0|0,0|1,0|0,0|0,0|0,0|0,0|0,0|0,1|1,0|0,1|0,0|1,0|0,1|1,1|0,0|0,1|1,1|0,1|1,0|1,1|1,0|0,1|1,1|0,0|1,1|1,0|1,0|0,1|1,1|0,1|1,1|0,1|1,0|0,0|1,0|0,0|1,0|1,1|1,1|0,0|1,1|1,0|0,1|1,0|0,0|1,0|1,1|0,0|1,1|0,1|1,0|0,1|1,0|1,0|0,0|0,1|1,1|0,1|1,0|1,1|0,0|0,0|1,1|1,1|0,0|1,0|1,0|0,1|1,0|0,1|0,1|0,1|1
12,108891374,.,C,T,.,PASS,AC=18;AN=5096;DP=16111;AF=0;EAS_AF=0.02;EUR_AF=0;AFR_AF=0;AMR_AF=0;SAS_AF=0;VT=SNP;NS=2548,GT,0|0,0|0,0|0,0|0,0|0,0|0,0|0,0|0,0|0,0|0,0|0,0|0,0|0,0|0,0|0,0|0,0|0,0|0,0|0,0|0,0|0,0|0,0|0,0|0,0|0,0|0,0|0,0|0,0|0,0|0,0|0,0|0,0|0,0|0,0|0,0|0,0|0,0|0,0|0,0|0,0|0,0|0,0|0,1|0,0|0,0|0,0|0,0|0,0|0,0|0,0|0,0|0,0|0,0|0,0|0,0|0,0|0,0|0,0|0,0|0,0|0,0|0,0|0,0|0,0|0,0|0,0|0,0|0,0|0,0|0,0|0,0|0,0|0,0|0,0|0,0|0,0|0,0|0,0|0,0|0,0|0,0|0,0|0,0|0,0|0,0|0,0|0,0|0,0|0,0|0,0|0,0|0,0|0
12,108891700,.,G,A,.,PASS,AC=1358;AN=5096;DP=18596;AF=0.27;EAS_AF=0.47;EUR_AF=0.19;AFR_AF=0.12;AMR_AF=0.43;SAS_AF=0.21;VT=SNP;NS=2548,GT,0|0,0|0,0|0,0|1,1|1,0|1,1|0,1|1,0|1,1|1,1|1,1|1,0|0,0|1,0|0,1|0,0|0,0|0,1|0,0|0,0|0,0|0,0|0,0|0,0|0,0|0,0|0,0|0,1|1,0|0,0|0,0|0,0|0,1|0,1|0,0|0,1|1,1|0,0|1,0|0,1|1,0|0,1|0,1|0,0|1,1|1,0|0,0|0,1|0,1|0,1|1,1|0,1|0,0|0,0|1,0|0,0|1,0|1,0|1,1|0,0|1,1|0,0|0,1|0,0|0,0|1,0|0,1|0,0|1,1|0,1|1,0|0,1|1,0|1,0|0,0|0,1|1,1|0,0|1,0|1,1|0,0|0,0|1,1|1,1|0,0|1,0|1,0|0,1|1,0|0,1|0,1|0,0|1
12,108891705,.,G,C,.,PASS,AC=2569;AN=5096;DP=18459;AF=0.5;EAS_AF=0.54;EUR_AF=0.27;AFR_AF=0.74;AMR_AF=0.52;SAS_AF=0.38;VT=SNP;NS=2548,GT,0|0,0|0,0|0,0|1,1|1,0|1,1|0,1|1,0|1,1|1,1|1,1|1,0|1,0|1,0|0,1|0,1|0,0|0,1|0,0|0,0|0,0|1,0|0,0|0,0|0,0|0,0|0,0|0,1|1,0|0,1|0,0|1,0|0,1|1,1|0,0|0,1|1,1|0,1|1,0|1,1|1,0|0,1|1,1|0,0|1,1|1,0|1,0|0,1|1,1|0,1|1,1|0,1|1,0|0,0|1,0|0,0|1,0|1,1|1,1|0,0|1,1|1,0|0,1|1,0|0,0|1,0|1,1|0,0|1,1|0,1|1,0|0,1|1,0|1,0|0,0|0,1|1,1|0,1|1,0|1,1|0,0|0,0|1,1|1,1|0,0|1,0|1,0|0,1|1,0|0,1|0,1|0,1|1
12,108891843,.,T,C,.,PASS,AC=250;AN=5096;DP=21172;AF=0.05;EAS_AF=0.07;EUR_AF=0;AFR_AF=0.13;AMR_AF=0.01;SAS_AF=0.01;VT=SNP;NS=2548,GT,0|0,0|0,0|0,0|0,0|0,0|0,0|0,0|0,0|0,0|0,0|0,0|0,0|1,0|0,0|0,0|0,1|0,0|0,0|0,0|0,0|0,0|1,0|0,0|0,0|0,0|0,0|0,0|0,0|0,0|0,1|0,0|1,0|0,0|1,0|0,0|0,0|0,0|0,1|0,0|1,0|0,0|0,0|1,0|0,0|0,0|0,0|1,0|0,0|1,0|0,0|0,0|0,0|1,0|0,0|0,0|0,0|0,0|0,1|0,0|0,0|0,0|1,0|0,0|1,0|0,0|0,0|1,0|0,0|0,0|0,0|0,0|0,0|0,0|0,0|0,0|0,0|0,0|0,1|0,0|0,0|0,0|0,0|0,0|0,0|0,0|0,0|0,0|0,0|0,0|0,0|0,0|0,1|0
12,108892122,.,G,C,.,PASS,AC=3;AN=5096;DP=19621;AF=0;EAS_AF=0;EUR_AF=0;AFR_AF=0;AMR_AF=0;SAS_AF=0;VT=SNP;NS=2548,GT,0|0,0|0,0|0,0|0,0|0,0|0,0|0,0|0,0|0,0|0,0|0,0|0,0|0,0|0,0|0,0|0,0|0,1|0,0|0,0|0,0|0,0|0,0|0,0|0,0|0,0|0,0|0,0|0,0|0,0|0,0|0,0|0,0|0,0|0,0|0,0|0,0|0,0|0,0|0,0|0,0|0,0|0,0|0,0|0,0|0,0|0,0|0,0|0,0|0,0|0,0|0,0|0,0|0,0|0,0|0,0|0,0|0,0|0,0|0,0|0,0|0,0|0,0|0,0|0,0|0,0|0,0|0,0|0,0|0,0|0,0|0,0|0,0|0,0|0,0|0,0|0,0|0,0|0,0|0,0|0,0|0,0|0,0|0,0|0,0|0,0|0,0|0,0|0,0|0,0|0,0|0,0|0,0|0
12,108892215,.,A,T,.,PASS,AC=2563;AN=5096;DP=13888;AF=0.5;EAS_AF=0.55;EUR_AF=0.27;AFR_AF=0.73;AMR_AF=0.52;SAS_AF=0.38;VT=SNP;NS=2548,GT,0|0,0|0,0|0,0|1,1|1,0|1,1|0,1|1,0|1,1|1,1|1,1|1,0|1,0|1,0|0,1|0,1|0,0|0,1|0,0|0,0|0,0|1,0|0,0|0,0|0,0|0,0|0,0|0,1|1,0|0,1|0,0|1,0|0,1|1,1|0,0|0,1|1,1|0,1|1,0|1,1|1,0|0,1|1,1|0,0|1,1|1,0|1,0|0,1|1,1|0,1|1,1|0,1|1,0|0,0|1,0|0,0|1,0|1,1|1,1|0,0|1,1|1,0|0,1|1,0|0,0|1,0|1,1|0,0|1,1|0,1|1,0|0,1|1,0|1,0|0,0|0,1|1,1|0,1|1,0|1,1|0,0|0,0|1,1|1,1|0,0|1,0|1,0|0,1|1,0|0,1|0,1|0,1|1
12,108892370,.,C,G,.,PASS,AC=2569;AN=5096;DP=18216;AF=0.5;EAS_AF=0.55;EUR_AF=0.27;AFR_AF=0.74;AMR_AF=0.52;SAS_AF=0.38;VT=SNP;NS=2548,GT,0|0,0|0,0|0,0|1,1|1,0|1,1|0,1|1,0|1,1|1,1|1,1|1,0|1,0|1,0|0,1|0,1|0,0|0,1|0,0|0,0|0,0|1,0|0,0|0,0|0,0|0,0|0,0|0,1|1,0|0,1|0,0|1,0|0,1|1,1|0,0|0,1|1,1|0,1|1,0|1,1|1,0|0,1|1,1|0,0|1,1|1,0|1,0|0,1|1,1|0,1|1,1|0,1|1,0|0,0|1,0|0,0|1,0|1,1|1,1|0,0|1,1|1,0|0,1|1,0|0,0|1,0|1,1|0,0|1,1|0,1|1,0|0,1|1,0|1,0|0,0|0,1|1,1|0,1|1,0|1,1|0,0|0,0|1,1|1,1|0,0|1,0|1,0|0,1|1,0|0,1|0,1|0,1|1
12,108892603,.,T,G,.,PASS,AC=131;AN=5096;DP=30265;AF=0.03;EAS_AF=0.07;EUR_AF=0;AFR_AF=0.04;AMR_AF=0;SAS_AF=0.01;VT=SNP;NS=2548,GT,0|0,0|0,0|0,0|0,0|0,0|0,0|0,0|0,0|0,0|0,0|0,0|0,0|1,0|0,0|0,0|0,1|0,0|0,0|0,0|0,0|0,0|1,0|0,0|0,0|0,0|0,0|0,0|0,0|0,0|0,1|0,0|1,0|0,0|1,0|0,0|0,0|0,0|0,1|0,0|1,0|0,0|0,0|1,0|0,0|0,0|0,0|1,0|0,0|1,0|0,0|0,0|0,0|1,0|0,0|0,0|0,0|0,0|0,1|0,0|0,0|0,0|1,0|0,0|1,0|0,0|0,0|1,0|0,0|0,0|0,0|0,0|0,0|0,0|0,0|0,0|0,0|0,0|0,1|0,0|0,0|0,0|0,0|0,0|0,0|0,0|0,0|0,0|0,0|0,0|0,0|0,0|0,1|0
12,108892623,.,C,T,.,PASS,AC=1363;AN=5096;DP=31857;AF=0.27;EAS_AF=0.47;EUR_AF=0.19;AFR_AF=0.12;AMR_AF=0.43;SAS_AF=0.21;VT=SNP;NS=2548,GT,0|0,0|0,0|0,0|1,1|1,0|1,1|0,1|1,0|1,1|1,1|1,1|1,0|0,0|1,0|0,1|0,0|0,0|0,1|0,0|0,0|0,0|0,0|0,0|0,0|0,0|0,0|0,0|0,1|1,0|0,0|0,0|0,0|0,1|0,1|0,0|0,1|1,1|0,0|1,0|0,1|1,0|0,1|0,1|0,0|1,1|1,0|0,0|0,1|0,1|0,1|1,1|0,1|0,0|0,0|1,0|0,0|1,0|1,0|1,1|0,0|1,1|0,0|0,1|0,0|0,0|1,0|0,1|0,0|1,1|0,1|1,0|0,1|1,0|1,0|0,0|0,1|1,1|0,0|1,0|1,1|0,0|0,0|1,1|1,1|0,0|1,0|1,0|0,1|1,0|0,1|0,1|0,0|1
12,108892800,.,G,C,.,PASS,AC=1362;AN=5096;DP=117775;AF=0.27;EAS_AF=0.47;EUR_AF=0.19;AFR_AF=0.12;AMR_AF=0.43;SAS_AF=0.21;VT=SNP;NS=2548,GT,0|0,0|0,0|0,0|1,1|1,0|1,1|0,1|1,0|1,1|1,1|1,1|1,0|0,0|1,0|0,1|0,0|0,0|0,1|0,0|0,0|0,0|0,0|0,0|0,0|0,0|0,0|0,0|0,1|1,0|0,0|0,0|0,0|0,1|0,1|0,0|0,1|1,1|0,0|1,0|0,1|1,0|0,1|0,1|0,0|1,1|1,0|0,0|0,1|0,1|0,1|1,1|0,1|0,0|0,0|1,0|0,0|1,0|1,0|1,1|0,0|1,1|0,0|0,1|0,0|0,0|1,0|0,1|0,0|1,1|0,1|1,0|0,1|1,0|1,0|0,0|0,1|1,1|0,0|1,0|1,1|0,0|0,0|1,1|1,1|0,0|1,0|1,0|0,1|1,0|0,1|0,1|0,0|1
12,108892884,.,C,T,.,PASS,AC=2;AN=5096;DP=245934;AF=0;EAS_AF=0;EUR_AF=0;AFR_AF=0;AMR_AF=0;SAS_AF=0;VT=SNP;NS=2548,GT,0|0,0|0,0|0,0|0,0|0,0|0,0|0,0|0,0|1,0|0,0|0,0|0,0|0,0|0,0|0,0|0,0|0,0|0,0|0,0|0,0|0,0|0,0|0,0|0,0|0,0|0,0|0,0|0,0|0,0|0,0|0,0|0,0|0,0|0,0|0,0|0,0|0,0|0,0|0,0|0,0|0,0|0,0|0,0|0,0|0,0|0,0|0,0|0,0|0,0|0,0|0,0|0,0|0,0|0,0|0,0|0,0|0,0|0,0|0,0|0,0|0,0|0,0|0,0|0,0|0,0|0,0|0,0|0,0|0,0|0,0|0,0|0,0|0,0|0,0|0,0|0,0|0,0|0,0|0,0|0,0|0,0|0,0|0,0|0,0|0,0|0,0|0,0|0,0|0,0|0,0|0,0|0,0|0
12,108893134,.,G,A,.,PASS,AC=250;AN=5096;DP=208131;AF=0.05;EAS_AF=0.07;EUR_AF=0;AFR_AF=0.13;AMR_AF=0.01;SAS_AF=0.01;VT=SNP;NS=2548,GT,0|0,0|0,0|0,0|0,0|0,0|0,0|0,0|0,0|0,0|0,0|0,0|0,0|1,0|0,0|0,0|0,1|0,0|0,0|0,0|0,0|0,0|1,0|0,0|0,0|0,0|0,0|0,0|0,0|0,0|0,1|0,0|1,0|0,0|1,0|0,0|0,0|0,0|0,1|0,0|1,0|0,0|0,0|1,0|0,0|0,0|0,0|1,0|0,0|1,0|0,0|0,0|0,0|1,0|0,0|0,0|0,0|0,0|0,1|0,0|0,0|0,0|1,0|0,0|1,0|0,0|0,0|1,0|0,0|0,0|0,0|0,0|0,0|0,0|0,0|0,0|0,0|0,0|0,1|0,0|0,0|0,0|0,0|0,0|0,0|0,0|0,0|0,0|0,0|0,0|0,0|0,0|0,1|0
12,108893921,.,G,T,.,PASS,AC=14;AN=5096;DP=25793;AF=0;EAS_AF=0.01;EUR_AF=0;AFR_AF=0;AMR_AF=0;SAS_AF=0;VT=SNP;NS=2548,GT,0|0,0|0,0|0,0|0,0|0,0|0,0|0,0|0,0|0,0|0,0|0,0|0,0|0,0|0,0|0,0|0,0|0,0|0,0|0,0|0,0|0,0|0,0|0,0|0,0|0,0|0,0|0,0|0,0|0,0|0,0|0,0|0,0|0,0|0,0|0,0|0,0|0,0|0,0|0,0|0,0|0,0|0,0|0,0|0,0|0,0|0,0|1,0|0,0|0,0|0,0|0,0|0,0|0,0|0,0|0,0|0,0|0,0|0,0|0,0|0,0|0,0|0,0|0,0|0,0|0,0|0,0|0,0|0,0|0,0|0,0|0,0|0,0|0,0|0,0|0,0|0,0|0,0|0,0|0,0|0,0|0,0|0,0|0,0|0,0|0,0|0,0|0,0|0,0|0,0|0,0|0,0|0,0|0
12,108894121,.,C,T,.,PASS,AC=1;AN=5096;DP=70063;AF=0;EAS_AF=0;EUR_AF=0;AFR_AF=0;AMR_AF=0;SAS_AF=0;VT=SNP;NS=2548,GT,0|0,0|0,0|0,0|0,0|0,0|0,0|0,0|0,0|0,0|0,0|0,0|0,0|0,0|0,0|0,0|0,0|0,0|0,0|0,0|0,0|0,0|0,0|0,0|0,0|0,0|0,0|0,0|0,0|0,0|0,0|0,0|0,0|0,0|0,0|0,0|0,0|0,0|0,0|0,0|0,0|0,0|0,0|0,0|0,0|0,0|0,0|0,0|0,0|0,0|0,0|0,0|0,1|0,0|0,0|0,0|0,0|0,0|0,0|0,0|0,0|0,0|0,0|0,0|0,0|0,0|0,0|0,0|0,0|0,0|0,0|0,0|0,0|0,0|0,0|0,0|0,0|0,0|0,0|0,0|0,0|0,0|0,0|0,0|0,0|0,0|0,0|0,0|0,0|0,0|0,0|0,0|0,0|0
12,108894208,.,A,G,.,PASS,AC=1358;AN=5096;DP=137466;AF=0.27;EAS_AF=0.47;EUR_AF=0.19;AFR_AF=0.12;AMR_AF=0.43;SAS_AF=0.21;VT=SNP;NS=2548,GT,0|0,0|0,0|0,0|1,1|1,0|1,1|0,1|1,0|1,1|1,1|1,1|1,0|0,0|1,0|0,1|0,0|0,0|0,1|0,0|0,0|0,0|0,0|0,0|0,0|0,0|0,0|0,0|0,1|1,0|0,0|0,0|0,0|0,1|0,1|0,0|0,1|1,1|0,0|1,0|0,1|1,0|0,1|0,1|0,0|1,1|1,0|0,0|0,1|0,1|0,1|1,1|0,1|0,0|0,0|1,0|0,0|1,0|1,0|1,1|0,0|1,1|0,0|0,1|0,0|0,0|1,0|0,1|0,0|1,1|0,1|1,0|0,1|1,0|1,0|0,0|0,1|1,1|0,0|1,0|1,1|0,0|0,0|1,1|1,1|0,0|1,0|1,0|0,1|1,0|0,1|0,1|0,0|1
12,108894894,.,T,G,.,PASS,AC=2;AN=5096;DP=18595;AF=0;EAS_AF=0;EUR_AF=0;AFR_AF=0;AMR_AF=0;SAS_AF=0;VT=SNP;NS=2548,GT,0|0,0|0,0|0,0|0,0|0,0|0,0|0,0|0,0|0,0|0,0|0,0|0,0|0,0|0,0|0,0|0,0|0,0|0,0|0,0|0,0|0,0|0,0|0,0|0,0|0,0|0,0|0,0|0,0|0,0|0,0|0,0|0,0|0,0|0,0|0,0|0,0|0,0|0,0|0,0|0,0|0,0|0,0|0,0|0,0|0,0|0,0|0,0|0,0|0,0|0,0|0,0|0,0|0,0|0,0|0,0|0,0|0,0|0,0|0,0|0,0|0,0|0,0|0,0|0,0|0,0|0,0|0,0|0,0|0,0|0,0|0,0|0,0|1,0|0,0|0,0|0,0|0,0|0,0|0,0|0,0|0,0|0,0|0,0|1,0|0,0|0,0|0,0|0,0|0,0|0,0|0,0|0,0|0
12,108895269,.,G,A,.,PASS,AC=1;AN=5096;DP=33833;AF=0;EAS_AF=0;EUR_AF=0;AFR_AF=0;AMR_AF=0;SAS_AF=0;VT=SNP;NS=2548,GT,0|0,0|0,0|0,0|0,0|0,0|0,0|0,0|0,0|0,0|0,0|0,0|0,0|0,0|0,0|0,0|0,0|0,0|0,0|0,0|0,0|0,0|0,0|0,0|0,0|0,0|0,0|0,0|0,0|0,0|0,0|0,0|0,0|0,0|0,0|0,0|0,0|0,0|0,0|0,0|0,0|0,0|0,0|0,0|0,0|0,0|0,0|0,0|0,0|0,0|0,0|0,0|0,0|0,0|0,0|0,0|0,0|0,0|0,0|0,0|0,0|0,0|0,0|0,0|0,1|0,0|0,0|0,0|0,0|0,0|0,0|0,0|0,0|0,0|0,0|0,0|0,0|0,0|0,0|0,0|0,0|0,0|0,0|0,0|0,0|0,0|0,0|0,0|0,0|0,0|0,0|0,0|0,0|0
12,108895329,.,G,A,.,PASS,AC=105;AN=5096;DP=34528;AF=0.02;EAS_AF=0.07;EUR_AF=0;AFR_AF=0.02;AMR_AF=0;SAS_AF=0.01;VT=SNP;NS=2548,GT,0|0,0|0,0|0,0|0,0|0,0|0,0|0,0|0,0|0,0|0,0|0,0|0,0|1,0|0,0|0,0|0,1|0,0|0,0|0,0|0,0|0,0|1,0|0,0|0,0|0,0|0,0|0,0|0,0|0,0|0,1|0,0|1,0|0,0|1,0|0,0|0,0|0,0|0,1|0,0|1,0|0,0|0,0|1,0|0,0|0,0|0,0|1,0|0,0|1,0|0,0|0,0|0,0|1,0|0,0|0,0|0,0|0,0|0,1|0,0|0,0|0,0|1,0|0,0|1,0|0,0|0,0|1,0|0,0|0,0|0,0|0,0|0,0|0,0|0,0|0,0|0,0|0,0|0,1|0,0|0,0|0,0|0,0|0,0|0,0|0,0|0,0|0,0|0,0|0,0|0,0|0,0|0,1|0
12,108895361,.,G,A,.,PASS,AC=58;AN=5096;DP=33848;AF=0.01;EAS_AF=0.05;EUR_AF=0;AFR_AF=0;AMR_AF=0;SAS_AF=0;VT=SNP;NS=2548,GT,0|0,0|0,0|0,0|1,0|0,0|0,0|0,0|0,0|0,0|0,0|0,0|0,0|0,0|0,0|0,0|0,0|0,0|0,0|0,0|0,0|0,0|0,0|0,0|0,0|0,0|0,0|0,0|0,0|0,0|0,0|0,0|0,0|0,0|0,0|0,0|0,0|0,0|0,0|0,0|0,0|0,0|0,0|0,1|0,0|0,1|0,0|0,0|0,0|0,0|0,0|1,0|0,0|0,0|0,0|0,0|0,0|0,0|0,0|0,0|0,0|0,0|0,0|0,0|0,0|0,0|0,0|0,0|0,0|1,1|0,0|1,0|0,0|0,0|0,0|0,0|0,0|0,0|0,0|1,0|1,1|0,0|0,0|0,0|0,0|0,0|1,0|0,0|0,0|1,0|0,0|0,0|0,0|0
12,108895443,.,C,T,.,PASS,AC=2217;AN=5096;DP=32500;AF=0.44;EAS_AF=0.47;EUR_AF=0.31;AFR_AF=0.49;AMR_AF=0.54;SAS_AF=0.37;VT=SNP;NS=2548,GT,0|0,0|0,0|0,0|1,1|1,0|1,1|0,1|1,0|1,1|1,1|1,1|1,0|0,0|1,0|0,1|0,0|0,0|0,1|0,0|0,0|0,0|0,0|0,0|0,0|0,0|0,0|0,0|0,1|1,0|0,0|0,0|0,0|0,1|0,1|0,0|0,1|1,1|0,0|1,0|0,1|1,0|0,1|0,1|0,0|1,1|1,0|0,0|0,1|0,1|0,1|1,1|0,1|0,0|0,0|1,0|0,0|1,0|1,0|1,1|0,0|1,1|0,0|0,1|0,0|0,0|1,0|0,1|0,0|1,1|0,1|1,0|0,1|1,0|1,0|0,0|0,1|1,1|0,0|1,0|1,1|0,0|0,0|1,1|1,1|0,0|1,0|1,0|0,1|1,0|0,1|0,1|0,0|1
12,108895479,.,G,A,.,PASS,AC=2;AN=5096;DP=32729;AF=0;EAS_AF=0;EUR_AF=0;AFR_AF=0;AMR_AF=0;SAS_AF=0;VT=SNP;NS=2548,GT,0|0,0|0,0|0,0|0,0|0,0|0,0|0,0|0,0|0,0|0,0|0,0|0,0|0,0|0,0|0,0|0,0|0,0|0,0|0,0|0,0|0,0|0,0|0,0|0,0|0,0|0,0|0,0|0,0|0,0|0,0|0,0|0,0|0,0|0,0|0,0|0,0|0,0|0,0|0,0|0,0|0,0|0,0|0,0|0,0|0,0|0,0|0,0|0,0|0,0|0,0|0,0|0,0|0,0|0,0|0,0|0,0|0,0|0,0|0,0|0,0|0,0|0,0|0,0|0,0|0,0|0,0|0,0|0,0|0,0|0,0|0,0|0,0|0,0|0,0|0,0|0,0|0,0|0,0|0,0|0,0|0,0|0,0|1,0|0,0|0,0|0,0|0,0|0,0|0,0|0,0|0,0|0,0|0
12,108895535,.,A,AG,.,PASS,AC=2121;AN=5096;DP=33525;AF=0.42;EAS_AF=0.47;EUR_AF=0.27;AFR_AF=0.47;AMR_AF=0.5;SAS_AF=0.36;VT=INDEL;NS=2548,GT,0|0,0|0,0|0,0|1,1|1,0|1,1|0,1|1,0|1,1|1,1|1,1|1,0|0,0|1,0|0,1|0,0|0,0|0,1|0,0|0,0|0,0|0,0|0,0|0,0|0,0|0,0|0,0|0,1|1,0|0,0|0,0|0,0|0,1|0,1|0,0|0,1|1,1|0,0|1,0|0,1|1,0|0,1|0,1|0,0|1,1|1,0|0,0|0,1|0,1|0,1|1,1|0,1|0,0|0,0|1,0|0,0|1,0|1,0|1,1|0,0|1,1|0,0|0,1|0,0|0,0|1,0|0,1|0,0|1,1|0,1|1,0|0,1|1,0|1,0|0,0|0,1|1,1|0,0|1,0|1,1|0,0|0,0|1,1|1,1|0,0|1,0|1,0|0,1|1,0|0,1|0,1|0,0|1
12,108895571,.,C,T,.,PASS,AC=30;AN=5096;DP=34683;AF=0.01;EAS_AF=0;EUR_AF=0;AFR_AF=0.02;AMR_AF=0;SAS_AF=0;VT=SNP;NS=2548,GT,0|0,0|0,0|0,0|0,0|0,0|0,0|0,0|0,0|0,0|0,0|0,0|0,0|0,0|0,0|0,0|0,0|0,0|0,0|0,0|0,0|0,0|0,0|0,0|0,0|0,0|0,0|0,0|0,0|0,0|0,0|0,0|0,0|0,0|0,0|0,0|0,0|0,0|0,0|0,0|0,0|0,0|0,0|0,0|0,0|0,0|0,0|0,0|0,0|0,0|0,0|0,0|0,0|0,0|0,0|0,0|0,0|0,0|0,0|0,0|0,0|0,0|0,0|0,0|0,0|0,0|0,0|0,0|0,0|0,1|0,0|0,0|0,0|0,0|0,0|0,0|0,0|0,0|0,0|0,0|0,0|0,0|0,0|0,0|0,0|0,0|0,0|0,0|0,0|0,0|0,0|0,0|0,0|0
12,108895617,.,A,G,.,PASS,AC=2564;AN=5096;DP=34483;AF=0.5;EAS_AF=0.54;EUR_AF=0.27;AFR_AF=0.73;AMR_AF=0.52;SAS_AF=0.38;VT=SNP;NS=2548,GT,0|0,0|0,0|0,0|1,1|1,0|1,1|0,1|1,0|1,1|1,1|1,1|1,0|1,0|1,0|0,1|0,1|0,0|0,1|0,0|0,0|0,0|1,0|0,0|0,0|0,0|0,0|0,0|0,1|1,0|0,1|0,0|1,0|0,1|1,1|0,0|0,1|1,1|0,1|1,0|1,1|1,0|0,1|1,1|0,0|1,1|1,0|1,0|0,1|1,1|0,1|1,1|0,1|1,0|0,0|1,0|0,0|1,0|1,1|1,1|0,0|1,1|1,0|0,1|1,0|0,0|1,0|1,1|0,0|1,1|0,1|1,0|0,1|1,0|1,0|0,0|0,1|1,1|0,1|1,0|1,1|0,0|0,0|1,1|1,1|0,0|1,0|1,0|0,1|1,0|0,1|0,1|0,1|1
12,108895692,.,G,A,.,PASS,AC=2119;AN=5096;DP=33476;AF=0.42;EAS_AF=0.47;EUR_AF=0.27;AFR_AF=0.47;AMR_AF=0.5;SAS_AF=0.36;VT=SNP;NS=2548,GT,0|0,0|0,0|0,0|1,1|1,0|1,1|0,1|1,0|1,1|1,1|1,1|1,0|0,0|1,0|0,1|0,0|0,0|0,1|0,0|0,0|0,0|0,0|0,0|0,0|0,0|0,0|0,0|0,1|1,0|0,0|0,0|0,0|0,1|0,1|0,0|0,1|1,1|0,0|1,0|0,1|1,0|0,1|0,1|0,0|1,1|1,0|0,0|0,1|0,1|0,1|1,1|0,1|0,0|0,0|1,0|0,0|1,0|1,0|1,1|0,0|1,1|0,0|0,1|0,0|0,0|1,0|0,1|0,0|1,1|0,1|1,0|0,1|1,0|1,0|0,0|0,1|1,1|0,0|1,0|1,1|0,0|0,0|1,1|1,1|0,0|1,0|1,0|0,1|1,0|0,1|0,1|0,0|1
12,108895799,.,A,G,.,PASS,AC=2567;AN=5096;DP=28616;AF=0.5;EAS_AF=0.54;EUR_AF=0.27;AFR_AF=0.74;AMR_AF=0.52;SAS_AF=0.38;VT=SNP;NS=2548,GT,0|0,0|0,0|0,0|1,1|1,0|1,1|0,1|1,0|1,1|1,1|1,1|1,0|1,0|1,0|0,1|0,1|0,0|0,1|0,0|0,0|0,0|1,0|0,0|0,0|0,0|0,0|0,0|0,1|1,0|0,1|0,0|1,0|0,1|1,1|0,0|0,1|1,1|0,1|1,0|1,1|1,0|0,1|1,1|0,0|1,1|1,0|1,0|0,1|1,1|0,1|1,1|0,1|1,0|0,0|1,0|0,0|1,0|1,1|1,1|0,0|1,1|1,0|0,1|1,0|0,0|1,0|1,1|0,0|1,1|0,1|1,0|0,1|1,0|1,0|0,0|0,1|1,1|0,1|1,0|1,1|0,0|0,0|1,1|1,1|0,0|1,0|1,0|0,1|1,0|0,1|0,1|0,1|1
12,108895945,.,G,A,.,PASS,AC=38;AN=5096;DP=24178;AF=0.01;EAS_AF=0.01;EUR_AF=0.01;AFR_AF=0;AMR_AF=0;SAS_AF=0.01;VT=SNP;NS=2548,GT,0|0,0|0,0|0,0|0,0|0,0|0,0|0,0|0,0|0,0|0,0|0,0|0,0|0,0|0,0|0,0|0,0|0,0|0,0|0,0|0,0|0,0|0,0|0,0|0,0|0,0|0,0|0,0|0,0|0,0|0,0|0,0|0,0|0,0|0,0|0,0|0,0|0,0|0,0|0,0|0,0|0,0|0,0|0,0|0,0|0,0|0,0|0,0|0,0|0,0|0,0|0,0|0,0|0,0|0,0|0,0|0,0|1,0|0,0|0,0|0,0|0,0|0,0|0,0|0,0|0,0|0,0|0,0|0,0|0,0|0,0|0,0|0,0|0,0|0,0|0,0|0,0|0,0|0,0|0,0|0,0|0,0|0,0|0,0|0,0|0,0|0,0|0,0|0,0|0,0|0,1|0,0|0,0|0
12,108896034,.,T,TA,.,PASS,AC=2099;AN=5096;DP=22059;AF=0.41;EAS_AF=0.46;EUR_AF=0.27;AFR_AF=0.47;AMR_AF=0.51;SAS_AF=0.36;VT=INDEL;NS=2548,GT,0|0,0|0,0|0,0|1,1|1,0|1,1|0,1|1,0|1,1|1,1|1,1|1,0|0,0|1,0|0,1|0,0|0,0|0,1|0,0|0,0|0,0|0,0|0,0|0,0|0,0|0,0|0,0|0,1|1,0|0,0|0,0|0,0|0,1|0,1|0,0|0,1|1,1|0,0|1,0|0,1|1,0|0,1|0,1|0,0|1,1|1,0|0,0|0,1|0,1|0,1|1,1|0,1|0,0|0,0|1,0|0,0|1,0|1,0|1,1|0,0|1,1|0,0|0,1|0,0|0,0|1,0|0,1|0,0|1,1|0,1|1,0|0,1|1,0|1,0|0,0|0,1|1,1|0,0|1,0|1,1|0,0|0,0|1,1|1,1|0,0|1,0|1,0|0,1|1,0|0,1|0,1|0,0|1
12,108896219,.,C,T,.,PASS,AC=1366;AN=5096;DP=17195;AF=0.27;EAS_AF=0.48;EUR_AF=0.2;AFR_AF=0.12;AMR_AF=0.43;SAS_AF=0.21;VT=SNP;NS=2548,GT,0|0,0|0,0|0,0|1,1|1,0|1,1|0,1|1,0|1,1|1,1|1,1|1,0|0,0|1,0|0,1|0,0|0,0|0,1|0,0|0,0|0,0|0,0|0,0|0,0|0,0|0,0|0,0|0,1|1,0|0,0|0,0|0,0|0,1|0,1|0,0|0,1|1,1|0,0|1,0|0,1|1,0|0,1|0,1|0,0|1,1|1,0|0,0|0,1|0,1|0,1|1,1|0,1|0,0|0,0|1,0|0,0|0,0|1,0|1,1|0,0|1,1|0,0|0,1|0,0|0,0|1,0|0,1|0,0|1,1|0,1|1,0|0,1|1,0|1,0|0,0|0,1|1,1|0,0|1,0|1,1|0,0|0,0|1,1|1,1|0,0|1,0|1,0|0,1|1,0|0,1|0,1|0,0|1
12,108896246,.,AC,A,.,PASS,AC=50;AN=5096;DP=16201;AF=0.01;EAS_AF=0.05;EUR_AF=0;AFR_AF=0;AMR_AF=0;SAS_AF=0;VT=INDEL;NS=2548,GT,0|1,0|0,0|0,0|0,0|0,0|0,0|0,0|0,0|0,0|0,0|0,0|0,0|0,0|0,0|0,0|0,0|0,0|0,0|1,0|0,0|1,0|0,1|0,0|0,0|0,0|0,0|0,0|0,0|0,0|0,0|0,0|0,0|0,0|0,0|0,0|1,0|0,0|0,0|0,0|0,0|0,0|0,0|0,0|0,1|0,0|0,0|0,0|0,0|0,0|0,0|0,0|0,0|0,0|0,0|0,0|0,0|0,0|0,0|0,0|0,1|0,0|0,0|0,0|0,0|0,0|0,0|0,0|0,0|0,0|0,0|0,0|0,0|0,1|0,0|0,0|0,0|0,0|0,0|0,1|0,0|0,0|0,0|0,0|0,0|0,0|0,0|0,0|0,0|0,0|0,0|0,0|0,0|0
12,108896292,.,A,G,.,PASS,AC=2140;AN=5096;DP=14999;AF=0.42;EAS_AF=0.48;EUR_AF=0.27;AFR_AF=0.48;AMR_AF=0.5;SAS_AF=0.36;VT=SNP;NS=2548,GT,0|0,0|0,0|0,0|1,1|1,0|1,1|0,1|1,0|1,1|1,1|1,1|1,0|0,0|1,0|0,1|0,0|0,0|0,1|0,0|0,0|0,0|0,0|0,0|0,0|0,0|0,0|0,0|0,1|1,0|0,0|0,0|0,0|0,1|0,1|0,0|0,1|1,1|0,0|1,0|0,1|1,0|0,1|0,1|0,0|1,1|1,0|0,0|0,1|0,1|0,1|1,1|0,1|0,0|0,0|1,0|0,0|0,0|1,0|1,1|0,0|1,1|0,0|0,1|0,0|0,0|1,0|0,1|0,0|1,1|0,1|1,0|0,1|1,0|1,0|0,0|0,1|1,1|0,0|1,0|1,1|0,0|0,0|1,1|1,1|0,0|1,0|1,0|0,1|1,0|0,1|0,1|0,0|1
12,108896305,.,C,T,.,PASS,AC=4;AN=5096;DP=15445;AF=0;EAS_AF=0;EUR_AF=0;AFR_AF=0;AMR_AF=0;SAS_AF=0;VT=SNP;NS=2548,GT,0|0,0|0,0|0,0|0,0|0,0|0,0|0,0|0,0|0,0|0,0|1,0|0,0|0,0|0,0|0,0|0,0|0,0|0,0|0,0|0,0|0,0|0,0|0,0|0,0|0,0|0,0|0,0|0,0|0,0|0,0|0,0|0,0|0,0|0,0|0,0|0,0|0,0|0,0|0,0|0,0|0,0|0,0|0,0|0,0|0,0|0,0|0,0|0,0|0,0|0,0|0,0|0,0|0,0|0,0|0,0|0,0|0,0|0,0|0,0|0,0|0,0|0,0|0,0|0,0|0,0|0,0|0,0|0,0|0,0|0,0|0,0|0,0|0,0|0,0|0,0|0,0|0,0|0,0|0,0|0,0|0,0|0,0|0,0|0,0|0,0|0,0|0,0|0,0|0,0|0,0|0,0|0,0|0
12,108896342,.,GA,G,.,PASS,AC=28;AN=5096;DP=17871;AF=0.01;EAS_AF=0.01;EUR_AF=0.01;AFR_AF=0;AMR_AF=0;SAS_AF=0;VT=INDEL;NS=2548,GT,0|0,0|0,1|0,0|0,0|0,0|0,0|0,0|0,0|0,0|0,0|0,0|0,0|0,0|0,0|0,0|0,0|0,0|0,0|0,0|0,0|0,0|0,0|0,0|0,0|0,0|0,0|0,0|0,0|0,0|0,0|0,0|0,0|0,0|0,0|0,0|0,0|0,0|0,0|0,0|0,0|0,0|0,0|0,0|0,0|0,0|0,0|0,0|0,0|0,0|0,0|0,0|0,0|0,0|0,0|0,0|0,0|0,0|0,0|0,0|0,0|0,0|0,0|0,0|0,0|0,0|0,0|0,0|0,0|0,0|0,0|0,0|0,0|0,0|0,0|0,0|0,0|0,0|0,0|0,0|0,0|0,0|0,0|0,0|0,0|0,0|0,0|0,0|0,0|0,0|0,0|0,0|0,0|0
12,108896409,.,G,A,.,PASS,AC=1369;AN=5096;DP=12094;AF=0.27;EAS_AF=0.48;EUR_AF=0.2;AFR_AF=0.12;AMR_AF=0.43;SAS_AF=0.21;VT=SNP;NS=2548,GT,0|0,0|0,0|0,0|1,1|1,0|1,1|0,1|1,0|1,1|1,1|1,1|1,0|0,0|1,0|0,1|0,0|0,0|0,1|0,0|0,0|0,0|0,0|0,0|0,0|0,0|0,0|0,0|0,1|1,0|0,0|0,0|0,0|0,1|0,1|0,0|0,1|1,1|0,0|1,0|0,1|1,0|0,1|0,1|0,0|1,1|1,0|0,0|0,1|0,1|0,1|1,1|0,1|0,0|0,0|1,0|0,0|0,0|1,0|1,1|0,0|1,1|0,0|0,1|0,0|0,0|1,0|0,1|0,0|1,1|0,1|1,0|0,1|1,0|1,0|0,0|0,1|1,1|0,0|1,0|1,1|0,0|0,0|1,1|1,1|0,0|1,0|1,0|0,1|1,0|0,1|0,1|0,0|1
12,108896442,.,A,AAAT,.,PASS,AC=433;AN=5096;DP=20444;AF=0.08;EAS_AF=0.14;EUR_AF=0.04;AFR_AF=0.06;AMR_AF=0.14;SAS_AF=0.07;VT=INDEL;NS=2548,GT,0|0,0|0,0|0,0|1,1|0,0|1,0|0,0|0,0|0,0|1,0|0,0|0,0|0,0|0,0|0,0|0,1|0,0|0,0|0,0|0,0|0,0|0,0|0,0|0,0|0,0|0,0|0,0|0,1|0,0|0,0|0,0|0,0|0,0|1,1|0,0|0,0|1,0|0,0|0,0|0,0|0,0|0,0|0,1|0,0|0,0|0,0|0,0|0,0|0,1|0,0|0,1|0,0|0,0|0,0|0,0|0,0|0,0|1,0|1,0|0,0|0,0|1,0|0,0|0,0|0,0|1,0|0,0|0,0|0,0|0,1|0,0|0,0|0,0|1,0|0,0|0,1|0,0|0,1|0,0|0,0|0,0|0,0|1,1|0,1|0,0|1,0|0,0|0,0|0,0|0,0|0,0|0,0|0
12,108896454,.,A,T,.,PASS,AC=2;AN=5096;DP=20131;AF=0;EAS_AF=0;EUR_AF=0;AFR_AF=0;AMR_AF=0;SAS_AF=0;VT=SNP;NS=2548,GT,0|0,0|0,0|0,0|0,0|0,0|0,0|0,0|0,0|0,0|0,0|0,0|0,0|0,0|0,0|0,0|0,0|0,0|0,0|0,0|0,0|0,0|0,0|0,0|0,0|0,0|0,0|0,1|0,0|0,0|0,0|0,0|0,0|0,0|0,0|0,0|0,0|0,0|0,0|0,0|0,0|0,0|0,0|0,0|0,0|0,0|0,0|0,0|0,0|0,0|0,0|0,0|0,0|0,0|0,0|0,0|0,0|0,0|0,0|0,0|0,0|0,0|0,0|0,0|0,0|0,0|0,0|0,0|0,0|0,0|0,0|0,0|0,0|0,0|0,0|0,0|0,0|0,0|0,0|0,0|0,0|0,0|0,0|0,0|0,0|0,0|0,0|0,0|0,0|0,0|0,0|0,0|0,0|0
12,108897036,.,C,T,.,PASS,AC=1;AN=5096;DP=337462;AF=0;EAS_AF=0;EUR_AF=0;AFR_AF=0;AMR_AF=0;SAS_AF=0;EX_TARGET;VT=SNP;NS=2548,GT,0|0,0|0,0|0,0|0,0|0,0|0,0|0,0|0,0|0,0|0,0|0,0|0,0|0,0|0,0|0,0|0,0|0,0|0,0|0,0|0,0|0,0|0,0|0,0|0,0|0,0|0,0|0,0|0,0|0,0|0,0|0,0|0,0|0,0|0,0|0,0|0,0|0,0|0,0|0,0|0,0|0,0|0,0|0,0|0,0|0,0|0,0|0,0|0,0|0,0|0,0|0,0|0,0|0,0|0,0|0,0|0,0|0,0|0,0|0,0|0,0|0,0|1,0|0,0|0,0|0,0|0,0|0,0|0,0|0,0|0,0|0,0|0,0|0,0|0,0|0,0|0,0|0,0|0,0|0,0|0,0|0,0|0,0|0,0|0,0|0,0|0,0|0,0|0,0|0,0|0,0|0,0|0,0|0
12,108897591,.,G,A,.,PASS,AC=8;AN=5096;DP=27181;AF=0;EAS_AF=0.01;EUR_AF=0;AFR_AF=0;AMR_AF=0;SAS_AF=0;VT=SNP;NS=2548,GT,0|0,0|0,0|0,0|0,0|0,0|0,0|0,0|0,0|0,0|0,0|0,0|0,0|0,0|0,0|0,0|0,0|0,0|0,0|0,0|0,0|0,0|0,0|0,0|0,0|0,0|0,0|0,0|0,0|0,0|0,0|0,0|0,0|0,0|0,0|0,0|0,0|0,0|0,0|0,0|0,0|0,0|0,0|0,0|0,0|0,0|0,0|0,0|0,0|0,0|0,0|0,0|0,0|0,0|0,0|0,0|0,0|0,0|0,0|0,0|0,1|0,0|0,0|0,0|0,0|0,0|0,0|0,0|0,0|0,0|0,0|0,0|0,0|0,0|0,0|0,0|0,0|0,0|0,0|0,0|0,0|0,0|0,0|0,0|0,0|0,0|0,0|0,0|0,0|0,0|0,0|0,0|0,0|0
12,108897946,.,CA,C,.,PASS,AC=1224;AN=5096;DP=23483;AF=0.24;EAS_AF=0.35;EUR_AF=0.18;AFR_AF=0.18;AMR_AF=0.41;SAS_AF=0.15;VT=INDEL;NS=2548,GT,0|0,0|0,0|0,0|1,0|0,0|1,0|0,1|1,0|1,0|0,0|1,1|0,0|0,0|1,0|0,1|0,0|0,0|0,1|0,0|0,0|0,0|0,0|0,1|0,0|0,1|0,0|0,0|0,0|0,0|0,0|0,0|0,0|0,0|0,1|0,0|0,1|0,1|0,0|1,0|0,0|0,1|0,0|0,1|0,0|1,1|1,0|0,0|0,1|0,1|0,1|1,1|0,0|1,0|1,0|1,1|0,0|0,0|1,0|0,0|0,0|0,0|0,0|0,1|0,0|0,0|1,0|0,1|0,0|1,1|0,0|1,1|0,0|0,0|0,0|0,0|0,1|0,1|0,0|1,0|1,1|0,0|0,0|0,0|0,0|0,0|1,0|1,1|0,0|1,0|0,0|0,1|0,0|1
12,108898098,.,G,A,.,PASS,AC=2060;AN=5096;DP=31818;AF=0.4;EAS_AF=0.47;EUR_AF=0.3;AFR_AF=0.39;AMR_AF=0.55;SAS_AF=0.37;VT=SNP;NS=2548,GT,0|0,0|0,0|0,0|1,1|1,0|1,1|0,1|1,0|1,1|1,1|1,1|1,0|0,0|1,0|0,1|0,0|0,0|0,1|0,0|0,0|0,0|0,0|0,0|0,0|0,0|0,0|0,0|0,1|1,0|0,0|0,0|0,0|0,1|0,1|0,0|0,1|1,1|0,0|1,0|0,0|1,0|0,1|0,1|0,0|1,1|1,0|0,0|0,1|0,1|0,1|1,1|0,1|0,0|0,0|1,0|0,0|0,0|1,0|1,1|0,0|1,0|0,0|0,1|0,0|0,0|1,0|0,1|0,0|1,1|0,1|1,0|0,1|1,0|1,1|0,0|0,1|1,1|0,0|1,0|1,1|0,0|0,0|0,1|1,1|0,0|1,0|1,0|0,1|1,0|0,1|0,1|0,0|1
12,108898384,.,T,C,.,PASS,AC=1;AN=5096;DP=47710;AF=0;EAS_AF=0;EUR_AF=0;AFR_AF=0;AMR_AF=0;SAS_AF=0;VT=SNP;NS=2548,GT,0|0,0|0,0|0,0|0,0|0,0|0,0|0,0|0,0|0,0|0,0|0,0|0,0|0,0|0,0|0,0|0,0|0,0|0,0|0,0|0,0|0,0|0,0|0,0|0,0|0,0|0,0|0,0|0,0|0,0|0,0|0,0|0,0|0,0|0,0|0,0|0,0|0,0|0,0|0,0|0,0|0,0|0,0|0,0|0,0|0,0|0,0|0,0|0,0|0,0|0,0|0,0|0,0|0,0|0,0|0,0|0,0|0,0|0,0|0,0|0,0|0,0|0,0|0,0|0,0|0,0|0,0|0,0|0,0|0,0|0,0|0,0|0,0|0,0|0,0|0,0|0,0|1,0|0,0|0,0|0,0|0,0|0,0|0,0|0,0|0,0|0,0|0,0|0,0|0,0|0,0|0,0|0,0|0
12,108898654,.,C,T,.,PASS,AC=386;AN=5096;DP=323522;AF=0.08;EAS_AF=0.15;EUR_AF=0.05;AFR_AF=0;AMR_AF=0.04;SAS_AF=0.15;EX_TARGET;VT=SNP;NS=2548,GT,0|0,0|0,0|0,0|0,1|1,0|0,1|0,0|0,0|0,1|1,1|0,0|1,0|0,0|0,0|0,0|0,0|0,0|0,0|0,0|0,0|0,0|0,0|0,0|0,0|0,0|0,0|0,0|0,1|1,0|0,0|0,0|0,0|0,1|0,0|0,0|0,0|1,1|0,0|0,0|0,0|1,0|0,1|0,0|0,0|1,0|0,0|0,0|0,0|0,0|0,0|0,0|0,1|0,0|0,0|0,0|0,0|0,0|0,0|1,1|0,0|1,0|0,0|0,0|0,0|0,0|0,0|0,0|0,0|0,0|0,1|0,0|0,1|1,0|1,1|0,0|0,0|1,0|0,0|0,0|0,0|0,0|0,0|0,1|1,1|0,0|0,0|0,0|0,1|0,0|0,1|0,0|0,0|0
12,108899073,.,T,C,.,PASS,AC=7;AN=5096;DP=43020;AF=0;EAS_AF=0.01;EUR_AF=0;AFR_AF=0;AMR_AF=0;SAS_AF=0;VT=SNP;NS=2548,GT,0|0,0|0,0|0,0|0,0|0,0|0,0|0,0|0,0|0,0|0,0|0,0|0,0|0,0|0,0|0,0|0,0|0,0|0,0|0,0|0,0|0,0|0,0|0,0|0,0|0,0|0,0|0,0|0,0|0,0|0,0|0,0|0,0|0,0|0,0|0,0|0,0|0,0|0,0|0,0|0,0|0,0|0,0|0,0|0,0|0,0|0,0|0,0|0,0|0,0|0,0|0,0|0,0|0,0|0,0|0,0|0,0|0,0|0,0|0,0|0,0|0,0|0,0|0,0|0,0|0,0|0,0|0,0|0,0|0,0|0,0|0,0|0,0|0,0|0,0|0,0|0,0|0,0|0,0|0,0|0,0|0,0|0,1|0,0|0,0|0,0|0,0|0,0|0,0|0,0|0,0|0,0|0,0|0
12,108899544,.,A,G,.,PASS,AC=2095;AN=5096;DP=88836;AF=0.41;EAS_AF=0.47;EUR_AF=0.3;AFR_AF=0.42;AMR_AF=0.55;SAS_AF=0.37;VT=SNP;NS=2548,GT,0|0,0|0,0|0,0|1,1|1,0|1,1|0,1|1,0|1,1|1,1|1,1|1,0|0,0|1,0|0,1|0,0|0,0|0,1|0,0|0,0|0,0|0,0|0,0|0,0|0,0|0,0|0,0|0,1|1,0|0,0|0,0|0,0|0,1|0,1|0,0|0,1|1,1|0,0|1,0|0,0|1,0|0,1|0,1|0,0|1,1|1,0|0,0|0,1|0,1|0,1|1,1|0,1|0,0|0,0|1,0|0,0|0,0|1,0|1,1|0,0|1,0|0,0|0,1|0,0|0,0|1,0|0,1|0,0|1,1|0,1|1,0|0,1|1,0|1,1|0,0|0,1|1,1|0,0|1,0|1,1|0,0|0,0|0,1|1,1|0,0|1,0|1,0|0,1|1,0|0,1|0,1|0,0|1
12,108899607,.,T,C,.,PASS,AC=102;AN=5096;DP=57971;AF=0.02;EAS_AF=0.07;EUR_AF=0;AFR_AF=0.02;AMR_AF=0;SAS_AF=0.01;VT=SNP;NS=2548,GT,0|0,0|0,0|0,0|0,0|0,0|0,0|0,0|0,0|0,0|0,0|0,0|0,0|1,0|0,0|0,0|0,1|0,0|0,0|0,0|0,0|0,0|1,0|0,0|0,0|0,0|0,0|0,0|0,0|0,0|0,1|0,0|1,0|0,0|1,0|0,0|0,0|0,0|0,1|0,0|1,0|0,0|0,0|1,0|0,0|0,0|0,0|1,0|0,0|1,0|0,0|0,0|0,0|1,0|0,0|0,0|0,0|0,0|0,1|0,0|0,0|0,0|1,0|0,0|1,0|0,0|0,0|1,0|0,0|0,0|0,0|0,0|0,0|0,0|0,0|0,0|0,0|0,0|0,1|0,0|0,0|0,0|0,0|0,0|0,0|0,0|0,0|0,0|0,0|0,0|0,0|0,0|0,1|0
12,108900275,.,G,A,.,PASS,AC=2264;AN=5096;DP=82794;AF=0.44;EAS_AF=0.47;EUR_AF=0.3;AFR_AF=0.54;AMR_AF=0.55;SAS_AF=0.37;VT=SNP;NS=2548,GT,0|0,0|0,0|0,0|1,1|1,0|1,1|0,1|1,0|1,1|1,1|1,1|1,0|0,0|1,0|0,1|0,0|0,0|0,1|0,0|0,0|0,0|0,0|0,0|0,0|0,0|0,0|0,0|0,1|1,0|0,0|0,0|0,0|0,1|0,1|0,0|0,1|1,1|0,0|1,0|0,0|1,0|0,1|0,1|0,0|1,1|1,0|0,0|0,1|0,1|0,1|1,1|0,1|0,0|0,0|1,0|0,0|0,0|1,0|1,1|0,0|1,0|0,0|0,1|0,0|0,0|1,0|0,1|0,0|1,1|0,1|1,0|0,1|1,0|1,1|0,0|0,1|1,1|0,0|1,0|1,1|0,0|0,0|0,1|1,1|0,0|1,0|1,0|0,1|1,0|0,1|0,1|0,0|1
12,108900342,.,C,T,.,PASS,AC=1;AN=5096;DP=181327;AF=0;EAS_AF=0;EUR_AF=0;AFR_AF=0;AMR_AF=0;SAS_AF=0;VT=SNP;NS=2548,GT,0|0,0|0,0|0,0|0,0|0,0|0,0|0,0|0,0|0,0|0,0|0,0|0,0|0,0|0,0|0,0|0,0|0,0|0,0|0,0|0,0|0,0|0,0|0,0|0,0|0,0|0,0|0,0|0,0|0,0|0,0|0,0|0,0|0,0|0,0|0,0|0,0|0,0|0,0|0,0|0,0|0,0|0,0|0,0|0,0|0,0|0,0|0,0|0,0|0,0|0,0|0,0|0,0|0,0|0,0|0,0|0,0|0,0|0,0|0,0|0,0|0,0|0,0|0,0|0,0|0,0|0,0|0,0|0,0|0,0|0,0|0,0|0,0|0,0|0,1|0,0|0,0|0,0|0,0|0,0|0,0|0,0|0,0|0,0|0,0|0,0|0,0|0,0|0,0|0,0|0,0|0,0|0,0|0
12,108900434,.,G,A,.,PASS,AC=2;AN=5096;DP=329677;AF=0;EAS_AF=0;EUR_AF=0;AFR_AF=0;AMR_AF=0;SAS_AF=0;EX_TARGET;VT=SNP;NS=2548,GT,0|0,0|0,0|0,0|0,0|0,0|0,0|0,0|0,0|0,0|0,0|0,0|0,0|0,0|0,0|0,0|0,0|0,0|0,0|0,0|0,0|0,0|0,0|0,0|0,0|0,0|0,0|0,0|0,0|0,0|0,0|0,0|0,0|0,0|0,0|0,0|0,0|0,0|0,0|0,0|0,0|0,0|0,0|0,0|0,0|0,0|0,0|0,0|0,0|0,0|0,0|0,0|0,0|0,0|0,0|0,0|0,0|0,1|0,0|0,0|0,0|0,0|0,0|0,0|0,0|0,0|0,0|0,0|0,0|0,0|0,0|0,0|0,0|0,0|0,0|0,0|0,0|0,0|0,0|0,0|0,0|0,0|0,0|0,0|0,0|0,0|0,0|0,0|0,0|0,1|0,0|0,0|0,0|0
12,108900929,.,C,A,.,PASS,AC=6;AN=5096;DP=26655;AF=0;EAS_AF=0.01;EUR_AF=0;AFR_AF=0;AMR_AF=0;SAS_AF=0;VT=SNP;NS=2548,GT,0|0,0|0,0|0,0|0,0|0,0|0,0|0,0|0,0|0,0|0,0|0,0|0,0|0,0|0,0|0,0|0,0|0,0|0,0|0,0|0,0|0,0|0,0|0,0|0,0|0,0|0,0|0,0|0,0|0,0|0,0|0,0|0,0|0,0|0,0|0,0|0,0|0,0|0,0|0,0|0,0|0,0|0,0|0,0|0,0|0,0|0,0|0,0|0,0|0,0|0,0|0,0|0,0|0,0|0,0|0,0|0,0|0,0|0,0|0,0|0,1|0,0|0,0|0,0|0,0|0,0|0,0|0,0|0,0|0,0|0,0|0,0|0,0|0,0|0,0|0,0|0,0|0,0|0,0|0,0|0,0|0,0|0,0|0,0|0,0|0,0|0,0|0,0|0,0|0,0|0,0|0,0|0,0|0
12,108900943,.,T,C,.,PASS,AC=1535;AN=5096;DP=26553;AF=0.3;EAS_AF=0.46;EUR_AF=0.19;AFR_AF=0.22;AMR_AF=0.44;SAS_AF=0.26;VT=SNP;NS=2548,GT,0|0,0|0,0|0,0|1,1|1,0|1,1|0,1|1,0|1,1|1,1|1,1|1,0|0,0|1,0|0,1|0,0|0,0|0,1|0,0|0,0|0,0|0,0|0,0|0,0|0,0|0,0|0,0|0,1|1,0|0,0|0,0|0,0|0,1|0,1|0,0|0,1|1,1|0,0|1,0|0,0|1,0|0,1|0,1|0,0|1,1|1,0|0,0|0,1|0,1|0,1|1,1|0,1|0,0|0,0|1,0|0,0|0,0|1,0|1,1|0,0|1,0|0,0|0,1|0,0|0,0|1,0|0,1|0,0|1,1|0,1|1,0|0,1|1,0|1,1|0,0|0,1|1,1|0,0|1,0|1,1|0,0|0,0|0,1|1,1|0,0|1,0|1,0|0,1|1,0|0,1|0,1|0,0|1
