#CHROM,POS,ID,REF,ALT,QUAL,FILTER,INFO,FORMAT,HG01269,HG01498,HG01356,HG01125,HG01342,HG01375,HG01383,HG01479,HG01447,HG01121,HG01488,HG01468,HG01345,HG01550,HG01136,HG01112,HG01140,HG01369,HG01250,HG01431,HG01384,HG01280,HG01390,HG01485,HG01257,HG01491,HG01365,HG01357,HG01348,HG01142,HG01432,HG01456,HG01133,HG01148,HG01260,HG01360,HG01455,HG01139,HG01275,HG01130,HG01149,HG01556,HG01378,HG01465,HG01440,HG01489,HG01372,HG01443,HG01389,HG01486,HG01254,HG01497,HG01551,HG01122,HG01461,HG01359,HG01354,HG01363,HG01134,HG01350,HG01277,HG01494,HG01464,HG01351,HG01435,HG01131,HG01495,HG01259,HG01353,HG01284,HG01362,HG01377,HG01271,HG01366,HG01272,HG01119,HG01281,HG01251,HG01441,HG01438,HG01444,HG01256,HG01344,HG01253,HG01374,HG01459,HG01113,HG01474,HG01462,HG01341,HG01124,HG01437,HG01492,HG01137
12,108880486,.,A,T,.,PASS,AC=2;AN=5096;DP=23854;AF=0;EAS_AF=0;EUR_AF=0;AFR_AF=0;AMR_AF=0;SAS_AF=0;VT=SNP;NS=2548,GT,0|0,0|0,0|0,0|0,0|0,0|0,0|0,0|0,0|0,0|0,0|0,0|0,0|0,0|0,0|1,0|0,0|0,0|0,0|0,0|0,0|0,0|0,0|0,0|0,0|0,0|0,0|0,0|0,0|0,0|0,0|0,0|0,0|0,0|0,0|0,0|0,0|0,0|0,0|0,0|0,0|0,0|0,0|0,0|0,0|0,0|0,0|0,0|0,0|0,0|0,0|0,0|0,0|0,0|0,0|0,0|0,0|0,0|0,0|0,0|0,0|0,0|0,0|0,0|0,0|0,0|0,0|0,0|0,0|0,0|0,0|0,0|0,0|0,0|0,0|0,0|0,0|0,0|0,0|0,0|0,0|0,0|0,0|0,0|0,0|0,0|0,0|0,0|0,0|0,0|0,0|0,0|0,0|0,0|0
12,108880562,.,G,T,.,PASS,AC=7;AN=5096;DP=21510;AF=0;EAS_AF=0;EUR_AF=0.01;AFR_AF=0;AMR_AF=0;SAS_AF=0;VT=SNP;NS=2548,GT,0|0,0|0,0|0,0|0,0|0,0|0,0|0,0|0,0|0,0|0,0|0,0|0,0|0,0|0,0|0,0|0,0|0,0|0,0|0,0|0,0|0,0|0,0|0,0|0,0|0,0|0,0|0,0|0,0|0,0|0,0|0,0|0,0|0,0|0,0|0,0|0,0|0,0|0,0|0,0|0,0|0,0|0,0|0,0|0,0|0,0|0,0|0,0|0,0|0,0|0,0|0,0|0,0|0,0|0,0|0,0|0,0|0,0|0,0|0,0|0,0|0,0|0,0|0,0|0,0|0,0|0,0|0,1|0,0|0,0|0,0|0,0|0,0|0,0|0,0|0,0|0,0|0,0|0,0|0,0|0,0|0,0|0,0|0,0|0,0|0,0|0,0|0,0|0,0|0,0|0,0|0,0|0,0|0,0|0
12,108880633,.,T,TAAC,.,PASS,AC=3342;AN=5096;DP=21297;AF=0.66;EAS_AF=0.76;EUR_AF=0.55;AFR_AF=0.67;AMR_AF=0.71;SAS_AF=0.61;VT=INDEL;NS=2548,GT,1|0,1|1,1|0,0|0,1|0,1|0,1|0,0|0,1|1,1|1,1|0,1|1,1|1,1|1,1|0,1|1,1|1,0|1,1|1,1|0,0|1,0|1,1|1,1|0,0|1,1|0,0|1,1|0,0|0,1|1,1|1,1|1,1|1,1|0,1|0,0|1,1|0,1|0,1|1,1|0,1|1,1|1,0|1,1|1,1|1,1|1,1|1,1|1,0|1,0|0,1|1,0|0,1|1,1|1,1|1,0|1,0|1,1|1,1|1,1|1,0|1,1|1,1|1,0|1,0|1,1|1,1|1,1|1,1|0,1|1,0|1,0|1,1|1,1|0,0|1,1|1,0|0,0|0,1|1,0|1,1|1,0|1,1|1,1|1,1|1,1|1,0|1,1|0,1|0,0|1,1|0,1|0,1|1,1|1
12,108880714,.,A,AT,.,PASS,AC=1141;AN=5096;DP=21109;AF=0.22;EAS_AF=0.31;EUR_AF=0.1;AFR_AF=0.22;AMR_AF=0.37;SAS_AF=0.18;VT=INDEL;NS=2548,GT,1|0,0|0,1|0,0|0,0|0,1|0,0|0,0|0,1|1,0|1,0|0,0|0,0|0,1|1,0|0,0|0,0|1,0|0,1|1,0|0,0|1,0|0,1|1,1|0,0|0,0|0,0|1,0|0,0|0,0|1,0|1,0|1,0|0,1|0,0|0,0|0,0|0,0|0,0|0,1|0,1|0,0|0,0|0,0|1,0|0,0|1,0|0,0|1,0|0,0|0,0|1,0|0,0|1,0|1,1|0,0|1,0|1,1|0,1|1,0|1,0|1,1|1,1|0,0|0,0|0,1|0,1|1,0|0,1|0,0|0,0|1,0|0,1|0,1|0,0|1,0|1,0|0,0|0,0|1,0|0,0|0,0|0,0|0,0|1,0|1,0|1,0|1,0|0,0|0,0|1,0|0,1|0,0|1,1|0
12,108880764,.,G,A,.,PASS,AC=837;AN=5096;DP=21486;AF=0.16;EAS_AF=0.31;EUR_AF=0.09;AFR_AF=0.03;AMR_AF=0.36;SAS_AF=0.15;VT=SNP;NS=2548,GT,1|0,0|0,1|0,0|0,0|0,1|0,0|0,0|0,1|1,0|1,0|0,0|0,0|0,1|1,0|0,0|0,0|1,0|0,1|1,0|0,0|1,0|0,1|1,1|0,0|0,0|0,0|1,0|0,0|0,0|1,0|1,0|1,0|0,1|0,0|0,0|0,0|0,0|0,0|0,0|0,1|0,0|0,0|0,0|1,0|0,0|1,0|0,0|1,0|0,0|0,0|1,0|0,0|1,0|1,1|0,0|1,0|1,1|0,1|1,0|1,0|1,1|1,0|0,0|0,0|0,1|0,1|1,0|0,1|0,0|0,0|1,0|0,1|0,1|0,0|0,0|1,0|0,0|0,0|1,0|0,0|0,0|0,0|0,0|1,0|1,0|1,0|1,0|0,0|0,0|1,0|0,1|0,0|1,1|0
12,108881003,.,C,T,.,PASS,AC=905;AN=5096;DP=22455;AF=0.18;EAS_AF=0.3;EUR_AF=0.11;AFR_AF=0.04;AMR_AF=0.37;SAS_AF=0.17;VT=SNP;NS=2548,GT,1|0,0|0,1|0,0|0,0|0,1|0,0|0,0|0,1|1,0|1,0|0,0|0,0|1,1|1,0|0,0|0,0|1,0|0,1|1,0|0,0|1,0|0,1|1,1|0,0|0,0|0,0|1,0|0,0|0,0|1,0|1,0|1,0|0,1|0,0|0,0|0,0|0,0|0,0|0,0|0,1|0,0|0,0|0,1|1,0|0,0|1,0|0,0|1,0|0,0|0,0|1,0|0,0|1,0|1,1|0,0|1,0|1,1|0,1|1,0|1,0|1,1|1,0|0,0|0,0|0,1|1,1|1,0|0,1|0,0|0,0|1,0|0,1|0,1|0,0|0,0|1,0|0,0|0,0|1,0|0,0|0,0|1,0|0,0|1,0|1,0|1,0|1,0|0,0|0,0|1,0|0,1|0,0|1,1|0
12,108881023,.,G,A,.,PASS,AC=446;AN=5096;DP=21804;AF=0.09;EAS_AF=0.2;EUR_AF=0.05;AFR_AF=0.04;AMR_AF=0.03;SAS_AF=0.1;VT=SNP;NS=2548,GT,0|0,0|0,0|0,0|1,0|0,0|0,0|0,0|0,0|0,0|0,0|0,0|0,0|0,0|0,0|1,0|0,0|0,0|0,0|0,0|0,0|0,0|0,0|0,0|0,0|0,1|0,0|0,0|0,0|0,0|0,0|0,0|0,0|0,0|0,0|0,1|0,0|0,0|0,0|0,0|0,0|0,0|0,0|0,0|0,0|0,0|0,0|0,0|0,0|0,0|1,0|0,0|0,0|0,0|0,0|0,0|0,1|0,0|0,0|0,0|0,0|0,0|0,0|0,0|0,0|0,0|0,0|0,0|0,0|0,0|0,0|0,0|0,0|0,0|0,0|0,0|0,0|0,0|0,0|0,0|0,0|0,0|0,0|0,0|0,0|0,0|0,0|0,0|0,0|0,0|0,0|0,0|0,0|0,0|0
12,108881162,.,TCACA,T,.,PASS,AC=316;AN=5096;DP=20823;AF=0.06;EAS_AF=0.04;EUR_AF=0.11;AFR_AF=0.05;AMR_AF=0.05;SAS_AF=0.07;VT=INDEL;NS=2548,GT,0|0,0|0,0|0,0|0,0|0,0|0,0|0,0|0,0|0,0|0,0|0,0|0,0|0,0|0,0|0,0|0,0|0,0|0,0|0,0|0,0|0,0|0,0|0,0|0,0|0,0|1,0|0,0|0,0|0,0|0,0|0,0|0,0|0,0|0,0|0,0|0,0|0,0|1,0|0,1|0,0|1,1|0,0|0,0|0,0|0,0|0,0|0,0|0,0|1,0|0,0|0,0|0,0|0,1|0,0|0,0|0,0|0,0|1,0|0,0|0,0|0,0|0,0|0,0|1,0|0,0|0,0|0,1|0,0|0,0|0,0|0,0|0,0|0,0|1,0|0,0|0,0|0,0|0,0|0,0|0,0|0,0|0,0|0,0|0,0|0,0|0,0|0,0|0,1|0,0|0,0|0,0|0,0|0,0|0
12,108881224,.,T,C,.,PASS,AC=2;AN=5096;DP=21820;AF=0;EAS_AF=0;EUR_AF=0;AFR_AF=0;AMR_AF=0;SAS_AF=0;VT=SNP;NS=2548,GT,0|0,0|0,0|0,0|0,0|0,0|0,0|0,0|0,0|0,0|0,0|0,0|0,0|0,0|0,0|0,0|0,0|0,0|0,0|0,0|0,0|0,0|0,0|0,0|0,0|0,0|0,0|0,0|0,0|0,0|0,0|0,0|0,0|0,0|0,0|0,0|0,0|0,0|0,0|0,0|0,0|0,0|0,0|0,0|0,0|0,0|0,0|0,0|0,0|0,0|0,0|0,0|0,0|0,0|0,0|0,0|0,0|0,0|0,0|0,0|0,0|0,0|0,0|0,0|0,0|0,0|0,0|0,0|0,0|0,0|0,1|0,0|0,0|0,0|0,0|0,0|0,0|0,0|0,0|0,0|0,0|0,0|0,0|0,0|0,0|0,0|0,0|0,0|0,0|0,0|0,0|0,0|0,0|0,0|0
12,108881286,.,G,A,.,PASS,AC=18;AN=5096;DP=22607;AF=0;EAS_AF=0;EUR_AF=0.01;AFR_AF=0;AMR_AF=0;SAS_AF=0.01;VT=SNP;NS=2548,GT,0|0,0|0,0|0,0|0,1|0,0|0,0|0,0|0,0|0,0|0,0|0,0|0,0|0,0|0,0|0,0|0,0|0,0|0,0|0,0|0,0|0,0|0,0|0,0|0,0|0,0|0,0|0,0|0,0|0,0|0,0|0,0|0,0|0,0|0,0|0,0|0,0|0,0|0,0|0,0|0,0|0,0|0,0|0,0|0,0|0,0|0,1|0,0|0,0|0,0|0,0|0,0|0,0|0,0|0,0|0,0|0,0|0,0|0,0|0,0|0,0|0,0|0,0|0,0|0,0|0,0|0,0|0,0|0,0|0,0|0,0|0,0|0,0|0,0|0,0|0,0|0,0|0,0|0,0|0,0|0,0|0,0|0,0|0,0|0,0|0,0|0,0|0,0|0,0|0,0|0,0|0,0|0,0|0,0|0
12,108881505,.,ACACACG,A,.,PASS,AC=476;AN=5096;DP=19330;AF=0.09;EAS_AF=0.02;EUR_AF=0.09;AFR_AF=0.13;AMR_AF=0.05;SAS_AF=0.15;VT=INDEL;NS=2548,GT,0|0,0|0,0|0,0|0,0|1,0|1,0|0,0|0,0|0,0|0,0|0,0|0,0|0,0|0,0|0,0|0,0|0,0|0,0|0,0|1,0|0,1|0,0|0,0|0,0|0,0|0,1|0,0|0,0|0,0|0,0|0,0|0,0|0,0|0,0|0,0|0,0|0,0|0,0|0,0|0,0|0,0|0,0|0,0|0,0|0,0|0,0|0,0|0,0|0,0|0,0|0,0|0,0|0,0|0,0|0,1|0,0|0,0|0,0|0,0|0,0|0,0|0,0|0,0|0,0|0,0|0,0|0,0|0,0|1,0|0,0|0,1|0,0|0,0|0,0|1,0|0,0|0,1|0,0|0,0|0,0|0,0|0,0|0,0|0,0|0,0|0,1|0,0|1,0|0,0|0,0|0,0|0,0|0,0|0
12,108881565,.,AT,A,.,PASS,AC=12;AN=5096;DP=17705;AF=0;EAS_AF=0;EUR_AF=0;AFR_AF=0.01;AMR_AF=0;SAS_AF=0;VT=INDEL;NS=2548,GT,0|0,0|0,0|0,0|0,0|0,0|0,0|0,0|0,0|0,0|0,0|0,0|0,0|0,0|0,0|0,0|0,0|0,0|0,0|0,0|0,0|0,0|0,0|0,0|0,0|0,0|0,0|0,0|0,0|0,0|0,0|0,0|0,0|0,0|0,0|0,0|0,0|0,0|0,0|0,0|0,0|0,0|1,0|0,0|0,0|0,0|0,0|0,0|0,0|0,0|0,0|0,0|0,0|0,0|0,0|0,0|0,0|0,0|0,0|0,0|0,0|0,0|0,0|0,0|0,0|0,0|0,0|0,0|0,0|0,0|0,0|0,0|0,0|0,0|0,0|0,0|0,0|0,0|0,0|0,0|0,0|0,0|0,0|0,0|0,0|0,0|0,0|0,0|0,0|0,0|0,0|0,0|0,0|0,0|0
12,108881730,.,G,A,.,PASS,AC=7;AN=5096;DP=12996;AF=0;EAS_AF=0;EUR_AF=0.01;AFR_AF=0;AMR_AF=0;SAS_AF=0;VT=SNP;NS=2548,GT,0|0,0|0,0|0,0|0,0|0,0|0,0|0,0|0,0|0,0|0,0|0,0|0,0|0,0|0,0|1,0|0,0|0,0|0,0|0,0|0,0|0,0|0,0|0,0|0,0|0,0|0,0|0,0|0,0|0,0|0,0|0,0|0,0|0,0|0,0|0,0|0,0|0,0|0,0|0,0|0,0|0,0|0,0|0,0|0,0|0,0|0,0|0,0|0,0|0,0|0,0|0,0|0,0|0,0|0,0|0,0|0,0|0,0|0,0|0,0|0,0|0,0|0,0|0,0|0,0|0,0|0,0|0,0|0,0|0,0|0,0|0,0|0,0|0,0|0,0|0,0|0,0|0,0|0,0|0,0|0,0|0,0|0,0|0,0|0,0|0,0|0,0|0,0|0,0|0,0|0,0|0,0|0,0|0,0|0
12,108881833,.,C,T,.,PASS,AC=2677;AN=5096;DP=11564;AF=0.53;EAS_AF=0.54;EUR_AF=0.28;AFR_AF=0.75;AMR_AF=0.52;SAS_AF=0.46;VT=SNP;NS=2548,GT,1|0,0|0,1|0,0|1,1|1,1|1,0|0,0|0,1|1,0|1,0|0,0|0,1|0,1|1,0|1,0|0,0|1,1|0,1|1,0|1,0|1,1|0,1|1,1|0,0|0,0|0,1|1,0|0,0|0,1|1,0|1,0|1,0|0,1|0,0|0,1|0,0|0,0|0,0|0,1|0,1|0,0|0,0|0,0|1,1|0,0|1,1|0,0|1,0|0,0|1,1|1,0|0,0|1,0|1,1|0,1|1,1|1,1|0,1|1,0|1,0|1,1|1,1|0,0|0,0|0,1|0,1|1,0|0,1|1,0|0,0|1,1|0,1|0,1|0,0|1,0|1,0|0,1|0,0|1,0|0,0|0,0|0,0|0,0|1,0|1,0|1,1|1,0|1,0|0,0|1,0|0,1|0,0|1,1|0
12,108882045,.,G,A,.,PASS,AC=150;AN=5096;DP=17404;AF=0.03;EAS_AF=0;EUR_AF=0;AFR_AF=0.11;AMR_AF=0.01;SAS_AF=0;VT=SNP;NS=2548,GT,0|0,0|0,0|0,0|0,0|0,0|0,0|0,0|0,0|0,0|0,0|0,0|0,0|0,0|0,0|0,0|0,0|0,0|0,0|0,0|0,0|0,0|0,0|0,0|0,0|0,0|0,0|0,0|0,0|0,0|0,0|0,0|0,0|0,0|0,0|0,0|0,0|0,0|0,0|0,0|0,0|0,0|0,0|0,0|0,0|0,0|0,0|0,0|0,0|0,0|0,0|0,0|0,0|0,0|0,0|0,0|0,0|0,0|0,0|0,0|0,0|0,0|0,0|0,0|0,0|0,0|0,0|0,0|0,0|0,0|0,0|0,0|0,0|0,0|0,0|0,0|0,0|0,0|0,0|0,0|0,0|0,0|0,0|0,0|0,0|0,0|0,0|0,0|1,0|0,0|0,0|0,0|0,0|0,0|0
12,108882438,.,G,A,.,PASS,AC=1263;AN=5096;DP=25158;AF=0.25;EAS_AF=0.32;EUR_AF=0.16;AFR_AF=0.23;AMR_AF=0.42;SAS_AF=0.17;VT=SNP;NS=2548,GT,1|0,0|0,1|0,0|0,0|1,1|1,0|0,0|0,1|1,0|1,0|0,0|0,0|0,1|1,0|0,0|0,0|1,0|0,1|1,0|1,0|1,1|0,1|1,1|0,0|0,0|0,1|1,0|0,0|0,0|1,0|1,0|1,0|0,1|0,0|0,1|0,0|0,0|0,0|0,0|0,1|0,0|0,0|0,0|1,0|0,0|1,0|0,0|1,0|0,0|1,0|1,0|0,0|1,0|1,1|0,1|1,0|1,1|0,1|1,0|1,0|1,1|1,1|0,0|0,0|0,1|0,1|1,0|0,1|1,0|0,0|1,1|0,1|0,1|0,0|1,0|1,0|0,1|0,0|1,0|0,0|0,0|0,0|0,0|1,0|1,0|1,1|1,0|0,0|0,0|1,0|0,1|0,0|1,1|0
12,108882466,.,T,C,.,PASS,AC=1129;AN=5096;DP=24063;AF=0.22;EAS_AF=0.32;EUR_AF=0.16;AFR_AF=0.13;AMR_AF=0.41;SAS_AF=0.17;VT=SNP;NS=2548,GT,1|0,0|0,1|0,0|0,0|1,1|1,0|0,0|0,1|1,0|1,0|0,0|0,0|0,1|1,0|0,0|0,0|1,0|0,1|1,0|1,0|1,1|0,1|1,1|0,0|0,0|0,1|1,0|0,0|0,0|1,0|1,0|1,0|0,1|0,0|0,1|0,0|0,0|0,0|0,0|0,1|0,0|0,0|0,0|1,0|0,0|1,0|0,0|1,0|0,0|1,0|1,0|0,0|1,0|1,1|0,1|1,0|1,1|0,1|1,0|1,0|1,1|1,0|0,0|0,0|0,1|0,1|1,0|0,1|1,0|0,0|1,1|0,1|0,1|0,0|1,0|1,0|0,1|0,0|1,0|0,0|0,0|0,0|0,0|1,0|1,0|1,1|1,0|0,0|0,0|1,0|0,1|0,0|1,1|0
12,108882640,.,G,A,.,PASS,AC=24;AN=5096;DP=21391;AF=0;EAS_AF=0;EUR_AF=0;AFR_AF=0.01;AMR_AF=0.01;SAS_AF=0;VT=SNP;NS=2548,GT,0|0,0|0,0|0,0|0,0|0,0|0,0|0,0|0,0|0,0|0,0|0,0|0,1|0,0|0,0|0,0|0,0|0,0|0,0|0,0|0,0|0,0|0,0|0,0|0,0|0,0|0,0|0,0|0,0|0,0|0,0|0,0|0,0|0,0|0,0|0,0|0,0|0,0|0,0|0,0|0,0|0,0|0,0|0,0|0,1|0,0|0,0|0,0|0,0|0,0|0,0|0,0|0,0|0,0|0,0|0,0|0,0|0,0|0,0|0,0|0,0|0,0|0,0|0,0|0,0|0,0|0,0|0,0|0,0|0,0|0,0|0,0|0,0|0,0|0,0|0,0|0,0|0,0|0,0|0,0|0,0|0,0|0,0|0,0|0,0|0,0|0,0|0,0|0,0|0,0|0,0|0,0|0,0|0,0|0
12,108882641,.,C,T,.,PASS,AC=1989;AN=5096;DP=21280;AF=0.39;EAS_AF=0.32;EUR_AF=0.21;AFR_AF=0.59;AMR_AF=0.47;SAS_AF=0.33;VT=SNP;NS=2548,GT,1|0,0|0,1|0,0|0,1|1,1|1,0|0,0|0,1|1,0|1,0|0,0|0,1|0,1|1,0|0,0|0,0|1,0|0,1|1,0|1,0|1,1|0,1|1,1|0,0|0,0|0,1|1,0|0,0|0,1|1,0|1,0|1,0|0,1|0,0|0,1|0,0|0,0|0,0|0,0|0,1|0,0|0,0|0,0|1,1|0,0|1,1|0,0|1,0|0,0|1,1|1,0|0,0|1,0|1,1|0,1|1,0|1,1|0,1|1,0|1,0|1,1|1,1|0,0|0,0|0,1|0,1|1,0|0,1|1,0|0,0|1,1|0,1|0,1|0,0|1,0|1,0|0,1|0,0|1,0|0,0|0,0|0,0|0,0|1,0|1,0|1,1|1,0|1,0|0,0|1,0|0,1|0,0|1,1|0
12,108882869,.,C,T,.,PASS,AC=1697;AN=5096;DP=21150;AF=0.33;EAS_AF=0.32;EUR_AF=0.18;AFR_AF=0.5;AMR_AF=0.46;SAS_AF=0.19;VT=SNP;NS=2548,GT,1|0,0|0,1|0,0|0,1|1,1|1,0|0,0|0,1|1,0|1,0|0,0|0,1|0,1|1,0|0,0|0,0|1,0|0,1|1,0|1,0|1,1|0,1|1,1|0,0|0,0|0,1|1,0|0,0|0,1|1,0|1,0|1,0|0,1|0,0|0,1|0,0|0,0|0,0|0,0|0,1|0,0|0,0|0,0|1,1|0,0|1,0|0,0|1,0|0,0|1,1|1,0|0,0|1,0|1,1|0,1|1,0|1,1|0,1|1,0|1,0|1,1|1,1|0,0|0,0|0,1|0,1|1,0|0,1|1,0|0,0|1,1|0,1|0,1|0,0|1,0|1,0|0,1|0,0|1,0|0,0|0,0|0,0|0,0|1,0|1,0|1,1|1,0|1,0|0,0|1,0|0,1|0,0|1,1|0
12,108883174,.,T,G,.,PASS,AC=1;AN=5096;DP=18990;AF=0;EAS_AF=0;EUR_AF=0;AFR_AF=0;AMR_AF=0;SAS_AF=0;VT=SNP;NS=2548,GT,0|0,0|0,0|0,0|0,0|0,0|0,0|0,0|0,0|0,0|0,0|0,0|0,0|0,0|0,0|0,0|0,0|0,0|0,0|0,0|0,0|0,0|0,0|0,0|0,0|0,0|0,0|0,0|0,0|0,0|0,0|0,0|0,0|0,0|0,0|0,0|0,0|0,0|0,0|0,0|0,0|0,0|0,0|0,0|0,1|0,0|0,0|0,0|0,0|0,0|0,0|0,0|0,0|0,0|0,0|0,0|0,0|0,0|0,0|0,0|0,0|0,0|0,0|0,0|0,0|0,0|0,0|0,0|0,0|0,0|0,0|0,0|0,0|0,0|0,0|0,0|0,0|0,0|0,0|0,0|0,0|0,0|0,0|0,0|0,0|0,0|0,0|0,0|0,0|0,0|0,0|0,0|0,0|0,0|0
12,108883209,.,C,T,.,PASS,AC=144;AN=5096;DP=18570;AF=0.03;EAS_AF=0;EUR_AF=0.01;AFR_AF=0.06;AMR_AF=0.01;SAS_AF=0.04;VT=SNP;NS=2548,GT,0|0,0|0,0|0,0|0,0|0,0|0,0|0,0|0,0|0,0|0,0|0,0|0,0|0,0|0,0|0,0|0,0|0,0|0,0|0,0|0,0|0,0|0,0|0,0|0,0|0,0|0,0|0,0|0,0|0,0|0,0|0,0|0,0|0,0|0,0|0,0|0,0|0,0|0,0|0,0|0,0|0,0|0,0|0,0|0,0|0,0|0,1|0,0|0,0|0,0|0,0|0,0|0,0|0,0|0,0|0,0|0,0|0,0|0,0|0,0|0,0|0,0|0,0|0,0|0,0|0,0|0,0|0,0|0,0|0,0|0,0|0,0|0,0|0,0|0,0|0,0|0,0|0,0|0,0|0,0|0,0|0,0|0,0|0,0|0,0|0,0|0,0|0,0|0,0|0,0|0,0|0,0|0,0|0,0|0
12,108883406,.,G,A,.,PASS,AC=2673;AN=5096;DP=21592;AF=0.52;EAS_AF=0.55;EUR_AF=0.28;AFR_AF=0.75;AMR_AF=0.52;SAS_AF=0.46;VT=SNP;NS=2548,GT,1|0,0|0,1|0,0|1,1|1,1|1,0|0,0|0,1|1,0|1,0|0,0|0,1|0,1|1,0|1,0|0,0|1,1|0,1|1,0|1,0|1,1|0,1|1,1|0,0|0,0|0,1|1,0|0,0|0,1|1,0|1,0|1,0|0,1|0,0|0,1|0,0|0,0|0,0|0,0|0,1|0,0|0,0|0,0|1,1|0,0|1,1|0,0|1,0|0,0|1,1|1,0|0,0|1,0|1,1|0,1|1,1|1,1|0,1|1,0|1,0|1,1|1,1|0,0|0,0|0,1|0,1|1,0|0,1|1,0|0,0|1,1|0,1|0,1|0,0|1,0|1,0|0,1|0,0|1,0|0,0|0,0|0,0|0,0|1,0|1,0|1,1|1,0|1,0|0,0|1,0|0,1|0,0|1,1|0
12,108883425,.,C,T,.,PASS,AC=17;AN=5096;DP=21755;AF=0;EAS_AF=0;EUR_AF=0.01;AFR_AF=0;AMR_AF=0.01;SAS_AF=0;VT=SNP;NS=2548,GT,0|0,0|0,0|0,0|0,0|0,0|0,0|0,0|0,0|0,0|0,0|0,0|0,0|0,0|0,0|0,0|0,0|0,0|0,0|0,0|0,0|0,0|0,0|0,0|0,0|0,0|0,0|0,0|0,0|0,0|0,0|0,1|0,0|0,0|0,0|0,0|0,0|0,0|0,0|0,0|0,0|0,0|0,0|0,0|0,0|0,0|0,0|0,0|0,0|0,0|0,0|0,0|0,0|0,0|0,0|0,0|0,0|0,0|0,0|0,0|0,0|0,0|0,0|0,0|0,0|0,0|0,0|0,0|0,0|0,1|0,0|0,0|0,0|0,0|0,0|0,0|0,0|0,0|0,0|0,0|0,0|0,0|0,0|0,0|0,0|0,0|0,0|0,0|0,0|0,0|0,1|0,0|0,0|0,0|0
12,108883538,.,C,T,.,PASS,AC=39;AN=5096;DP=25461;AF=0.01;EAS_AF=0;EUR_AF=0;AFR_AF=0.02;AMR_AF=0.01;SAS_AF=0;VT=SNP;NS=2548,GT,0|0,0|0,0|0,0|0,0|0,0|0,0|0,0|0,0|0,0|0,0|0,0|0,1|0,0|0,0|0,0|0,0|0,0|0,0|0,0|0,0|0,0|0,0|0,0|0,0|0,0|0,0|0,0|0,0|0,0|0,0|0,0|0,0|0,0|0,0|0,0|0,0|0,0|0,0|0,0|0,0|0,0|0,0|0,0|0,1|0,0|0,0|0,0|0,0|0,0|0,0|0,0|0,0|0,0|0,0|0,0|0,0|0,0|0,0|0,0|0,0|0,0|0,0|0,0|0,0|0,0|0,0|0,0|0,0|0,0|0,0|0,0|0,0|0,0|0,0|0,0|0,0|0,0|0,0|0,0|0,0|0,0|0,0|0,0|0,0|0,0|0,0|0,0|0,0|0,0|0,0|0,0|0,0|0,0|0
12,108883716,.,C,A,.,PASS,AC=1265;AN=5096;DP=23857;AF=0.25;EAS_AF=0.32;EUR_AF=0.16;AFR_AF=0.23;AMR_AF=0.42;SAS_AF=0.17;VT=SNP;NS=2548,GT,1|0,0|0,1|0,0|0,0|1,1|1,0|0,0|0,1|1,0|1,0|0,0|0,0|0,1|1,0|0,0|0,0|1,0|0,1|1,0|1,0|1,1|0,1|1,1|0,0|0,0|0,1|1,0|0,0|0,0|1,0|1,0|1,0|0,1|0,0|0,1|0,0|0,0|0,0|0,0|0,1|0,0|0,0|0,0|1,0|0,0|1,0|0,0|1,0|0,0|1,0|1,0|0,0|1,0|1,1|0,1|1,0|1,1|0,1|1,0|1,0|1,1|1,1|0,0|0,0|0,1|0,1|1,0|0,1|1,0|0,0|1,1|0,1|0,1|0,0|1,0|1,0|0,1|0,0|1,0|0,0|0,0|0,0|0,0|1,0|1,0|1,1|1,0|0,0|0,0|1,0|0,1|0,0|1,1|0
12,108883944,.,G,A,.,PASS,AC=1542;AN=5096;DP=23802;AF=0.3;EAS_AF=0.32;EUR_AF=0.18;AFR_AF=0.39;AMR_AF=0.45;SAS_AF=0.19;VT=SNP;NS=2548,GT,1|0,0|0,1|0,0|0,1|1,1|1,0|0,0|0,1|1,0|1,0|0,0|0,1|0,1|1,0|0,0|0,0|1,0|0,1|1,0|1,0|1,1|0,1|1,1|0,0|0,0|0,1|1,0|0,0|0,1|1,0|1,0|1,0|0,1|0,0|0,1|0,0|0,0|0,0|0,0|0,1|0,0|0,0|0,0|1,1|0,0|1,0|0,0|1,0|0,0|1,1|1,0|0,0|1,0|1,1|0,1|1,0|1,1|0,1|1,0|1,0|1,1|1,1|0,0|0,0|0,1|0,1|1,0|0,1|1,0|0,0|1,1|0,1|0,1|0,0|1,0|1,0|0,1|0,0|1,0|0,0|0,0|0,0|0,0|1,0|1,0|1,1|1,0|0,0|0,0|1,0|0,1|0,0|1,1|0
12,108883967,.,T,G,.,PASS,AC=1985;AN=5096;DP=23673;AF=0.39;EAS_AF=0.32;EUR_AF=0.21;AFR_AF=0.59;AMR_AF=0.47;SAS_AF=0.33;VT=SNP;NS=2548,GT,1|0,0|0,1|0,0|0,1|1,1|1,0|0,0|0,1|1,0|1,0|0,0|0,1|0,1|1,0|0,0|0,0|1,0|0,1|1,0|1,0|1,1|0,1|1,1|0,0|0,0|0,1|1,0|0,0|0,1|1,0|1,0|1,0|0,1|0,0|0,1|0,0|0,0|0,0|0,0|0,1|0,0|0,0|0,0|1,1|0,0|1,1|0,0|1,0|0,0|1,1|1,0|0,0|1,0|1,1|0,1|1,0|1,1|0,1|1,0|1,0|1,1|1,1|0,0|0,0|0,1|0,1|1,0|0,1|1,0|0,0|1,1|0,1|0,1|0,0|1,0|1,0|0,1|0,0|1,0|0,0|0,0|0,0|0,0|1,0|1,0|1,1|1,0|1,0|0,0|1,0|0,1|0,0|1,1|0
12,108884181,.,C,T,.,PASS,AC=135;AN=5096;DP=25976;AF=0.03;EAS_AF=0;EUR_AF=0;AFR_AF=0.1;AMR_AF=0.01;SAS_AF=0;VT=SNP;NS=2548,GT,0|0,0|0,0|0,0|0,0|0,0|0,0|0,0|0,0|0,0|0,0|0,0|0,0|0,0|0,0|0,0|0,0|0,0|0,0|0,0|0,0|0,0|0,0|0,0|0,0|0,0|0,0|0,0|0,0|0,0|0,0|0,0|0,0|0,0|0,0|0,0|0,0|0,0|0,0|0,0|0,0|0,0|0,0|0,0|0,0|0,0|0,0|0,0|0,0|0,0|0,0|0,0|0,0|0,0|0,0|0,0|0,0|0,0|0,0|0,0|0,0|0,0|0,1|0,0|0,0|0,0|0,0|0,0|0,0|0,0|0,0|0,0|0,0|0,0|0,0|0,0|0,0|0,0|0,0|0,0|0,0|0,0|0,0|0,0|0,0|0,0|0,0|0,0|0,0|0,0|0,0|0,0|0,0|0,0|0
12,108884341,.,C,A,.,PASS,AC=39;AN=5096;DP=24843;AF=0.01;EAS_AF=0;EUR_AF=0;AFR_AF=0.03;AMR_AF=0;SAS_AF=0;VT=SNP;NS=2548,GT,0|0,0|0,0|0,0|0,0|0,0|0,0|0,0|0,0|0,0|0,0|0,0|0,0|0,0|0,0|0,0|0,0|0,0|0,0|0,0|0,0|0,0|0,0|0,0|0,0|0,0|0,0|0,0|0,0|0,0|0,0|0,0|0,0|0,0|0,0|0,0|0,0|0,0|0,0|0,0|0,0|0,0|0,0|0,0|0,0|0,0|0,0|0,0|0,0|0,0|0,0|0,0|0,0|0,0|0,0|0,0|0,0|0,0|0,0|0,0|0,0|0,0|0,0|0,0|0,0|0,0|0,0|0,0|0,0|0,0|0,0|0,0|0,0|0,0|0,0|0,0|0,0|0,0|0,0|0,0|0,0|0,0|0,0|0,0|0,0|0,0|0,0|0,0|1,0|0,0|0,0|0,0|0,0|0,0|0
12,108884393,.,C,G,.,PASS,AC=2373;AN=5096;DP=25014;AF=0.47;EAS_AF=0.48;EUR_AF=0.28;AFR_AF=0.6;AMR_AF=0.51;SAS_AF=0.44;VT=SNP;NS=2548,GT,1|0,0|0,1|0,0|1,1|1,1|1,0|0,0|0,1|1,0|1,0|0,0|0,1|0,1|1,0|1,0|0,0|1,1|0,1|1,0|1,0|1,1|0,1|1,1|0,0|0,0|0,1|1,0|0,0|0,1|1,0|1,0|1,0|0,1|0,0|0,1|0,0|0,0|0,0|0,0|0,1|0,0|0,0|0,0|1,1|0,0|1,1|0,0|1,0|0,0|1,1|1,0|0,0|1,0|1,1|0,1|1,1|1,1|0,1|1,0|1,0|1,1|1,1|0,0|0,0|0,1|0,1|1,0|0,1|1,0|0,0|1,1|0,1|0,1|0,0|1,0|1,0|0,1|0,0|1,0|0,0|0,0|0,0|0,0|1,0|1,0|1,1|1,0|0,0|0,0|1,0|0,1|0,0|1,1|0
12,108884547,.,C,T,.,PASS,AC=239;AN=5096;DP=28253;AF=0.05;EAS_AF=0;EUR_AF=0.14;AFR_AF=0;AMR_AF=0.07;SAS_AF=0.05;VT=SNP;NS=2548,GT,0|0,0|0,0|1,0|0,0|0,0|0,0|0,0|0,0|0,1|0,1|0,0|0,0|1,0|0,0|0,0|0,0|0,0|0,0|0,0|0,0|0,0|0,0|0,0|1,1|0,0|0,0|0,0|0,0|1,0|0,0|0,0|0,1|0,0|0,0|1,0|0,0|0,0|0,0|0,0|0,0|0,0|0,1|0,1|0,0|0,0|0,0|0,0|0,0|1,0|0,0|0,1|1,0|0,1|0,0|0,0|0,0|0,0|0,0|0,0|0,0|0,0|0,0|0,1|0,0|0,0|1,0|0,0|0,1|0,0|0,0|0,0|0,0|0,0|0,0|0,0|0,0|0,0|0,1|0,1|0,0|0,0|1,0|0,1|0,0|0,0|0,0|0,1|0,0|0,0|0,0|0,0|0,0|0,0|0
12,108884577,.,A,G,.,PASS,AC=39;AN=5096;DP=26663;AF=0.01;EAS_AF=0;EUR_AF=0;AFR_AF=0.03;AMR_AF=0;SAS_AF=0;VT=SNP;NS=2548,GT,0|0,0|0,0|0,0|0,0|0,0|0,0|0,0|0,0|0,0|0,0|0,0|0,0|0,0|0,0|0,0|0,0|0,0|0,0|0,0|0,0|0,0|0,0|0,0|0,0|0,0|0,0|0,0|0,0|0,0|0,0|0,0|0,0|0,0|0,0|0,0|0,0|0,0|0,0|0,0|0,0|0,0|0,0|0,0|0,0|0,0|0,0|0,0|0,0|0,0|0,0|0,0|0,0|0,0|0,0|0,0|0,0|0,0|0,0|0,0|0,0|0,0|0,0|0,0|0,0|0,0|0,0|0,0|0,0|0,0|0,0|0,0|0,0|0,0|0,0|0,0|0,0|0,0|0,0|0,0|0,0|0,0|0,0|0,0|0,0|0,0|0,0|0,0|1,0|0,0|0,0|0,0|0,0|0,0|0
12,108884971,.,T,G,.,PASS,AC=2479;AN=5096;DP=229390;AF=0.49;EAS_AF=0.48;EUR_AF=0.33;AFR_AF=0.6;AMR_AF=0.55;SAS_AF=0.46;EX_TARGET;VT=SNP;NS=2548,GT,1|0,0|0,1|0,0|1,1|1,1|1,0|0,0|0,1|1,0|1,0|0,0|0,1|0,1|1,0|1,0|0,0|1,1|0,1|1,0|1,0|1,1|1,1|1,1|0,0|0,0|0,1|1,1|0,0|0,1|1,0|1,0|1,0|0,1|0,0|0,1|0,0|0,0|0,0|0,0|0,1|0,1|0,0|0,0|1,1|0,1|1,1|0,0|1,0|0,0|1,1|1,0|0,0|1,0|1,1|1,1|1,1|1,1|0,1|1,0|1,0|1,1|1,1|0,0|0,0|0,1|0,1|1,0|0,0|1,0|0,0|1,1|0,1|1,1|0,0|1,1|1,0|0,1|0,0|1,0|0,0|0,0|0,1|0,0|1,0|1,0|1,1|1,0|0,0|0,0|1,0|0,1|0,0|1,1|0
12,108885760,.,T,A,.,PASS,AC=1249;AN=5096;DP=18004;AF=0.25;EAS_AF=0.47;EUR_AF=0.19;AFR_AF=0.05;AMR_AF=0.42;SAS_AF=0.21;VT=SNP;NS=2548,GT,1|0,0|0,1|0,0|1,0|0,1|1,0|0,0|0,1|1,0|1,0|0,0|0,0|0,1|1,0|1,0|0,0|1,1|0,1|1,0|0,0|1,1|0,1|1,1|0,0|0,0|0,1|1,0|0,0|0,0|1,0|1,0|1,0|0,1|0,0|0,1|0,0|0,0|0,0|0,1|0,1|0,0|0,0|0,0|1,0|0,0|1,0|0,0|1,0|0,0|1,0|1,0|0,0|1,0|1,1|0,1|1,1|1,1|0,1|1,0|1,0|1,1|1,0|0,0|0,0|0,1|0,1|1,0|0,1|1,0|0,0|1,0|0,1|0,1|0,0|0,0|1,0|0,1|0,0|1,0|0,0|0,0|0,0|0,0|1,0|1,0|1,1|1,0|0,0|0,0|1,0|0,1|0,0|1,1|0
12,108886230,.,C,T,.,PASS,AC=29;AN=5096;DP=18090;AF=0.01;EAS_AF=0;EUR_AF=0.02;AFR_AF=0;AMR_AF=0;SAS_AF=0;VT=SNP;NS=2548,GT,0|0,0|0,0|0,0|0,0|1,0|0,0|0,0|0,0|0,0|0,0|0,0|0,0|0,0|0,0|0,0|0,0|0,0|0,0|0,0|0,0|0,0|0,0|0,0|0,0|0,0|0,0|0,0|0,0|0,0|0,0|0,0|0,0|0,0|0,0|0,0|0,0|0,0|0,0|0,0|0,0|0,0|0,0|0,0|0,0|0,0|0,0|0,0|0,0|0,0|0,0|0,0|0,0|0,0|0,0|0,0|0,0|0,0|0,0|0,0|0,0|0,0|0,0|0,0|0,0|0,0|0,0|0,0|0,0|0,0|0,0|0,0|0,0|0,0|0,0|0,0|0,0|0,0|0,0|0,0|0,0|0,0|0,0|0,0|0,0|0,0|0,0|0,0|0,0|0,0|0,0|0,0|0,0|0,0|0
12,108886759,.,A,C,.,PASS,AC=4416;AN=5096;DP=21348;AF=0.87;EAS_AF=1;EUR_AF=0.72;AFR_AF=0.92;AMR_AF=0.83;SAS_AF=0.85;VT=SNP;NS=2548,GT,1|0,1|1,1|1,0|1,1|1,1|1,1|0,0|0,1|1,1|1,1|0,1|1,1|1,1|1,1|1,1|1,1|1,1|1,1|1,1|1,0|1,1|1,1|1,1|1,1|1,1|0,1|1,1|0,0|1,1|1,1|1,0|1,1|1,1|0,1|1,1|0,1|0,1|0,1|1,1|0,1|0,1|1,1|1,1|1,1|1,1|1,1|1,1|1,0|1,1|1,1|1,1|1,1|1,1|1,1|1,1|1,1|1,1|1,1|1,1|1,0|1,1|1,1|1,1|1,0|1,1|1,1|1,1|1,1|1,0|1,0|1,1|1,1|1,1|0,0|1,1|1,0|1,1|0,1|1,1|1,1|1,0|1,1|1,1|1,1|1,1|1,1|1,1|1,1|0,0|1,0|0,1|0,1|1,1|1
12,108886824,.,C,CA,.,PASS,AC=2191;AN=5096;DP=24017;AF=0.43;EAS_AF=0.47;EUR_AF=0.27;AFR_AF=0.53;AMR_AF=0.5;SAS_AF=0.37;VT=INDEL;NS=2548,GT,1|0,0|0,1|0,0|1,0|1,1|1,0|0,0|0,1|1,0|1,0|0,0|0,1|0,1|1,0|1,0|0,0|1,1|0,1|1,0|1,0|1,1|0,1|1,1|0,0|0,0|0,1|1,0|0,0|0,0|1,0|1,0|1,0|0,1|0,0|0,1|0,0|0,0|0,0|0,1|0,1|0,0|0,0|0,0|1,1|0,0|1,0|0,0|1,0|0,0|1,0|1,0|0,0|1,0|1,1|0,1|1,1|1,1|0,1|1,0|1,0|1,1|1,1|0,0|0,0|0,1|0,1|1,0|0,1|1,0|0,0|1,1|0,1|0,1|0,0|1,0|1,0|0,1|0,0|1,0|0,0|0,0|0,0|0,0|1,0|1,0|1,1|1,0|1,0|0,0|1,0|0,1|0,0|1,1|0
12,108887351,.,C,T,.,PASS,AC=349;AN=5096;DP=246284;AF=0.07;EAS_AF=0;EUR_AF=0.02;AFR_AF=0.22;AMR_AF=0.02;SAS_AF=0.02;VT=SNP;NS=2548,GT,0|0,0|0,0|0,0|0,0|1,0|0,0|0,0|0,0|0,0|0,0|0,0|0,0|0,0|0,0|0,0|0,0|0,0|0,0|0,0|1,0|0,0|0,0|0,0|0,0|0,0|0,0|0,0|0,0|0,0|0,0|0,0|0,0|0,0|0,0|0,0|0,0|0,0|0,0|0,0|0,0|0,0|0,0|0,0|0,0|0,0|0,0|0,0|0,0|0,0|0,0|0,0|0,0|0,0|0,0|0,0|0,0|0,0|0,0|0,0|0,0|0,0|0,1|0,0|0,0|0,0|0,0|0,0|0,0|0,0|0,0|0,1|0,0|0,0|0,0|1,0|0,0|0,0|0,0|0,0|0,0|0,0|0,0|0,0|0,0|0,0|0,0|0,0|0,0|0,0|0,0|0,0|0,0|0,0|0
12,108887534,.,G,A,.,PASS,AC=739;AN=5096;DP=523478;AF=0.15;EAS_AF=0;EUR_AF=0.08;AFR_AF=0.33;AMR_AF=0.07;SAS_AF=0.16;EX_TARGET;VT=SNP;NS=2548,GT,0|0,0|0,0|0,0|0,0|1,0|0,0|0,0|0,0|0,0|0,0|0,0|0,1|0,0|0,0|0,0|0,0|0,0|0,0|0,0|1,0|0,0|0,0|0,0|0,0|0,0|0,0|0,0|0,0|0,0|0,0|0,0|0,0|0,0|0,0|0,0|0,0|0,0|0,0|0,0|0,0|0,0|0,0|0,0|0,1|0,0|0,0|0,0|0,0|0,0|0,0|0,0|0,0|0,0|0,0|0,0|0,0|0,0|0,0|0,0|0,0|0,0|0,1|0,0|0,0|0,0|0,0|0,0|0,0|0,0|0,0|0,1|0,0|0,0|0,0|1,0|0,0|0,0|0,0|0,0|0,0|0,0|0,0|0,0|0,0|0,0|0,0|0,0|1,0|0,0|0,0|0,0|0,0|0,0|0
12,108887835,.,C,T,.,PASS,AC=8;AN=5096;DP=30630;AF=0;EAS_AF=0;EUR_AF=0;AFR_AF=0.01;AMR_AF=0;SAS_AF=0;VT=SNP;NS=2548,GT,0|0,0|0,0|0,0|0,0|0,0|0,0|0,0|0,0|0,0|0,0|0,0|0,0|0,0|0,0|0,0|0,0|0,0|0,0|0,0|0,0|0,0|0,0|0,0|0,0|0,0|0,0|0,0|0,0|0,0|0,0|0,0|0,0|0,0|0,0|0,0|0,0|0,0|0,0|0,0|0,0|0,0|0,0|0,0|0,0|0,0|0,0|0,1|0,0|0,0|0,0|0,0|0,0|0,0|0,0|0,0|0,0|0,0|0,0|0,0|0,0|0,0|0,0|0,0|0,0|0,0|0,0|0,0|0,0|0,0|0,0|0,0|0,0|0,0|0,0|0,0|0,0|0,0|0,0|0,0|0,0|0,0|0,0|0,0|0,0|0,0|0,0|0,0|0,0|0,0|0,0|0,0|0,0|0,0|0
12,108887901,.,A,G,.,PASS,AC=389;AN=5096;DP=24614;AF=0.08;EAS_AF=0;EUR_AF=0.04;AFR_AF=0.23;AMR_AF=0.03;SAS_AF=0.02;VT=SNP;NS=2548,GT,0|0,0|0,0|0,0|0,0|1,0|0,0|0,0|0,0|0,0|0,0|0,0|0,0|0,0|0,0|0,0|0,0|0,0|0,0|0,0|1,0|0,0|0,0|0,0|0,0|0,0|0,0|0,0|0,0|0,0|0,0|0,0|0,0|0,0|0,0|0,0|0,0|0,0|0,0|0,0|0,0|0,0|0,0|0,0|0,0|0,0|0,0|0,0|0,0|0,0|0,0|0,0|0,0|0,0|0,0|0,0|0,0|0,0|0,0|0,0|0,0|0,0|0,1|0,0|0,0|0,0|0,0|0,0|0,0|0,0|0,0|0,1|0,0|0,0|0,0|1,0|0,0|0,0|0,0|0,0|0,0|0,0|0,0|0,0|0,0|0,0|0,0|0,0|0,0|0,0|0,0|0,0|0,0|0,0|0
12,108887919,.,G,A,.,PASS,AC=2187;AN=5096;DP=23307;AF=0.43;EAS_AF=0.47;EUR_AF=0.27;AFR_AF=0.52;AMR_AF=0.5;SAS_AF=0.37;VT=SNP;NS=2548,GT,1|0,0|0,1|0,0|1,0|1,1|1,0|0,0|0,1|1,0|1,0|0,0|0,1|0,1|1,0|1,0|0,0|1,1|0,1|1,0|1,0|1,1|0,1|1,1|0,0|0,0|0,1|1,0|0,0|0,0|1,0|1,0|1,0|0,1|0,0|0,1|0,0|0,0|0,0|0,1|0,1|0,0|0,0|0,0|1,1|0,0|1,0|0,0|1,0|0,0|1,0|1,0|0,0|1,0|1,1|0,1|1,1|1,1|0,1|1,0|1,0|1,1|1,1|0,0|0,0|0,1|0,1|1,0|0,1|1,0|0,0|1,1|0,1|0,1|0,0|1,0|1,0|0,1|0,0|1,0|0,0|0,0|0,0|0,0|1,0|1,0|1,1|1,0|1,0|0,0|1,0|0,1|0,0|1,1|0
12,108887972,.,T,C,.,PASS,AC=2561;AN=5096;DP=22644;AF=0.5;EAS_AF=0.54;EUR_AF=0.27;AFR_AF=0.74;AMR_AF=0.52;SAS_AF=0.38;VT=SNP;NS=2548,GT,1|0,0|0,1|0,0|1,1|1,1|1,0|0,0|0,1|1,0|1,0|0,0|0,1|0,1|1,0|1,0|0,0|1,1|0,1|1,0|1,0|1,1|0,1|1,1|0,0|0,0|0,1|1,0|0,0|0,1|1,0|1,0|1,0|0,1|0,0|0,1|0,0|0,0|0,0|0,1|0,1|0,0|0,0|0,0|1,1|0,0|1,0|0,0|1,0|0,0|1,1|1,0|0,0|1,0|1,1|0,1|1,1|1,1|0,1|1,0|1,0|1,1|1,1|0,0|0,0|0,1|0,1|1,0|0,1|1,0|0,0|1,1|0,1|0,1|0,0|1,0|1,0|0,1|0,0|1,0|0,0|0,0|0,0|0,0|1,0|1,0|1,1|1,0|1,0|0,0|1,0|0,1|0,0|1,1|0
12,108888108,.,G,A,.,PASS,AC=2186;AN=5096;DP=21295;AF=0.43;EAS_AF=0.47;EUR_AF=0.27;AFR_AF=0.52;AMR_AF=0.5;SAS_AF=0.37;VT=SNP;NS=2548,GT,1|0,0|0,1|0,0|1,0|1,1|1,0|0,0|0,1|1,0|1,0|0,0|0,1|0,1|1,0|1,0|0,0|1,1|0,1|1,0|1,0|1,1|0,1|1,1|0,0|0,0|0,1|1,0|0,0|0,0|1,0|1,0|1,0|0,1|0,0|0,1|0,0|0,0|0,0|0,1|0,1|0,0|0,0|0,0|1,1|0,0|1,0|0,0|1,0|0,0|1,0|1,0|0,0|1,0|1,1|0,1|1,1|1,1|0,1|1,0|1,0|1,1|1,1|0,0|0,0|0,1|0,1|1,0|0,1|1,0|0,0|1,1|0,1|0,1|0,0|1,0|1,0|0,1|0,0|1,0|0,0|0,0|0,0|0,0|1,0|1,0|1,1|1,0|1,0|0,0|1,0|0,1|0,0|1,1|0
12,108888421,.,T,C,.,PASS,AC=2192;AN=5096;DP=20820;AF=0.43;EAS_AF=0.47;EUR_AF=0.27;AFR_AF=0.53;AMR_AF=0.5;SAS_AF=0.37;VT=SNP;NS=2548,GT,1|0,0|0,1|0,0|1,0|1,1|1,0|0,0|0,1|1,0|1,0|0,0|0,1|0,1|1,0|1,0|0,0|1,1|0,1|1,0|1,0|1,1|0,1|1,1|0,0|0,0|0,1|1,0|0,0|0,0|1,0|1,0|1,0|0,1|0,0|0,1|0,0|0,0|0,0|0,1|0,1|0,0|0,0|0,0|1,1|0,0|1,0|0,0|1,0|0,0|1,0|1,0|0,0|1,0|1,1|0,1|1,1|1,1|0,1|1,0|1,0|1,1|1,1|0,0|0,0|0,1|0,1|1,0|0,1|1,0|0,0|1,1|0,1|0,1|0,0|1,0|1,0|0,1|0,0|1,0|0,0|0,0|0,0|0,0|1,0|1,0|1,1|1,0|1,0|0,0|1,0|0,1|0,0|1,1|0
12,108888485,.,A,C,.,PASS,AC=8;AN=5096;DP=19798;AF=0;EAS_AF=0;EUR_AF=0;AFR_AF=0;AMR_AF=0;SAS_AF=0;VT=SNP;NS=2548,GT,0|0,0|0,0|0,0|0,0|0,0|0,0|0,0|0,0|0,0|0,0|0,0|0,0|0,0|0,0|0,0|0,0|0,0|0,0|0,0|0,0|0,0|0,0|0,0|0,0|0,0|0,0|0,0|0,0|0,0|0,0|0,0|0,0|0,0|0,0|1,0|0,0|0,0|0,0|0,0|0,0|0,0|0,0|0,0|0,0|0,0|0,0|0,0|0,0|0,0|0,0|0,0|0,0|0,0|0,0|0,0|0,0|0,0|0,0|0,0|0,0|0,0|0,0|0,0|0,0|0,0|0,0|0,0|0,0|0,0|0,0|0,0|0,0|0,0|0,0|0,0|0,0|0,0|0,0|0,0|0,0|0,0|0,0|0,0|0,0|0,0|0,0|0,0|0,0|0,0|0,0|0,0|0,0|0,0|0
12,108888732,.,T,C,.,PASS,AC=1256;AN=5096;DP=22606;AF=0.25;EAS_AF=0.47;EUR_AF=0.19;AFR_AF=0.05;AMR_AF=0.42;SAS_AF=0.21;VT=SNP;NS=2548,GT,1|0,0|0,1|0,0|1,0|0,1|1,0|0,0|0,1|1,0|1,0|0,0|0,0|0,1|1,0|1,0|0,0|1,1|0,1|1,0|0,0|1,1|0,1|1,1|0,0|0,0|0,1|1,0|0,0|0,0|1,0|1,0|1,0|0,1|0,0|0,1|0,0|0,0|0,0|0,1|0,1|0,0|0,0|0,0|1,0|0,0|1,0|0,0|1,0|0,0|1,0|1,0|0,0|1,0|1,1|0,1|1,1|1,1|0,1|1,0|1,0|1,1|1,0|0,0|0,0|0,1|0,1|1,0|0,1|1,0|0,0|1,0|0,1|0,1|0,0|0,0|1,0|0,1|0,0|1,0|0,0|0,0|0,0|0,0|1,0|1,0|1,1|1,0|0,0|0,0|1,0|0,1|0,0|1,1|0
12,108888909,.,C,T,.,PASS,AC=1578;AN=5096;DP=22530;AF=0.31;EAS_AF=0.47;EUR_AF=0.23;AFR_AF=0.14;AMR_AF=0.45;SAS_AF=0.35;VT=SNP;NS=2548,GT,1|0,0|0,1|0,0|1,0|0,1|1,0|0,0|0,1|1,0|1,0|0,0|0,0|0,1|1,0|1,0|0,0|1,1|0,1|1,0|0,0|1,1|0,1|1,1|0,0|0,0|0,1|1,0|0,0|0,0|1,0|1,0|1,0|0,1|0,0|0,1|0,0|0,0|0,0|0,1|0,1|0,0|0,0|0,0|1,0|0,0|1,0|0,0|1,0|0,0|1,0|1,0|0,0|1,0|1,1|0,1|1,1|1,1|0,1|1,0|1,0|1,1|1,0|0,0|0,0|0,1|0,1|1,0|0,1|1,0|0,0|1,0|0,1|0,1|0,0|0,0|1,0|0,1|0,0|1,0|0,0|0,0|0,0|0,0|1,0|1,0|1,1|1,0|0,0|0,0|1,0|0,1|0,0|1,1|0
12,108889109,.,AT,A,.,PASS,AC=2555;AN=5096;DP=23177;AF=0.5;EAS_AF=0.55;EUR_AF=0.3;AFR_AF=0.71;AMR_AF=0.52;SAS_AF=0.37;VT=INDEL;NS=2548,GT,1|0,0|0,1|0,0|1,1|1,1|1,0|0,0|0,1|1,0|1,0|0,0|0,1|0,1|1,0|1,0|0,0|1,1|0,1|1,0|1,0|1,1|0,1|1,1|0,0|0,0|0,1|1,0|0,0|0,1|1,0|1,0|1,0|1,1|0,0|0,1|0,1|0,0|0,0|0,1|0,1|0,0|0,0|0,0|1,1|0,0|1,0|0,0|1,0|0,0|1,1|1,0|0,0|1,0|1,1|0,1|1,1|1,1|0,1|1,0|1,0|1,1|1,1|0,0|0,0|0,1|0,1|1,0|0,1|1,0|0,0|1,1|0,1|0,1|0,0|1,0|1,0|0,1|0,0|1,0|0,0|0,0|0,0|0,0|1,0|1,0|1,1|1,0|1,0|0,0|1,0|0,1|0,0|1,1|0
12,108889750,.,C,T,.,PASS,AC=24;AN=5096;DP=52022;AF=0;EAS_AF=0;EUR_AF=0.01;AFR_AF=0;AMR_AF=0;SAS_AF=0.01;VT=SNP;NS=2548,GT,0|0,0|0,0|0,0|0,0|0,0|0,0|0,0|0,0|0,0|0,0|1,0|0,0|0,0|0,0|0,0|0,0|0,0|0,0|0,0|0,0|0,0|0,0|0,0|0,0|0,0|0,0|0,0|0,0|0,0|0,0|0,0|0,0|0,0|0,0|0,0|0,0|0,0|0,0|0,0|0,0|0,0|0,0|0,0|0,0|0,0|0,0|0,0|0,0|0,0|0,0|0,0|0,0|0,0|0,0|0,0|0,0|0,0|0,0|0,0|0,0|0,0|0,0|0,0|0,0|0,0|0,0|0,0|0,0|0,0|0,0|0,0|0,0|0,0|0,0|0,0|0,0|0,0|0,0|0,0|0,0|0,0|0,0|0,0|0,0|0,0|0,0|0,0|0,0|0,0|0,0|0,0|0,0|0,0|0
12,108889827,.,A,C,.,PASS,AC=1603;AN=5096;DP=35693;AF=0.31;EAS_AF=0.45;EUR_AF=0.44;AFR_AF=0.02;AMR_AF=0.28;SAS_AF=0.47;VT=SNP;NS=2548,GT,0|0,1|1,0|1,0|0,0|0,0|0,1|0,0|0,0|0,1|0,1|0,1|1,0|1,0|0,1|0,1|1,1|0,0|1,0|0,1|0,0|0,0|1,0|0,0|1,1|1,1|0,0|0,1|0,0|1,0|0,1|0,0|0,1|1,0|0,1|1,0|0,1|0,1|0,1|1,0|0,0|0,1|0,1|1,1|0,0|1,1|0,1|1,0|0,0|1,1|0,0|0,1|1,0|0,1|0,0|1,0|0,0|0,0|1,0|0,1|0,0|0,0|0,0|1,1|1,0|1,0|1,0|0,1|1,0|0,0|1,0|0,0|1,0|1,0|0,0|0,1|0,0|1,0|0,1|0,1|1,1|1,0|1,1|1,1|0,1|0,1|0,0|0,1|0,0|0,0|0,0|0,0|0,1|0,0|1
12,108889950,.,A,G,.,PASS,AC=135;AN=5096;DP=41282;AF=0.03;EAS_AF=0;EUR_AF=0;AFR_AF=0.1;AMR_AF=0.01;SAS_AF=0;VT=SNP;NS=2548,GT,0|0,0|0,0|0,0|0,0|0,0|0,0|0,0|0,0|0,0|0,0|0,0|0,0|0,0|0,0|0,0|0,0|0,0|0,0|0,0|0,0|0,0|0,0|0,0|0,0|0,0|0,0|0,0|0,0|0,0|0,0|0,0|0,0|0,0|0,0|0,0|0,0|0,0|0,0|0,0|0,0|0,0|0,0|0,0|0,0|0,0|0,0|0,0|0,0|0,0|0,0|0,0|0,0|0,0|0,0|0,0|0,0|0,0|0,0|0,0|0,0|0,0|0,1|0,0|0,0|0,0|0,0|0,0|0,0|0,0|0,0|0,0|0,0|0,0|0,0|0,0|0,0|0,0|0,0|0,0|0,0|0,0|0,0|0,0|0,0|0,0|0,0|0,0|0,0|0,0|0,0|0,0|0,0|0,0|0
12,108889967,.,C,T,.,PASS,AC=61;AN=5096;DP=46351;AF=0.01;EAS_AF=0;EUR_AF=0;AFR_AF=0.04;AMR_AF=0;SAS_AF=0;VT=SNP;NS=2548,GT,0|0,0|0,0|0,0|0,1|0,0|0,0|0,0|0,0|0,0|0,0|0,0|0,0|0,0|0,0|0,0|0,0|0,0|0,0|0,0|0,0|0,0|0,0|0,0|0,0|0,0|0,0|0,0|0,0|0,1|0,0|0,0|0,0|0,0|0,0|0,0|0,0|0,0|0,0|0,0|0,0|0,0|0,0|0,0|0,0|0,0|0,0|0,0|0,0|0,0|0,1|0,0|0,0|0,0|0,0|0,0|0,0|0,0|0,0|0,0|0,0|0,0|0,0|0,0|0,0|0,0|0,0|0,0|0,0|0,0|0,0|0,0|0,0|0,0|0,0|0,0|0,0|0,0|0,0|0,0|0,0|0,0|0,0|0,0|0,0|0,0|0,0|0,0|0,0|0,0|0,0|0,0|0,0|0,0|0
12,108890017,.,T,C,.,PASS,AC=41;AN=5096;DP=70632;AF=0.01;EAS_AF=0;EUR_AF=0;AFR_AF=0.03;AMR_AF=0.01;SAS_AF=0;VT=SNP;NS=2548,GT,0|0,0|0,0|0,0|0,0|0,0|0,0|0,0|0,0|0,0|0,0|0,0|0,1|0,0|0,0|0,0|0,0|0,0|0,0|0,0|0,0|0,0|0,0|0,0|0,0|0,0|0,0|0,0|0,0|0,0|0,0|0,0|0,0|0,0|0,0|0,0|0,0|0,0|0,0|0,0|0,0|0,0|0,0|0,0|0,1|0,0|0,0|0,0|0,0|0,0|0,0|0,0|0,0|0,0|0,0|0,0|0,0|0,0|0,0|0,0|0,0|0,0|0,0|0,0|0,0|0,0|0,0|0,0|0,0|0,0|0,0|0,0|0,0|0,0|0,0|0,0|0,0|0,0|0,0|0,0|0,0|0,0|0,0|0,0|0,0|0,0|0,0|0,0|0,0|0,0|0,0|0,0|0,0|0,0|0
12,108890198,.,G,A,.,PASS,AC=23;AN=5096;DP=386132;AF=0;EAS_AF=0;EUR_AF=0.01;AFR_AF=0;AMR_AF=0.01;SAS_AF=0;EX_TARGET;VT=SNP;NS=2548,GT,0|0,0|0,0|0,0|0,0|0,0|0,0|0,0|0,0|0,0|0,0|0,0|0,0|0,0|0,0|0,0|0,0|0,0|0,0|0,0|0,0|0,0|0,0|0,0|0,0|0,1|0,0|0,0|0,0|0,0|0,0|0,0|0,0|0,0|0,0|0,0|0,0|0,0|0,0|0,0|0,0|0,0|0,0|0,0|0,0|0,0|0,0|0,0|0,0|0,0|0,0|0,0|0,0|0,0|0,0|0,0|0,0|0,0|0,0|0,0|0,0|0,0|0,0|0,0|0,0|0,0|0,0|0,0|0,0|0,0|0,0|0,0|0,0|0,0|0,0|0,0|0,0|0,0|0,0|0,0|0,0|0,0|0,0|0,0|0,0|0,0|0,0|0,0|0,0|0,0|0,0|0,0|0,0|0,0|1
12,108890664,.,C,T,.,PASS,AC=51;AN=5096;DP=25472;AF=0.01;EAS_AF=0;EUR_AF=0.03;AFR_AF=0;AMR_AF=0.01;SAS_AF=0.01;VT=SNP;NS=2548,GT,0|0,0|0,0|0,0|0,0|0,0|0,0|0,0|0,0|0,0|0,0|0,0|0,0|0,0|0,0|0,0|0,0|0,0|0,0|0,0|0,0|0,0|0,0|0,0|0,0|1,1|0,0|0,0|0,0|0,0|0,0|0,0|0,0|0,0|0,0|0,0|0,0|0,0|0,1|1,0|0,0|0,0|0,0|0,0|0,0|0,0|0,0|0,0|0,0|0,0|0,0|0,0|0,0|0,0|0,0|0,0|0,0|0,0|0,0|0,0|0,0|0,0|0,0|0,0|0,0|0,0|0,0|0,0|0,0|0,0|0,0|0,0|0,0|0,0|0,0|0,0|0,0|0,0|0,0|0,0|0,0|0,0|0,0|0,0|0,0|0,1|0,0|0,0|0,0|0,0|0,0|0,0|0,0|0,0|1
12,108890702,.,G,T,.,PASS,AC=2537;AN=5096;DP=25520;AF=0.5;EAS_AF=0.54;EUR_AF=0.27;AFR_AF=0.73;AMR_AF=0.52;SAS_AF=0.36;VT=SNP;NS=2548,GT,1|0,0|0,1|0,0|1,1|1,1|1,0|0,0|0,1|1,0|1,0|0,0|0,1|0,1|1,0|1,0|0,0|1,1|0,1|1,0|1,0|1,1|0,1|1,1|0,0|0,0|0,1|1,0|0,0|0,1|1,0|1,0|1,0|0,1|0,0|0,1|0,0|0,0|0,0|0,1|0,1|0,0|0,0|0,0|1,1|0,0|1,0|0,0|1,0|0,0|1,1|1,0|0,0|1,0|1,1|0,1|1,1|1,1|0,1|1,0|1,0|1,1|1,1|0,0|0,0|0,1|0,1|1,0|0,1|1,0|0,0|1,1|0,1|0,1|0,0|1,0|1,0|0,1|0,0|1,0|0,0|0,0|0,0|0,0|1,0|1,0|1,1|1,0|1,0|0,0|1,0|0,1|0,0|1,1|0
12,108890953,.,C,T,.,PASS,AC=42;AN=5096;DP=19488;AF=0.01;EAS_AF=0;EUR_AF=0;AFR_AF=0.03;AMR_AF=0.01;SAS_AF=0;VT=SNP;NS=2548,GT,0|0,0|0,0|0,0|0,0|0,0|0,0|0,0|0,0|0,0|0,0|0,0|0,1|0,0|0,0|0,0|0,0|0,0|0,0|0,0|0,0|0,0|0,0|0,0|0,0|0,0|0,0|0,0|0,0|0,0|0,0|0,0|0,0|0,0|0,0|0,0|0,0|0,0|0,0|0,0|0,0|0,0|0,0|0,0|0,1|0,0|0,0|0,0|0,0|0,0|0,0|0,0|0,0|0,0|0,0|0,0|0,0|0,0|0,0|0,0|0,0|0,0|0,0|0,0|0,0|0,0|0,0|0,0|0,0|0,0|0,0|0,0|0,0|0,0|0,0|0,0|0,0|0,0|0,0|0,0|0,0|0,0|0,0|0,0|0,0|0,0|0,0|0,0|0,0|0,0|0,0|0,0|0,0|0,0|0
12,108890957,.,T,G,.,PASS,AC=13;AN=5096;DP=19624;AF=0;EAS_AF=0;EUR_AF=0;AFR_AF=0.01;AMR_AF=0;SAS_AF=0;VT=SNP;NS=2548,GT,0|0,0|0,0|0,0|0,0|0,0|0,0|0,0|0,0|0,0|0,0|0,0|0,0|0,0|0,0|0,0|0,0|0,0|0,0|0,0|1,0|0,0|0,0|0,0|0,0|0,0|0,0|0,0|0,0|0,0|0,0|0,0|0,0|0,0|0,0|0,0|0,0|0,0|0,0|0,0|0,0|0,0|0,0|0,0|0,0|0,0|0,0|0,0|0,0|0,0|0,0|0,0|0,0|0,0|0,0|0,0|0,0|0,0|0,0|0,0|0,0|0,0|0,0|0,0|0,0|0,0|0,0|0,0|0,0|0,0|0,0|0,0|0,0|0,0|0,0|0,0|0,0|0,0|0,0|0,0|0,0|0,0|0,0|0,0|0,0|0,0|0,0|0,0|0,0|0,0|0,0|0,0|0,0|0,0|0
12,108891167,.,G,A,.,PASS,AC=27;AN=5096;DP=18282;AF=0.01;EAS_AF=0;EUR_AF=0.01;AFR_AF=0;AMR_AF=0;SAS_AF=0.01;VT=SNP;NS=2548,GT,0|0,0|0,0|0,0|0,0|0,0|0,0|0,0|0,0|0,0|0,0|0,0|0,0|0,0|0,0|0,0|0,0|0,0|0,0|0,0|0,0|0,0|0,0|1,0|0,0|0,0|0,0|0,0|0,0|0,0|0,0|0,0|0,0|0,0|0,0|0,0|0,0|0,0|0,0|0,0|0,0|0,0|0,0|0,0|0,0|0,0|0,0|0,0|0,0|0,0|0,0|0,0|0,0|0,0|0,0|0,0|0,0|0,0|0,0|0,0|0,0|0,0|0,0|0,0|0,0|0,0|0,0|0,0|0,0|0,0|0,0|0,0|0,0|0,0|0,0|0,0|0,0|0,0|0,0|0,0|0,0|0,0|0,0|0,0|0,0|0,0|0,0|0,0|0,0|0,0|0,0|0,0|0,0|0,0|0
12,108891204,.,A,T,.,PASS,AC=2567;AN=5096;DP=18802;AF=0.5;EAS_AF=0.54;EUR_AF=0.27;AFR_AF=0.74;AMR_AF=0.52;SAS_AF=0.38;VT=SNP;NS=2548,GT,1|0,0|0,1|0,0|1,1|1,1|1,0|0,0|0,1|1,0|1,0|0,0|0,1|0,1|1,0|1,0|0,0|1,1|0,1|1,0|1,0|1,1|0,1|1,1|0,0|0,0|0,1|1,0|0,0|0,1|1,0|1,0|1,0|0,1|0,0|0,1|0,0|0,0|0,0|0,1|0,1|0,0|0,0|0,0|1,1|0,0|1,0|0,0|1,0|0,0|1,1|1,0|0,0|1,0|1,1|0,1|1,1|1,1|0,1|1,0|1,0|1,1|1,1|0,0|0,0|0,1|0,1|1,0|0,1|1,0|0,0|1,1|0,1|0,1|0,0|1,0|1,0|0,1|0,0|1,0|0,0|0,0|0,0|0,0|1,0|1,0|1,1|1,0|1,0|0,0|1,0|0,1|0,0|1,1|0
12,108891215,.,G,A,.,PASS,AC=135;AN=5096;DP=19129;AF=0.03;EAS_AF=0;EUR_AF=0;AFR_AF=0.1;AMR_AF=0.01;SAS_AF=0;VT=SNP;NS=2548,GT,0|0,0|0,0|0,0|0,0|0,0|0,0|0,0|0,0|0,0|0,0|0,0|0,0|0,0|0,0|0,0|0,0|0,0|0,0|0,0|0,0|0,0|0,0|0,0|0,0|0,0|0,0|0,0|0,0|0,0|0,0|0,0|0,0|0,0|0,0|0,0|0,0|0,0|0,0|0,0|0,0|0,0|0,0|0,0|0,0|0,0|0,0|0,0|0,0|0,0|0,0|0,0|0,0|0,0|0,0|0,0|0,0|0,0|0,0|0,0|0,0|0,0|0,1|0,0|0,0|0,0|0,0|0,0|0,0|0,0|0,0|0,0|0,0|0,0|0,0|0,0|0,0|0,0|0,0|0,0|0,0|0,0|0,0|0,0|0,0|0,0|0,0|0,0|0,0|0,0|0,0|0,0|0,0|0,0|0
12,108891700,.,G,A,.,PASS,AC=1358;AN=5096;DP=18596;AF=0.27;EAS_AF=0.47;EUR_AF=0.19;AFR_AF=0.12;AMR_AF=0.43;SAS_AF=0.21;VT=SNP;NS=2548,GT,1|0,0|0,1|0,0|1,0|0,1|1,0|0,0|0,1|1,0|1,0|0,0|0,0|0,1|1,0|1,0|0,0|1,1|0,1|1,0|0,0|1,1|0,1|1,1|0,0|0,0|0,1|1,0|0,0|0,0|1,0|1,0|1,0|0,1|0,0|0,1|0,0|0,0|0,0|0,1|0,1|0,0|0,0|0,0|1,0|0,0|1,0|0,0|1,0|0,0|1,0|1,0|0,0|1,0|1,1|0,1|1,1|1,1|0,1|1,0|1,0|1,1|1,0|0,0|0,0|0,1|0,1|1,0|0,1|1,0|0,0|1,0|0,1|0,1|0,0|0,0|1,0|0,1|0,0|1,0|0,0|0,0|0,0|0,0|1,0|1,0|1,1|1,0|0,0|0,0|1,0|0,1|0,0|1,1|0
12,108891705,.,G,C,.,PASS,AC=2569;AN=5096;DP=18459;AF=0.5;EAS_AF=0.54;EUR_AF=0.27;AFR_AF=0.74;AMR_AF=0.52;SAS_AF=0.38;VT=SNP;NS=2548,GT,1|0,0|0,1|0,0|1,1|1,1|1,0|0,0|0,1|1,0|1,0|0,0|0,1|0,1|1,0|1,0|0,0|1,1|0,1|1,0|1,0|1,1|0,1|1,1|0,0|0,0|0,1|1,0|0,0|0,1|1,0|1,0|1,0|0,1|0,0|0,1|0,0|0,0|0,0|0,1|0,1|0,0|0,0|0,0|1,1|0,0|1,0|0,0|1,0|0,0|1,1|1,0|0,0|1,0|1,1|0,1|1,1|1,1|0,1|1,0|1,0|1,1|1,1|0,0|0,0|0,1|0,1|1,0|0,1|1,0|0,0|1,1|0,1|0,1|0,0|1,0|1,0|0,1|0,0|1,0|0,0|0,0|0,0|0,0|1,0|1,0|1,1|1,0|1,0|0,0|1,0|0,1|0,0|1,1|0
12,108891746,.,G,A,.,PASS,AC=1;AN=5096;DP=17619;AF=0;EAS_AF=0;EUR_AF=0;AFR_AF=0;AMR_AF=0;SAS_AF=0;VT=SNP;NS=2548,GT,0|0,0|0,0|0,0|0,0|0,0|0,0|0,0|0,0|0,0|0,0|0,0|0,0|0,0|0,0|0,0|0,0|0,0|0,0|0,0|0,0|0,0|0,0|0,0|0,0|0,0|0,0|0,0|0,0|0,0|0,0|0,0|0,0|0,0|0,0|0,0|0,0|0,0|0,0|0,0|0,0|0,0|0,0|0,0|0,0|0,0|0,0|0,0|0,0|0,0|0,0|0,0|0,0|0,0|0,0|0,0|0,0|0,0|0,0|0,0|0,0|1,0|0,0|0,0|0,0|0,0|0,0|0,0|0,0|0,0|0,0|0,0|0,0|0,0|0,0|0,0|0,0|0,0|0,0|0,0|0,0|0,0|0,0|0,0|0,0|0,0|0,0|0,0|0,0|0,0|0,0|0,0|0,0|0,0|0
12,108891778,.,T,G,.,PASS,AC=40;AN=5096;DP=18115;AF=0.01;EAS_AF=0;EUR_AF=0;AFR_AF=0.03;AMR_AF=0;SAS_AF=0;VT=SNP;NS=2548,GT,0|0,0|0,0|0,0|0,0|0,0|0,0|0,0|0,0|0,0|0,0|0,0|0,0|0,0|0,0|0,0|0,0|0,0|0,0|0,0|0,0|0,0|0,0|0,0|0,0|0,0|0,0|0,0|0,0|0,0|0,0|0,0|0,0|0,0|0,0|0,0|0,0|0,0|0,0|0,0|0,0|0,0|0,0|0,0|0,0|0,0|0,0|0,0|0,0|0,0|0,0|0,0|0,0|0,0|0,0|0,0|0,0|0,0|0,0|0,0|0,0|0,0|0,0|0,0|0,0|0,0|0,0|0,0|0,0|0,0|0,0|0,0|0,0|0,0|0,0|0,0|0,0|0,0|0,0|0,0|0,0|0,0|0,0|0,0|0,0|0,0|0,0|0,0|1,0|0,0|0,0|0,0|0,0|0,0|0
12,108891843,.,T,C,.,PASS,AC=250;AN=5096;DP=21172;AF=0.05;EAS_AF=0.07;EUR_AF=0;AFR_AF=0.13;AMR_AF=0.01;SAS_AF=0.01;VT=SNP;NS=2548,GT,0|0,0|0,0|0,0|0,1|0,0|0,0|0,0|0,0|0,0|0,0|0,0|0,0|0,0|0,0|0,0|0,0|0,0|0,0|0,0|0,0|0,0|0,0|0,0|0,0|0,0|0,0|0,0|0,0|0,1|0,0|0,0|0,0|0,0|0,0|0,0|0,0|0,0|0,0|0,0|0,0|0,0|0,0|0,0|0,0|0,0|0,0|0,0|0,0|0,0|0,1|0,0|0,0|0,0|0,0|0,0|0,0|0,0|0,0|0,0|0,0|0,0|0,0|0,0|0,0|0,0|0,0|0,0|0,0|0,0|0,0|0,0|0,0|0,0|0,0|0,0|0,0|0,0|0,0|0,0|0,0|0,0|0,0|0,0|0,0|0,0|0,0|0,0|0,0|0,0|0,0|0,0|0,0|0,0|0
12,108892215,.,A,T,.,PASS,AC=2563;AN=5096;DP=13888;AF=0.5;EAS_AF=0.55;EUR_AF=0.27;AFR_AF=0.73;AMR_AF=0.52;SAS_AF=0.38;VT=SNP;NS=2548,GT,1|0,0|0,1|0,0|1,1|1,1|1,0|0,0|0,1|1,0|1,0|0,0|0,1|0,1|1,0|1,0|0,0|1,1|0,1|1,0|1,0|1,1|0,1|1,1|0,0|0,0|0,1|1,0|0,0|0,1|1,0|1,0|1,0|0,1|0,0|0,1|0,0|0,0|0,0|0,1|0,1|0,0|0,0|0,0|1,1|0,0|1,0|0,0|1,0|0,0|1,1|1,0|0,0|1,0|1,1|0,1|1,1|1,1|0,1|1,0|1,0|1,1|1,1|0,0|0,0|0,1|0,1|1,0|0,1|1,0|0,0|1,1|0,1|0,1|0,0|1,0|1,0|0,1|0,0|1,0|0,0|0,0|0,0|0,0|1,0|1,0|1,1|1,0|1,0|0,0|1,0|0,1|0,0|1,1|0
12,108892370,.,C,G,.,PASS,AC=2569;AN=5096;DP=18216;AF=0.5;EAS_AF=0.55;EUR_AF=0.27;AFR_AF=0.74;AMR_AF=0.52;SAS_AF=0.38;VT=SNP;NS=2548,GT,1|0,0|0,1|0,0|1,1|1,1|1,0|0,0|0,1|1,0|1,0|0,0|0,1|0,1|1,0|1,0|0,0|1,1|0,1|1,0|1,0|1,1|0,1|1,1|0,0|0,0|0,1|1,0|0,0|0,1|1,0|1,0|1,0|0,1|0,0|0,1|0,0|0,0|0,0|0,1|0,1|0,0|0,0|0,0|1,1|0,0|1,0|0,0|1,0|0,0|1,1|1,0|0,0|1,0|1,1|0,1|1,1|1,1|0,1|1,0|1,0|1,1|1,1|0,0|0,0|0,1|0,1|1,0|0,1|1,0|0,0|1,1|0,1|0,1|0,0|1,0|1,0|0,1|0,0|1,0|0,0|0,0|0,0|0,0|1,0|1,0|1,1|1,0|1,0|0,0|1,0|0,1|0,0|1,1|0
12,108892623,.,C,T,.,PASS,AC=1363;AN=5096;DP=31857;AF=0.27;EAS_AF=0.47;EUR_AF=0.19;AFR_AF=0.12;AMR_AF=0.43;SAS_AF=0.21;VT=SNP;NS=2548,GT,1|0,0|0,1|0,0|1,0|0,1|1,0|0,0|0,1|1,0|1,0|0,0|0,0|0,1|1,0|1,0|0,0|1,1|0,1|1,0|0,0|1,1|0,1|1,1|0,0|0,0|0,1|1,0|0,0|0,0|1,0|1,0|1,0|0,1|0,0|0,1|0,0|0,0|0,0|0,1|0,1|0,0|0,0|0,0|1,0|0,0|1,0|0,0|1,0|0,0|1,0|1,0|0,0|1,0|1,1|0,1|1,1|1,1|0,1|1,0|1,0|1,1|1,0|0,0|0,0|0,1|0,1|1,0|0,1|1,0|0,0|1,0|0,1|0,1|0,0|0,0|1,0|0,1|0,0|1,0|0,0|0,0|0,0|0,0|1,0|1,0|1,1|1,0|0,0|0,0|1,0|0,1|0,0|1,1|0
12,108892800,.,G,C,.,PASS,AC=1362;AN=5096;DP=117775;AF=0.27;EAS_AF=0.47;EUR_AF=0.19;AFR_AF=0.12;AMR_AF=0.43;SAS_AF=0.21;VT=SNP;NS=2548,GT,1|0,0|0,1|0,0|1,0|0,1|1,0|0,0|0,1|1,0|1,0|0,0|0,0|0,1|1,0|1,0|0,0|1,1|0,1|1,0|0,0|1,1|0,1|1,1|0,0|0,0|0,1|1,0|0,0|0,0|1,0|1,0|1,0|0,1|0,0|0,1|0,0|0,0|0,0|0,1|0,1|0,0|0,0|0,0|1,0|0,0|1,0|0,0|1,0|0,0|1,0|1,0|0,0|1,0|1,1|0,1|1,1|1,1|0,1|1,0|1,0|1,1|1,0|0,0|0,0|0,1|0,1|1,0|0,1|1,0|0,0|1,0|0,1|0,1|0,0|0,0|1,0|0,1|0,0|1,0|0,0|0,0|0,0|0,0|1,0|1,0|1,1|1,0|0,0|0,0|1,0|0,1|0,0|1,1|0
12,108893134,.,G,A,.,PASS,AC=250;AN=5096;DP=208131;AF=0.05;EAS_AF=0.07;EUR_AF=0;AFR_AF=0.13;AMR_AF=0.01;SAS_AF=0.01;VT=SNP;NS=2548,GT,0|0,0|0,0|0,0|0,1|0,0|0,0|0,0|0,0|0,0|0,0|0,0|0,0|0,0|0,0|0,0|0,0|0,0|0,0|0,0|0,0|0,0|0,0|0,0|0,0|0,0|0,0|0,0|0,0|0,1|0,0|0,0|0,0|0,0|0,0|0,0|0,0|0,0|0,0|0,0|0,0|0,0|0,0|0,0|0,0|0,0|0,0|0,0|0,0|0,0|0,1|0,0|0,0|0,0|0,0|0,0|0,0|0,0|0,0|0,0|0,0|0,0|0,0|0,0|0,0|0,0|0,0|0,0|0,0|0,0|0,0|0,0|0,0|0,0|0,0|0,0|0,0|0,0|0,0|0,0|0,0|0,0|0,0|0,0|0,0|0,0|0,0|0,0|0,0|0,0|0,0|0,0|0,0|0,0|0
12,108893603,.,C,A,.,PASS,AC=1;AN=5096;DP=26808;AF=0;EAS_AF=0;EUR_AF=0;AFR_AF=0;AMR_AF=0;SAS_AF=0;VT=SNP;NS=2548,GT,0|0,0|0,0|0,0|0,0|0,0|0,0|0,0|0,0|0,0|0,0|0,0|0,0|0,0|0,0|0,0|0,0|0,0|0,0|0,0|0,0|0,0|0,0|0,0|0,0|0,0|0,0|0,0|0,0|0,0|0,0|0,0|0,0|0,0|0,0|0,0|0,0|0,0|0,0|0,0|0,0|0,0|0,0|0,0|0,0|0,0|0,0|0,0|0,0|0,0|0,0|0,0|0,0|0,0|0,0|0,0|0,0|0,1|0,0|0,0|0,0|0,0|0,0|0,0|0,0|0,0|0,0|0,0|0,0|0,0|0,0|0,0|0,0|0,0|0,0|0,0|0,0|0,0|0,0|0,0|0,0|0,0|0,0|0,0|0,0|0,0|0,0|0,0|0,0|0,0|0,0|0,0|0,0|0,0|0
12,108893882,.,G,A,.,PASS,AC=1;AN=5096;DP=25319;AF=0;EAS_AF=0;EUR_AF=0;AFR_AF=0;AMR_AF=0;SAS_AF=0;VT=SNP;NS=2548,GT,0|0,0|0,0|0,1|0,0|0,0|0,0|0,0|0,0|0,0|0,0|0,0|0,0|0,0|0,0|0,0|0,0|0,0|0,0|0,0|0,0|0,0|0,0|0,0|0,0|0,0|0,0|0,0|0,0|0,0|0,0|0,0|0,0|0,0|0,0|0,0|0,0|0,0|0,0|0,0|0,0|0,0|0,0|0,0|0,0|0,0|0,0|0,0|0,0|0,0|0,0|0,0|0,0|0,0|0,0|0,0|0,0|0,0|0,0|0,0|0,0|0,0|0,0|0,0|0,0|0,0|0,0|0,0|0,0|0,0|0,0|0,0|0,0|0,0|0,0|0,0|0,0|0,0|0,0|0,0|0,0|0,0|0,0|0,0|0,0|0,0|0,0|0,0|0,0|0,0|0,0|0,0|0,0|0,0|0
12,108893952,.,T,C,.,PASS,AC=834;AN=5096;DP=26550;AF=0.16;EAS_AF=0;EUR_AF=0.08;AFR_AF=0.4;AMR_AF=0.08;SAS_AF=0.16;VT=SNP;NS=2548,GT,0|0,0|0,0|0,0|0,0|1,0|0,0|0,0|0,0|0,0|0,0|0,0|0,1|0,0|0,0|0,0|0,0|0,0|0,0|0,0|1,0|0,0|0,0|0,0|0,0|0,0|0,0|0,0|0,0|0,0|0,0|0,0|0,0|0,0|0,0|0,0|0,0|0,0|0,0|0,0|0,0|0,0|0,0|0,0|0,1|0,0|0,0|0,0|0,0|0,0|0,0|0,0|0,0|0,0|0,0|0,0|0,0|0,0|0,0|0,0|0,0|0,0|0,1|0,0|0,0|0,0|0,0|0,0|0,0|0,0|0,0|0,1|0,0|0,0|0,0|1,0|0,0|0,0|0,0|0,0|0,0|0,0|0,0|0,0|0,0|0,0|0,0|0,0|1,0|0,0|0,0|0,0|0,0|0,0|0
12,108894082,.,C,T,.,PASS,AC=25;AN=5096;DP=48712;AF=0;EAS_AF=0;EUR_AF=0.01;AFR_AF=0;AMR_AF=0;SAS_AF=0.01;VT=SNP;NS=2548,GT,0|0,0|0,0|0,0|0,0|0,0|0,0|0,0|0,0|0,0|0,0|1,0|0,0|0,0|0,0|0,0|0,0|0,0|0,0|0,0|0,0|0,0|0,0|0,0|0,0|0,0|0,0|0,0|0,0|0,0|0,0|0,0|0,0|0,0|0,0|0,0|0,0|0,0|0,0|0,0|0,0|0,0|0,0|0,0|0,0|0,0|0,0|0,0|0,0|0,0|0,0|0,0|0,0|0,0|0,0|0,0|0,0|0,0|0,0|0,0|0,0|0,0|0,0|0,0|0,0|0,0|0,0|0,0|0,0|0,0|0,0|0,0|0,0|0,0|0,0|0,0|0,0|0,0|0,0|0,0|0,0|0,0|0,0|0,0|0,0|0,0|0,0|0,0|0,0|0,0|0,0|0,0|0,0|0,0|0
12,108894208,.,A,G,.,PASS,AC=1358;AN=5096;DP=137466;AF=0.27;EAS_AF=0.47;EUR_AF=0.19;AFR_AF=0.12;AMR_AF=0.43;SAS_AF=0.21;VT=SNP;NS=2548,GT,1|0,0|0,1|0,0|1,0|0,1|1,0|0,0|0,1|1,0|1,0|0,0|0,0|0,1|1,0|1,0|0,0|1,1|0,1|1,0|0,0|1,1|0,1|1,1|0,0|0,0|0,1|1,0|0,0|0,0|1,0|1,0|1,0|0,1|0,0|0,1|0,0|0,0|0,0|0,1|0,1|0,0|0,0|0,0|1,0|0,0|1,0|0,0|1,0|0,0|1,0|1,0|0,0|1,0|1,1|0,1|1,1|1,1|0,1|1,0|1,0|1,1|1,0|0,0|0,0|0,1|0,1|1,0|0,1|1,0|0,0|1,0|0,1|0,1|0,0|0,0|1,0|0,1|0,0|1,0|0,0|0,0|0,0|0,0|1,0|1,0|1,1|1,0|0,0|0,0|1,0|0,1|0,0|1,1|0
12,108895267,.,A,ATG,.,PASS,AC=179;AN=5096;DP=33829;AF=0.04;EAS_AF=0;EUR_AF=0;AFR_AF=0.12;AMR_AF=0.02;SAS_AF=0;VT=INDEL;NS=2548,GT,0|0,0|0,0|0,0|0,1|0,0|0,0|0,0|0,0|0,0|0,0|0,0|0,1|0,0|0,0|0,0|0,0|0,0|0,0|0,0|1,0|0,0|0,0|0,0|0,0|0,0|0,0|0,0|0,0|0,1|0,0|0,0|0,0|0,0|0,0|0,0|0,0|0,0|0,0|0,0|0,0|0,0|0,0|0,0|0,1|0,0|0,0|0,0|0,0|0,0|0,1|0,0|0,0|0,0|0,0|0,0|0,0|0,0|0,0|0,0|0,0|0,0|0,0|0,0|0,0|0,0|0,0|0,0|0,0|0,0|0,0|0,0|0,0|0,0|0,0|0,0|0,0|0,0|0,0|0,0|0,0|0,0|0,0|0,0|0,0|0,0|0,0|0,0|1,0|0,0|0,0|0,0|0,0|0,0|0
12,108895443,.,C,T,.,PASS,AC=2217;AN=5096;DP=32500;AF=0.44;EAS_AF=0.47;EUR_AF=0.31;AFR_AF=0.49;AMR_AF=0.54;SAS_AF=0.37;VT=SNP;NS=2548,GT,1|0,0|0,1|0,0|1,0|1,1|1,0|0,0|1,1|1,0|1,0|0,0|0,1|0,1|1,0|1,0|0,0|1,1|0,1|1,0|1,0|1,1|0,1|1,1|0,0|0,0|0,1|1,0|0,1|0,0|1,0|1,0|1,0|0,1|0,0|0,1|0,0|0,0|0,0|0,1|0,1|0,0|0,0|0,0|1,1|0,0|1,0|0,0|1,1|0,0|1,0|1,0|0,0|1,0|1,1|0,1|1,1|1,1|0,1|1,0|1,0|1,1|1,1|0,0|0,0|0,1|0,1|1,0|0,1|1,0|0,1|1,1|0,1|0,1|0,1|1,0|1,0|0,1|1,0|1,0|0,0|0,0|0,0|0,0|1,0|1,0|1,1|1,0|1,1|0,0|1,0|0,1|0,0|1,1|0
12,108895535,.,A,AG,.,PASS,AC=2121;AN=5096;DP=33525;AF=0.42;EAS_AF=0.47;EUR_AF=0.27;AFR_AF=0.47;AMR_AF=0.5;SAS_AF=0.36;VT=INDEL;NS=2548,GT,1|0,0|0,1|0,0|1,0|1,1|1,0|0,0|0,1|1,0|1,0|0,0|0,1|0,1|1,0|1,0|0,0|1,1|0,1|1,0|1,0|1,1|0,1|1,1|0,0|0,0|0,1|1,0|0,0|0,0|1,0|1,0|1,0|0,1|0,0|0,1|0,0|0,0|0,0|0,1|0,1|0,0|0,0|0,0|1,1|0,0|1,0|0,0|1,0|0,0|1,0|1,0|0,0|1,0|1,1|0,1|1,1|1,1|0,1|1,0|1,0|1,1|1,1|0,0|0,0|0,1|0,1|1,0|0,1|1,0|0,0|1,1|0,1|0,1|0,0|1,0|1,0|0,1|0,0|1,0|0,0|0,0|0,0|0,0|1,0|1,0|1,1|1,0|1,0|0,0|1,0|0,1|0,0|1,1|0
12,108895617,.,A,G,.,PASS,AC=2564;AN=5096;DP=34483;AF=0.5;EAS_AF=0.54;EUR_AF=0.27;AFR_AF=0.73;AMR_AF=0.52;SAS_AF=0.38;VT=SNP;NS=2548,GT,1|0,0|0,1|0,0|1,1|1,1|1,0|0,0|0,1|1,0|1,0|0,0|0,1|0,1|1,0|1,0|0,0|1,1|0,1|1,0|1,0|1,1|0,1|1,1|0,0|0,0|0,1|1,0|0,0|0,1|1,0|1,0|1,0|0,1|0,0|0,1|0,0|0,0|0,0|0,1|0,1|0,0|0,0|0,0|1,1|0,0|1,0|0,0|1,0|0,0|1,1|1,0|0,0|1,0|1,1|0,1|1,1|1,1|0,1|1,0|1,0|1,1|1,1|0,0|0,0|0,1|0,1|1,0|0,1|1,0|0,0|1,1|0,1|0,1|0,0|1,0|1,0|0,1|0,0|1,0|0,0|0,0|0,0|0,0|1,0|1,0|1,1|1,0|1,0|0,0|1,0|0,1|0,0|1,1|0
12,108895645,.,T,C,.,PASS,AC=63;AN=5096;DP=35060;AF=0.01;EAS_AF=0;EUR_AF=0;AFR_AF=0.04;AMR_AF=0.01;SAS_AF=0;VT=SNP;NS=2548,GT,0|0,0|0,0|0,0|0,0|0,0|0,0|0,0|0,0|0,0|0,0|0,0|0,0|0,0|0,0|0,0|0,0|0,0|0,0|0,0|0,0|0,0|0,0|0,0|0,0|0,0|0,0|0,0|0,0|0,0|0,0|0,0|0,0|0,0|0,0|0,0|0,0|0,0|0,0|0,0|0,0|0,0|0,0|0,0|0,0|0,0|0,0|0,0|0,0|0,0|0,0|0,0|0,0|0,0|0,0|0,0|0,0|0,0|0,0|0,0|0,0|0,0|0,0|0,0|0,0|0,0|0,0|0,0|0,0|0,0|0,0|0,1|0,0|0,0|0,0|1,0|0,0|0,0|0,0|0,0|0,0|0,0|0,0|0,0|0,0|0,0|0,0|0,0|0,0|0,0|0,0|0,0|0,0|0,0|0
12,108895652,.,ATG,A,.,PASS,AC=4;AN=5096;DP=35021;AF=0;EAS_AF=0;EUR_AF=0;AFR_AF=0;AMR_AF=0;SAS_AF=0;VT=INDEL;NS=2548,GT,0|0,0|0,0|0,0|0,0|0,0|0,0|0,0|0,0|0,0|0,0|0,0|0,0|0,0|0,0|0,0|0,0|0,0|0,0|0,0|0,0|0,0|0,0|0,0|0,0|0,0|0,0|0,0|0,0|0,0|0,0|0,0|0,0|0,0|0,0|0,0|0,0|0,0|0,0|0,1|0,0|0,0|0,0|0,0|0,0|0,0|0,0|0,0|0,0|0,0|0,0|0,0|0,0|0,0|0,0|0,0|0,0|0,0|0,0|0,0|0,0|0,0|0,0|0,0|0,0|0,0|0,0|0,0|0,0|0,0|0,0|0,0|0,0|0,0|0,0|0,0|0,0|0,0|0,0|0,0|0,0|0,0|0,0|0,0|0,0|0,0|0,0|0,0|0,0|0,0|0,0|0,0|0,0|0,0|0
12,108895692,.,G,A,.,PASS,AC=2119;AN=5096;DP=33476;AF=0.42;EAS_AF=0.47;EUR_AF=0.27;AFR_AF=0.47;AMR_AF=0.5;SAS_AF=0.36;VT=SNP;NS=2548,GT,1|0,0|0,1|0,0|1,0|1,1|1,0|0,0|0,1|1,0|1,0|0,0|0,1|0,1|1,0|1,0|0,0|1,1|0,1|1,0|1,0|1,1|0,1|1,1|0,0|0,0|0,1|1,0|0,0|0,0|1,0|1,0|1,0|0,1|0,0|0,1|0,0|0,0|0,0|0,1|0,1|0,0|0,0|0,0|1,1|0,0|1,0|0,0|1,0|0,0|1,0|1,0|0,0|1,0|1,1|0,1|1,1|1,1|0,1|1,0|1,0|1,1|1,1|0,0|0,0|0,1|0,1|1,0|0,1|1,0|0,0|1,1|0,1|0,1|0,0|1,0|1,0|0,1|0,0|1,0|0,0|0,0|0,0|0,0|1,0|1,0|1,1|1,0|1,0|0,0|1,0|0,1|0,0|1,1|0
12,108895734,.,GGT,G,.,PASS,AC=760;AN=5096;DP=31386;AF=0.15;EAS_AF=0;EUR_AF=0.08;AFR_AF=0.35;AMR_AF=0.07;SAS_AF=0.15;VT=INDEL;NS=2548,GT,0|0,0|0,0|0,0|0,0|1,0|0,0|0,0|0,0|0,0|0,0|0,0|0,1|0,0|0,0|0,0|0,0|0,0|0,0|0,0|1,0|0,0|0,0|0,0|0,0|0,0|0,0|0,0|0,0|0,0|0,0|0,0|0,0|0,0|0,0|0,0|0,0|0,0|0,0|0,0|0,0|0,0|0,0|0,0|0,1|0,0|0,0|0,0|0,0|0,0|0,0|0,0|0,0|0,0|0,0|0,0|0,0|0,0|0,0|0,0|0,0|0,0|0,1|0,0|0,0|0,0|0,0|0,0|0,0|0,0|0,0|0,1|0,0|0,0|0,0|1,0|0,0|0,0|0,0|0,0|0,0|0,0|0,0|0,0|0,0|0,0|0,0|0,0|1,0|0,0|0,0|0,0|0,0|0,0|0
12,108895799,.,A,G,.,PASS,AC=2567;AN=5096;DP=28616;AF=0.5;EAS_AF=0.54;EUR_AF=0.27;AFR_AF=0.74;AMR_AF=0.52;SAS_AF=0.38;VT=SNP;NS=2548,GT,1|0,0|0,1|0,0|1,1|1,1|1,0|0,0|0,1|1,0|1,0|0,0|0,1|0,1|1,0|1,0|0,0|1,1|0,1|1,0|1,0|1,1|0,1|1,1|0,0|0,0|0,1|1,0|0,0|0,1|1,0|1,0|1,0|0,1|0,0|0,1|0,0|0,0|0,0|0,1|0,1|0,0|0,0|0,0|1,1|0,0|1,0|0,0|1,0|0,0|1,1|1,0|0,0|1,0|1,1|0,1|1,1|1,1|0,1|1,0|1,0|1,1|1,1|0,0|0,0|0,1|0,1|1,0|0,1|1,0|0,0|1,1|0,1|0,1|0,0|1,0|1,0|0,1|0,0|1,0|0,0|0,0|0,0|0,0|1,0|1,0|1,1|1,0|1,0|0,0|1,0|0,1|0,0|1,1|0
12,108895840,.,G,A,.,PASS,AC=40;AN=5096;DP=27527;AF=0.01;EAS_AF=0;EUR_AF=0;AFR_AF=0.03;AMR_AF=0;SAS_AF=0;VT=SNP;NS=2548,GT,0|0,0|0,0|0,0|0,0|0,0|0,0|0,0|0,0|0,0|0,0|0,0|0,0|0,0|0,0|0,0|0,0|0,0|0,0|0,0|0,0|0,0|0,0|0,0|0,0|0,0|0,0|0,0|0,0|0,0|0,0|0,0|0,0|0,0|0,0|0,0|0,0|0,0|0,0|0,0|0,0|0,0|0,0|0,0|0,0|0,0|0,0|0,0|0,0|0,0|0,0|0,0|0,0|0,0|0,0|0,0|0,0|0,0|0,0|0,0|0,0|0,0|0,0|0,0|0,0|0,0|0,0|0,0|0,0|0,0|0,0|0,0|0,0|0,0|0,0|0,0|0,0|0,0|0,0|0,0|0,0|0,0|0,0|0,0|0,0|0,0|0,0|0,0|1,0|0,0|0,0|0,0|0,0|0,0|0
12,108895944,.,C,T,.,PASS,AC=16;AN=5096;DP=24408;AF=0;EAS_AF=0;EUR_AF=0.01;AFR_AF=0;AMR_AF=0;SAS_AF=0;VT=SNP;NS=2548,GT,0|0,0|0,0|0,0|0,0|0,0|0,0|0,0|0,0|0,0|0,0|0,0|0,0|0,0|0,0|0,0|0,0|0,0|0,0|0,0|0,0|0,0|0,0|0,0|0,0|0,0|0,0|0,0|0,0|0,0|0,0|0,0|0,0|0,0|0,0|0,0|0,0|0,0|0,0|0,0|0,0|0,0|0,0|0,0|0,0|0,0|0,0|0,0|0,0|0,0|0,0|0,0|0,0|0,0|0,0|0,0|0,0|0,0|1,0|0,0|0,0|0,0|0,0|0,0|0,0|0,0|0,0|0,0|0,0|0,0|0,0|0,0|0,0|0,0|0,0|0,0|0,0|0,0|0,0|0,0|0,0|0,0|0,0|0,0|0,0|0,0|0,0|0,0|0,0|0,0|0,0|0,0|0,0|0,0|0
12,108896034,.,T,TA,.,PASS,AC=2099;AN=5096;DP=22059;AF=0.41;EAS_AF=0.46;EUR_AF=0.27;AFR_AF=0.47;AMR_AF=0.51;SAS_AF=0.36;VT=INDEL;NS=2548,GT,1|0,0|0,1|0,0|1,0|1,1|1,0|0,0|0,1|1,0|1,0|0,0|0,1|0,1|1,0|1,0|0,0|1,1|0,1|1,0|1,0|1,1|0,1|1,1|0,0|0,0|0,1|1,0|0,0|0,0|1,0|1,0|1,0|0,1|0,0|0,1|0,0|0,0|0,0|0,1|0,1|0,0|0,0|0,0|1,1|0,0|1,0|0,0|1,0|0,0|1,0|1,0|0,0|1,0|1,1|0,1|1,1|1,1|0,1|1,0|1,0|1,1|1,1|0,0|0,0|0,1|0,1|1,0|0,1|1,0|0,0|1,1|0,1|0,1|0,0|1,0|1,0|0,1|0,0|1,0|0,0|0,0|0,0|0,0|1,0|1,0|1,1|1,0|1,0|0,0|1,0|0,1|0,0|1,1|0
12,108896066,.,C,T,.,PASS,AC=19;AN=5096;DP=23037;AF=0;EAS_AF=0;EUR_AF=0.01;AFR_AF=0;AMR_AF=0.02;SAS_AF=0;VT=SNP;NS=2548,GT,0|0,0|0,0|0,0|0,0|0,0|0,0|1,0|0,0|0,0|0,0|0,0|0,0|0,0|0,0|0,0|0,0|0,0|0,0|0,0|0,0|0,0|0,0|0,0|0,0|0,0|0,0|0,0|0,0|0,0|0,0|0,0|0,0|0,0|0,0|0,0|0,0|1,0|0,0|0,0|0,0|0,0|0,0|0,0|0,0|0,0|0,0|0,0|0,0|0,0|0,0|0,0|0,0|0,0|0,0|0,0|0,0|0,0|0,0|0,0|0,0|0,0|0,0|0,0|0,0|0,0|0,0|0,0|0,0|0,0|0,0|0,0|0,0|0,0|1,0|0,0|0,0|0,0|0,0|0,0|0,0|0,0|0,0|0,0|0,0|0,0|0,0|0,0|0,0|0,0|0,0|0,0|1,0|0,0|0
12,108896219,.,C,T,.,PASS,AC=1366;AN=5096;DP=17195;AF=0.27;EAS_AF=0.48;EUR_AF=0.2;AFR_AF=0.12;AMR_AF=0.43;SAS_AF=0.21;VT=SNP;NS=2548,GT,1|0,0|0,1|0,0|1,0|0,1|1,0|0,0|0,1|1,0|1,0|0,0|0,0|0,1|1,0|1,0|0,0|1,1|0,1|1,0|0,0|1,1|0,1|1,1|0,0|0,0|0,1|1,0|0,0|0,0|1,0|1,0|1,0|0,1|0,0|0,1|0,0|0,0|0,0|0,1|0,1|0,0|0,0|0,0|1,0|0,0|1,0|0,0|1,0|0,0|1,0|1,0|0,0|1,0|1,1|0,1|1,1|1,1|0,1|1,0|1,0|1,1|1,0|0,0|0,0|0,1|0,1|1,0|0,1|1,0|0,0|1,0|0,1|0,1|0,0|0,0|1,0|0,1|0,0|1,0|0,0|0,0|0,0|0,0|1,0|1,0|1,1|1,0|0,0|0,0|1,0|0,1|0,0|1,1|0
12,108896292,.,A,G,.,PASS,AC=2140;AN=5096;DP=14999;AF=0.42;EAS_AF=0.48;EUR_AF=0.27;AFR_AF=0.48;AMR_AF=0.5;SAS_AF=0.36;VT=SNP;NS=2548,GT,1|0,0|0,1|0,0|1,0|1,1|1,0|0,0|0,1|1,0|1,0|0,0|0,1|0,1|1,0|1,0|0,0|1,1|0,1|1,0|1,0|1,1|0,1|1,1|0,0|0,0|0,1|1,0|0,0|0,0|1,0|1,0|1,0|0,1|0,0|0,1|0,0|0,0|0,0|0,1|0,1|0,0|0,0|0,0|1,1|0,0|1,0|0,0|1,0|0,0|1,0|1,0|0,0|1,0|1,1|0,1|1,1|1,1|0,1|1,0|1,0|1,1|1,1|0,0|0,0|0,1|0,1|1,0|0,1|1,0|0,0|1,1|0,1|0,1|0,0|1,0|1,0|0,1|0,0|1,0|0,0|0,0|0,0|0,0|1,0|1,0|1,1|1,0|1,0|0,0|1,0|0,1|0,0|1,1|0
12,108896409,.,G,A,.,PASS,AC=1369;AN=5096;DP=12094;AF=0.27;EAS_AF=0.48;EUR_AF=0.2;AFR_AF=0.12;AMR_AF=0.43;SAS_AF=0.21;VT=SNP;NS=2548,GT,1|0,0|0,1|0,0|1,0|0,1|1,0|0,0|0,1|1,0|1,0|0,0|0,0|0,1|1,0|1,0|0,0|1,1|0,1|1,0|0,0|1,1|0,1|1,1|0,0|0,0|0,1|1,0|0,0|0,0|1,0|1,0|1,0|0,1|0,0|0,1|0,0|0,0|0,0|0,1|0,1|0,0|0,0|0,0|1,0|0,0|1,0|0,0|1,0|0,0|1,0|1,0|0,0|1,0|1,1|0,1|1,1|1,1|0,1|1,0|1,0|1,1|1,0|0,0|0,0|0,1|0,1|1,0|0,1|1,0|0,0|1,0|0,1|0,1|0,0|0,0|1,0|0,1|0,0|1,0|0,0|0,0|0,0|0,0|1,0|1,0|1,1|1,0|0,0|0,0|1,0|0,1|0,0|1,1|0
12,108896442,.,A,AAAT,.,PASS,AC=433;AN=5096;DP=20444;AF=0.08;EAS_AF=0.14;EUR_AF=0.04;AFR_AF=0.06;AMR_AF=0.14;SAS_AF=0.07;VT=INDEL;NS=2548,GT,0|0,0|0,0|0,0|0,1|0,0|0,0|0,0|0,0|1,0|0,0|0,0|0,0|0,1|0,0|0,0|0,0|0,1|0,0|1,0|0,0|0,0|0,1|0,1|0,0|0,0|0,0|0,0|0,0|0,1|0,0|0,0|0,0|0,0|0,0|0,0|0,0|0,0|0,0|0,0|0,0|0,0|0,0|0,0|0,0|0,0|0,0|0,0|0,0|0,0|0,1|0,0|0,0|0,0|0,0|0,0|1,0|0,1|0,0|0,0|0,0|1,1|0,0|0,0|0,0|0,0|0,0|0,0|0,0|1,0|0,0|0,0|0,0|0,0|0,0|0,0|1,0|0,0|0,0|0,0|0,0|0,0|0,0|0,0|0,0|0,0|0,0|1,0|0,0|0,0|0,0|0,0|0,0|1,0|0
12,108897646,.,G,A,.,PASS,AC=270;AN=5096;DP=25142;AF=0.05;EAS_AF=0;EUR_AF=0.02;AFR_AF=0.16;AMR_AF=0.03;SAS_AF=0.01;VT=SNP;NS=2548,GT,0|0,0|0,0|0,0|0,1|0,0|0,0|0,0|0,0|0,0|0,0|0,0|0,0|0,0|0,0|0,0|0,0|0,0|0,0|0,0|0,0|0,0|0,0|0,0|0,0|0,0|0,0|0,0|0,0|0,1|0,0|0,0|0,0|0,0|0,0|0,0|0,0|0,0|0,0|0,0|0,0|0,0|0,0|0,0|0,0|0,0|0,0|0,0|0,0|0,0|0,1|0,0|0,0|0,0|0,0|0,0|0,0|0,0|0,0|0,0|0,0|0,0|0,0|0,0|0,0|0,0|0,0|0,0|0,0|0,0|0,0|0,1|0,0|0,0|0,0|1,0|0,0|0,0|0,0|0,0|0,0|0,0|0,0|0,0|0,0|0,0|0,0|0,0|0,0|0,0|0,0|0,0|0,0|0,0|0
12,108897685,.,C,T,.,PASS,AC=14;AN=5096;DP=22572;AF=0;EAS_AF=0;EUR_AF=0;AFR_AF=0;AMR_AF=0.01;SAS_AF=0;VT=SNP;NS=2548,GT,0|0,0|0,0|0,0|0,0|0,0|0,0|0,0|0,0|0,0|0,0|0,0|0,0|0,0|0,0|0,0|0,0|0,0|0,0|0,0|0,0|0,0|0,0|0,0|0,0|0,0|0,0|0,0|0,0|0,0|0,0|0,1|0,0|0,0|0,0|0,0|0,0|0,0|0,0|0,0|0,0|0,0|0,0|0,0|0,0|0,0|0,0|0,0|0,0|0,0|0,0|0,0|0,0|0,0|0,0|0,0|0,0|0,0|0,0|0,0|0,0|0,0|0,0|0,0|0,0|0,0|0,0|0,0|0,0|0,1|0,0|0,0|0,0|0,0|0,0|0,0|0,0|0,0|0,0|0,0|0,0|0,0|0,0|0,0|0,0|0,0|0,0|0,0|0,0|0,0|0,1|0,0|0,0|0,0|0
12,108897920,.,T,C,.,PASS,AC=38;AN=5096;DP=23102;AF=0.01;EAS_AF=0;EUR_AF=0;AFR_AF=0.03;AMR_AF=0;SAS_AF=0;VT=SNP;NS=2548,GT,0|0,0|0,0|0,0|0,0|0,0|0,0|0,0|0,0|0,0|0,0|0,0|0,0|0,0|0,0|0,0|0,0|0,0|0,0|0,0|0,0|0,0|0,0|0,0|0,0|0,0|0,0|0,0|0,0|0,0|0,0|0,0|0,0|0,0|0,0|0,0|0,0|0,0|0,0|0,0|0,0|0,0|0,0|0,0|0,0|0,0|0,0|0,0|0,0|0,0|0,0|0,0|0,0|0,0|0,0|0,0|0,0|0,0|0,0|0,0|0,0|0,0|0,0|0,0|0,0|0,0|0,0|0,0|0,0|0,0|0,0|0,0|0,0|0,0|0,0|0,0|0,0|0,0|0,0|0,0|0,0|0,0|0,0|0,0|0,0|0,0|0,0|0,0|1,0|0,0|0,0|0,0|0,0|0,0|0
12,108897946,.,CA,C,.,PASS,AC=1224;AN=5096;DP=23483;AF=0.24;EAS_AF=0.35;EUR_AF=0.18;AFR_AF=0.18;AMR_AF=0.41;SAS_AF=0.15;VT=INDEL;NS=2548,GT,1|0,0|0,1|0,0|0,1|0,1|1,0|0,0|0,1|1,0|1,0|0,0|0,1|0,1|1,0|0,0|0,0|1,1|0,1|1,0|0,0|1,1|0,1|1,1|0,0|0,0|0,1|1,0|0,0|0,1|1,0|1,0|1,0|0,1|0,0|0,1|0,0|0,0|0,0|0,1|0,1|0,0|0,0|0,0|1,0|0,0|1,0|0,0|1,0|1,0|1,1|1,0|0,0|1,0|1,1|0,1|1,0|1,1|0,1|1,0|1,0|1,1|1,1|0,0|0,0|0,1|0,1|1,0|0,1|1,0|0,0|1,0|0,1|0,1|0,0|0,0|1,0|0,1|0,0|1,0|0,0|0,0|0,0|0,0|1,0|1,0|1,1|1,0|0,0|0,0|1,0|0,1|0,0|1,1|0
12,108897947,.,A,G,.,PASS,AC=104;AN=5096;DP=24358;AF=0.02;EAS_AF=0;EUR_AF=0.05;AFR_AF=0;AMR_AF=0.05;SAS_AF=0.01;VT=SNP;NS=2548,GT,0|0,0|1,0|0,0|0,0|1,0|0,0|0,0|0,0|0,0|0,0|0,0|0,0|1,0|0,0|0,0|0,0|0,0|1,0|0,1|0,0|0,0|0,0|0,0|0,0|0,0|0,0|0,0|0,0|0,0|0,1|0,0|0,0|0,0|0,0|0,0|0,0|0,0|0,0|0,0|0,0|0,0|0,0|0,1|0,0|0,0|0,0|0,0|0,0|0,0|0,0|0,0|0,0|0,0|0,0|0,0|0,0|0,0|0,0|0,0|0,0|0,0|0,0|0,0|0,0|0,0|1,0|0,0|0,0|0,0|0,0|0,0|1,0|0,0|0,0|0,0|0,0|0,0|0,0|0,0|0,0|0,0|1,0|0,0|0,0|0,0|0,0|0,0|0,0|0,0|0,0|0,0|0,0|0,0|0
12,108898098,.,G,A,.,PASS,AC=2060;AN=5096;DP=31818;AF=0.4;EAS_AF=0.47;EUR_AF=0.3;AFR_AF=0.39;AMR_AF=0.55;SAS_AF=0.37;VT=SNP;NS=2548,GT,1|0,0|1,1|0,0|1,1|1,1|1,0|0,0|0,1|1,0|1,0|0,0|0,1|1,1|1,0|1,0|0,0|1,1|1,1|1,1|0,0|1,1|1,1|1,1|0,0|0,0|0,1|1,0|0,0|0,1|1,1|1,0|1,0|0,1|0,0|0,1|0,0|0,0|0,0|0,1|0,1|0,0|0,0|0,1|1,1|0,0|1,0|0,0|1,0|0,0|1,1|1,0|0,0|1,0|1,1|0,1|1,1|1,1|0,1|1,0|1,0|1,1|1,0|0,0|0,0|0,1|1,1|1,0|0,1|1,0|0,0|1,1|1,1|0,1|0,0|1,0|1,0|0,1|0,0|1,0|0,0|0,0|1,0|0,0|1,0|1,0|1,1|1,0|0,0|0,0|1,0|0,1|0,0|1,1|0
12,108898166,.,G,A,.,PASS,AC=244;AN=5096;DP=34805;AF=0.05;EAS_AF=0;EUR_AF=0;AFR_AF=0.17;AMR_AF=0.01;SAS_AF=0;VT=SNP;NS=2548,GT,0|0,0|0,0|0,0|0,0|0,0|0,0|0,0|0,0|0,0|0,0|0,0|0,0|0,0|0,0|0,0|0,0|0,0|0,0|0,0|0,0|0,0|0,0|0,0|0,0|0,0|0,0|0,0|0,0|0,0|0,0|0,0|0,0|0,0|0,0|0,0|0,0|0,0|0,0|0,0|0,0|0,0|0,0|0,0|0,0|0,0|0,0|0,0|0,0|0,0|0,0|0,0|0,0|0,0|0,0|0,0|0,0|0,0|0,0|0,0|0,0|0,0|0,1|0,0|0,0|0,0|0,0|0,0|0,0|0,0|0,0|0,0|0,0|0,0|0,0|0,0|0,0|0,0|0,0|0,0|0,0|0,0|0,0|0,0|0,0|0,0|0,0|0,0|0,0|0,0|0,0|0,0|0,0|0,0|0
12,108898422,.,G,A,.,PASS,AC=16;AN=5096;DP=52894;AF=0;EAS_AF=0;EUR_AF=0.01;AFR_AF=0;AMR_AF=0.01;SAS_AF=0;VT=SNP;NS=2548,GT,0|0,0|0,0|0,0|0,0|0,0|0,0|0,0|0,0|0,0|0,0|0,0|0,0|0,0|0,0|0,0|0,0|0,0|0,0|0,0|0,0|0,0|0,0|0,0|0,0|0,0|0,0|0,0|0,0|0,0|0,0|0,1|0,0|0,0|0,0|0,0|0,0|0,0|0,0|0,0|0,0|0,0|0,0|0,0|0,0|0,0|0,0|0,0|0,0|0,0|0,0|0,0|0,0|0,0|0,0|0,0|0,0|0,0|0,0|0,0|0,0|0,0|0,0|0,0|0,0|0,0|0,0|0,0|0,0|0,1|0,0|0,0|0,0|0,0|0,0|0,0|0,0|0,0|0,0|0,0|0,0|0,0|0,0|0,0|0,0|0,0|0,0|0,0|0,0|0,0|0,1|0,0|0,0|0,0|0
12,108898654,.,C,T,.,PASS,AC=386;AN=5096;DP=323522;AF=0.08;EAS_AF=0.15;EUR_AF=0.05;AFR_AF=0;AMR_AF=0.04;SAS_AF=0.15;EX_TARGET;VT=SNP;NS=2548,GT,0|0,0|0,0|0,0|1,0|0,0|0,0|0,0|0,0|0,0|0,0|0,0|0,0|0,0|0,0|1,0|0,0|0,0|0,0|0,0|0,0|0,0|1,0|0,0|0,0|0,0|0,0|0,0|0,0|0,0|0,0|0,0|0,0|0,0|0,0|0,0|0,0|0,0|0,0|0,0|0,0|0,0|0,0|0,0|0,0|0,0|0,0|0,0|0,0|0,0|0,0|0,0|0,0|0,0|0,0|0,0|0,1|0,0|0,0|0,0|0,0|0,0|0,0|0,0|0,0|0,0|0,0|0,0|0,0|0,0|0,0|0,0|0,0|0,0|0,0|0,0|0,0|0,0|0,0|0,0|0,0|0,0|0,0|0,0|0,0|0,0|0,0|0,0|0,0|0,0|0,0|0,0|0,0|0,0|0
12,108898994,.,G,A,.,PASS,AC=16;AN=5096;DP=53815;AF=0;EAS_AF=0;EUR_AF=0.01;AFR_AF=0;AMR_AF=0.01;SAS_AF=0;VT=SNP;NS=2548,GT,0|0,0|0,0|0,0|0,0|0,0|0,0|0,0|0,0|0,0|0,0|0,0|0,0|0,0|0,0|0,0|0,0|0,0|0,0|0,0|0,0|0,0|0,0|0,0|0,0|0,0|0,0|0,0|0,0|0,0|0,0|0,1|0,0|0,0|0,0|0,0|0,0|0,0|0,0|0,0|0,0|0,0|0,0|0,0|0,0|0,0|0,0|0,0|0,0|0,0|0,0|0,0|0,0|0,0|0,0|0,0|0,0|0,0|0,0|0,0|0,0|0,0|0,0|0,0|0,0|0,0|0,0|0,0|0,0|0,1|0,0|0,0|0,0|0,0|0,0|0,0|0,0|0,0|0,0|0,0|0,0|0,0|0,0|0,0|0,0|0,0|0,0|0,0|0,0|0,0|0,1|0,0|0,0|0,0|0
12,108899197,.,A,G,.,PASS,AC=174;AN=5096;DP=44112;AF=0.03;EAS_AF=0;EUR_AF=0.07;AFR_AF=0;AMR_AF=0.06;SAS_AF=0.06;VT=SNP;NS=2548,GT,0|0,1|0,0|0,0|0,0|0,0|0,1|0,0|0,0|0,0|0,0|0,0|1,0|0,0|0,0|0,1|0,1|0,0|0,0|0,0|0,0|0,0|0,0|0,0|0,0|0,0|0,0|0,0|0,0|0,0|0,0|0,0|0,0|0,0|0,1|0,0|0,0|0,1|0,0|0,0|0,0|0,0|0,0|1,0|0,0|1,0|0,0|1,0|0,0|0,1|0,0|0,0|0,0|0,0|0,0|0,0|0,0|0,0|0,0|0,1|0,0|0,0|0,0|1,0|1,0|0,0|0,0|0,0|1,0|0,0|1,0|0,0|0,0|0,0|0,0|0,0|0,0|1,0|0,0|0,0|0,1|1,0|0,0|0,0|0,0|0,0|0,0|0,0|0,0|0,0|0,0|0,0|0,1|0,0|0
12,108899507,.,T,C,.,PASS,AC=104;AN=5096;DP=121898;AF=0.02;EAS_AF=0;EUR_AF=0.05;AFR_AF=0;AMR_AF=0.04;SAS_AF=0.02;VT=SNP;NS=2548,GT,0|0,1|0,0|0,0|0,0|0,0|0,1|0,0|0,0|0,0|0,0|0,0|1,0|0,0|0,0|0,1|0,1|0,0|0,0|0,0|0,0|0,0|0,0|0,0|0,0|0,0|0,0|0,0|0,0|0,0|0,0|0,0|0,0|0,0|0,1|0,0|0,0|0,0|0,0|0,0|0,0|0,0|0,0|0,0|0,0|1,0|0,0|1,0|0,0|0,1|0,0|0,0|0,0|0,0|0,0|0,0|0,0|0,0|0,0|0,0|0,0|0,0|0,0|1,0|1,0|0,0|0,0|0,0|1,0|0,0|1,0|0,0|0,0|0,0|0,0|0,0|0,0|1,0|0,0|0,0|0,0|0,0|0,0|0,0|0,0|0,0|0,0|0,0|0,0|0,0|0,0|0,0|0,0|0,0|0
12,108899544,.,A,G,.,PASS,AC=2095;AN=5096;DP=88836;AF=0.41;EAS_AF=0.47;EUR_AF=0.3;AFR_AF=0.42;AMR_AF=0.55;SAS_AF=0.37;VT=SNP;NS=2548,GT,1|0,0|1,1|0,0|1,1|1,1|1,0|0,0|0,1|1,0|1,0|0,0|0,1|1,1|1,0|1,0|0,0|1,1|1,1|1,1|0,0|1,1|1,1|1,1|0,0|0,0|0,1|1,0|0,0|0,1|1,1|1,0|1,0|0,1|0,0|0,1|0,0|0,0|0,0|0,1|0,1|0,0|0,0|0,1|1,1|0,0|1,0|0,0|1,0|0,0|1,1|1,0|0,0|1,0|1,1|0,1|1,1|1,1|0,1|1,0|1,0|1,1|1,0|0,0|0,0|0,1|1,1|1,0|0,1|1,0|0,0|1,1|1,1|0,1|0,0|1,0|1,0|0,1|0,0|1,0|0,0|0,0|1,0|0,0|1,0|1,0|1,1|1,0|1,0|0,0|1,0|0,1|0,0|1,1|0
12,108899551,.,T,C,.,PASS,AC=38;AN=5096;DP=84877;AF=0.01;EAS_AF=0;EUR_AF=0;AFR_AF=0.03;AMR_AF=0;SAS_AF=0;VT=SNP;NS=2548,GT,0|0,0|0,0|0,0|0,0|0,0|0,0|0,0|0,0|0,0|0,0|0,0|0,0|0,0|0,0|0,0|0,0|0,0|0,0|0,0|0,0|0,0|0,0|0,0|0,0|0,0|0,0|0,0|0,0|0,0|0,0|0,0|0,0|0,0|0,0|0,0|0,0|0,0|0,0|0,0|0,0|0,0|0,0|0,0|0,0|0,0|0,0|0,0|0,0|0,0|0,0|0,0|0,0|0,0|0,0|0,0|0,0|0,0|0,0|0,0|0,0|0,0|0,0|0,0|0,0|0,0|0,0|0,0|0,0|0,0|0,0|0,0|0,0|0,0|0,0|0,0|0,0|0,0|0,0|0,0|0,0|0,0|0,0|0,0|0,0|0,0|0,0|0,0|1,0|0,0|0,0|0,0|0,0|0,0|0
12,108899641,.,C,T,.,PASS,AC=290;AN=5096;DP=47772;AF=0.06;EAS_AF=0;EUR_AF=0.06;AFR_AF=0.12;AMR_AF=0.06;SAS_AF=0.02;VT=SNP;NS=2548,GT,0|0,0|1,0|0,0|0,0|1,0|0,0|0,0|0,0|0,0|0,0|0,0|0,0|1,0|0,0|0,0|0,0|0,0|1,0|0,1|0,0|0,0|0,0|0,0|0,0|0,0|0,0|0,0|0,0|0,0|0,1|0,0|0,0|0,0|0,0|0,0|0,0|0,0|0,0|0,0|0,0|0,0|0,0|0,1|0,0|0,0|0,0|0,0|0,0|0,0|0,0|0,0|0,0|0,0|0,0|0,0|0,0|0,0|0,0|0,0|0,0|0,0|0,0|0,0|0,0|0,0|1,0|0,0|0,0|0,0|0,0|0,1|1,0|0,0|0,0|1,0|0,0|0,0|0,0|0,0|0,0|0,0|1,0|0,0|0,0|0,0|0,0|0,0|0,0|0,0|0,0|0,0|0,0|0,0|0
12,108900275,.,G,A,.,PASS,AC=2264;AN=5096;DP=82794;AF=0.44;EAS_AF=0.47;EUR_AF=0.3;AFR_AF=0.54;AMR_AF=0.55;SAS_AF=0.37;VT=SNP;NS=2548,GT,1|0,0|1,1|0,0|1,0|1,1|1,0|0,0|0,1|1,0|1,0|0,0|0,0|1,1|1,0|1,0|0,0|1,1|1,1|1,1|0,0|1,1|1,1|1,1|0,0|0,0|0,1|1,0|0,0|0,0|1,1|1,0|1,0|0,1|0,0|0,1|0,0|0,0|0,0|0,1|0,1|0,0|0,0|0,1|1,0|0,0|1,0|0,0|1,0|0,0|1,0|1,0|0,0|1,0|1,1|0,1|1,1|1,1|0,1|1,0|1,0|1,1|1,1|0,0|0,0|0,1|1,1|1,0|0,1|1,0|0,0|1,1|1,1|0,1|0,0|1,0|1,0|0,1|0,0|1,0|0,0|0,0|1,0|0,0|1,0|1,0|1,1|1,0|1,0|0,0|1,0|0,1|0,0|1,1|0
12,108900635,.,C,T,.,PASS,AC=1;AN=5096;DP=103688;AF=0;EAS_AF=0;EUR_AF=0;AFR_AF=0;AMR_AF=0;SAS_AF=0;VT=SNP;NS=2548,GT,0|0,0|0,0|0,0|0,0|0,0|0,0|0,0|0,0|0,0|0,0|0,0|0,0|0,0|0,0|0,0|0,0|0,0|0,0|0,0|0,0|0,0|0,0|0,0|0,0|0,0|0,0|0,0|0,0|0,0|0,0|0,0|1,0|0,0|0,0|0,0|0,0|0,0|0,0|0,0|0,0|0,0|0,0|0,0|0,0|0,0|0,0|0,0|0,0|0,0|0,0|0,0|0,0|0,0|0,0|0,0|0,0|0,0|0,0|0,0|0,0|0,0|0,0|0,0|0,0|0,0|0,0|0,0|0,0|0,0|0,0|0,0|0,0|0,0|0,0|0,0|0,0|0,0|0,0|0,0|0,0|0,0|0,0|0,0|0,0|0,0|0,0|0,0|0,0|0,0|0,0|0,0|0,0|0,0|0
12,108900731,.,C,T,.,PASS,AC=164;AN=5096;DP=45017;AF=0.03;EAS_AF=0;EUR_AF=0;AFR_AF=0.12;AMR_AF=0.01;SAS_AF=0;VT=SNP;NS=2548,GT,0|0,0|0,0|0,0|0,0|0,0|0,0|0,0|0,0|0,0|0,0|0,0|0,0|0,0|0,0|0,0|0,0|0,0|0,0|0,0|1,0|0,0|0,0|0,0|0,0|0,0|0,0|0,0|0,0|0,0|0,0|0,0|0,0|0,0|0,0|0,0|0,0|0,0|0,0|0,0|0,0|0,0|1,0|0,0|0,0|0,0|0,0|0,1|0,0|0,0|0,0|0,0|0,1|0,0|0,0|0,0|0,0|0,0|0,0|0,0|0,0|0,0|0,0|0,0|0,0|0,0|0,0|0,0|0,0|0,0|0,0|0,0|0,0|0,0|0,0|0,0|0,0|0,0|0,0|0,0|0,0|0,0|0,0|0,0|0,0|0,0|0,0|0,0|0,0|0,0|0,0|0,0|0,0|0,0|0
12,108900943,.,T,C,.,PASS,AC=1535;AN=5096;DP=26553;AF=0.3;EAS_AF=0.46;EUR_AF=0.19;AFR_AF=0.22;AMR_AF=0.44;SAS_AF=0.26;VT=SNP;NS=2548,GT,1|0,0|0,1|0,0|1,0|0,1|1,0|0,0|0,1|1,0|1,0|0,0|0,0|0,1|1,0|1,0|0,0|1,1|0,1|1,0|0,0|1,1|1,1|1,1|0,0|0,0|0,1|1,0|0,0|0,0|1,0|1,0|1,0|0,1|0,0|0,1|0,0|0,0|0,0|0,1|0,1|0,0|0,0|0,0|1,0|0,0|1,0|0,0|1,0|0,0|1,0|1,0|0,0|1,0|1,1|0,1|1,1|1,1|0,1|1,0|1,0|1,1|1,1|0,0|0,0|0,1|0,1|1,0|0,1|1,0|0,0|1,0|0,1|0,1|0,0|0,0|1,0|0,1|0,0|1,0|0,0|0,0|0,0|0,0|1,0|1,0|1,1|1,0|0,0|0,0|1,0|0,1|0,0|1,1|0
12,108901041,.,A,G,.,PASS,AC=41;AN=5096;DP=23682;AF=0.01;EAS_AF=0;EUR_AF=0;AFR_AF=0.03;AMR_AF=0.01;SAS_AF=0;VT=SNP;NS=2548,GT,0|0,0|0,0|0,0|0,0|0,0|0,0|0,0|0,0|0,0|0,0|0,0|0,1|0,0|0,0|0,0|0,0|0,0|0,0|0,0|0,0|0,0|0,0|0,0|0,0|0,0|0,0|0,0|0,0|0,0|0,0|0,0|0,0|0,0|0,0|0,0|0,0|0,0|0,0|0,0|0,0|0,0|0,0|0,0|0,1|0,0|0,0|0,0|0,0|0,0|0,0|0,0|0,0|0,0|0,0|0,0|0,0|0,0|0,0|0,0|0,0|0,0|0,0|0,0|0,0|0,0|0,0|0,0|0,0|0,0|0,0|0,0|0,0|0,0|0,0|0,0|0,0|0,0|0,0|0,0|0,0|0,0|0,0|0,0|0,0|0,0|0,0|0,0|0,0|0,0|0,0|0,0|0,0|0,0|0
