#CHROM,POS,ID,REF,ALT,QUAL,FILTER,INFO,FORMAT,HG02323,HG02337,HG02555,HG02284,HG02053,HG02307,HG02052,HG01986,HG02549,HG02479,HG02554,HG02427,HG02471,HG01880,HG02419,HG02332,HG02108,HG01883,HG02537,HG02318,HG01985,HG02484,HG02497,HG02470,HG02334,HG02476,HG02545,HG02054,HG02330,HG01879,HG02501,HG02450,HG02317,HG02477,HG02489,HG01890,HG02502,HG02481,HG02449,HG02546,HG02439,HG01882,HG02558,HG02433,HG02496,HG02508,HG01896,HG01894,HG02445,HG02283,HG02255,HG02256,HG02580,HG02051,HG01889,HG02014,HG02511,HG01885,HG01988,HG01912,HG02420,HG02315,HG02111,HG01958,HG02095,HG01886,HG01990,HG02541,HG02314,HG01956,HG02442,HG02429,HG01914,HG02282,HG02325,HG02505,HG02010,HG02309,HG02322,HG02107,HG02144,HG02012,HG02308,HG02536,HG02436,HG02343,HG02009,HG01915,HG02485,HG02577,HG01989,HG02281,HG02455,HG02143,HG02557,HG02013,HG02339
14,20684198,.,G,C,.,PASS,AC=112;AN=5096;DP=22129;AF=0.02;EAS_AF=0;EUR_AF=0.04;AFR_AF=0;AMR_AF=0.02;SAS_AF=0.05;VT=SNP;NS=2548,GT,0|0,0|0,0|0,0|0,0|0,0|0,0|0,0|0,0|0,0|0,0|0,0|0,0|0,0|0,0|0,0|0,0|0,0|0,0|0,0|0,0|0,0|0,0|0,0|0,0|0,0|0,0|0,0|0,0|0,0|0,0|0,0|0,0|0,0|0,0|0,0|0,0|0,0|0,0|0,0|0,0|0,0|0,0|0,0|0,0|0,0|0,0|0,0|0,0|0,0|0,0|0,0|0,0|0,0|0,0|0,0|0,0|0,0|0,0|0,0|0,0|0,0|0,0|1,0|0,0|0,0|0,0|0,0|0,0|0,0|0,0|0,0|0,0|0,0|0,0|0,0|0,0|0,0|0,0|0,0|0,0|0,0|0,0|0,0|0,0|0,0|0,0|0,0|0,0|0,0|0,0|0,0|0,0|0,0|0,0|0,0|0,0|0
14,20684247,.,T,C,.,PASS,AC=112;AN=5096;DP=21135;AF=0.02;EAS_AF=0;EUR_AF=0.04;AFR_AF=0;AMR_AF=0.02;SAS_AF=0.05;VT=SNP;NS=2548,GT,0|0,0|0,0|0,0|0,0|0,0|0,0|0,0|0,0|0,0|0,0|0,0|0,0|0,0|0,0|0,0|0,0|0,0|0,0|0,0|0,0|0,0|0,0|0,0|0,0|0,0|0,0|0,0|0,0|0,0|0,0|0,0|0,0|0,0|0,0|0,0|0,0|0,0|0,0|0,0|0,0|0,0|0,0|0,0|0,0|0,0|0,0|0,0|0,0|0,0|0,0|0,0|0,0|0,0|0,0|0,0|0,0|0,0|0,0|0,0|0,0|0,0|0,0|1,0|0,0|0,0|0,0|0,0|0,0|0,0|0,0|0,0|0,0|0,0|0,0|0,0|0,0|0,0|0,0|0,0|0,0|0,0|0,0|0,0|0,0|0,0|0,0|0,0|0,0|0,0|0,0|0,0|0,0|0,0|0,0|0,0|0,0|0
14,20684354,.,C,T,.,PASS,AC=12;AN=5096;DP=19112;AF=0;EAS_AF=0;EUR_AF=0;AFR_AF=0.01;AMR_AF=0;SAS_AF=0;VT=SNP;NS=2548,GT,0|0,0|0,0|0,0|0,0|0,0|0,0|0,0|0,0|0,0|0,0|0,1|1,0|0,0|0,0|0,0|0,0|0,0|0,0|0,0|0,0|0,0|0,0|0,0|0,0|0,0|0,0|0,0|0,0|0,0|0,0|0,0|0,0|0,0|0,0|0,0|0,0|0,0|0,0|0,0|0,0|0,0|0,0|0,0|0,0|0,0|0,0|0,0|0,0|0,0|0,0|0,0|0,0|0,0|0,0|0,0|0,0|0,0|0,0|0,0|0,0|0,0|0,0|0,0|0,0|0,0|0,0|0,0|0,0|0,0|0,0|0,0|0,0|0,0|0,0|0,0|0,0|0,0|0,0|1,0|0,0|0,0|0,0|0,0|0,0|0,0|0,0|0,0|0,0|0,0|0,0|0,0|0,0|0,0|0,0|0,0|0,0|0
14,20684376,.,G,T,.,PASS,AC=112;AN=5096;DP=17929;AF=0.02;EAS_AF=0;EUR_AF=0.04;AFR_AF=0;AMR_AF=0.02;SAS_AF=0.05;VT=SNP;NS=2548,GT,0|0,0|0,0|0,0|0,0|0,0|0,0|0,0|0,0|0,0|0,0|0,0|0,0|0,0|0,0|0,0|0,0|0,0|0,0|0,0|0,0|0,0|0,0|0,0|0,0|0,0|0,0|0,0|0,0|0,0|0,0|0,0|0,0|0,0|0,0|0,0|0,0|0,0|0,0|0,0|0,0|0,0|0,0|0,0|0,0|0,0|0,0|0,0|0,0|0,0|0,0|0,0|0,0|0,0|0,0|0,0|0,0|0,0|0,0|0,0|0,0|0,0|0,0|1,0|0,0|0,0|0,0|0,0|0,0|0,0|0,0|0,0|0,0|0,0|0,0|0,0|0,0|0,0|0,0|0,0|0,0|0,0|0,0|0,0|0,0|0,0|0,0|0,0|0,0|0,0|0,0|0,0|0,0|0,0|0,0|0,0|0,0|0
14,20684394,.,C,G,.,PASS,AC=21;AN=5096;DP=17487;AF=0;EAS_AF=0;EUR_AF=0;AFR_AF=0.01;AMR_AF=0;SAS_AF=0;VT=SNP;NS=2548,GT,0|0,0|0,0|0,0|0,0|0,0|0,0|0,0|0,0|0,0|0,0|0,0|0,0|0,0|0,0|0,0|0,0|0,0|0,0|0,0|0,0|0,0|0,0|0,0|0,0|0,0|0,0|0,0|0,0|0,0|0,0|0,0|0,0|0,0|0,0|0,0|0,0|0,0|0,0|0,0|0,1|0,0|0,0|0,0|0,0|0,0|0,0|0,0|0,0|0,0|0,0|0,0|0,0|0,0|0,0|0,0|0,0|0,0|0,0|0,0|0,0|0,0|0,0|0,0|0,0|0,0|0,0|0,0|0,0|0,0|0,0|0,0|0,0|0,0|0,0|0,0|1,0|0,0|0,0|0,0|0,0|0,0|0,0|0,0|0,0|0,0|0,0|0,0|0,0|0,0|0,0|0,0|0,0|0,0|0,0|0,0|0,0|0
14,20684445,.,C,A,.,PASS,AC=499;AN=5096;DP=16101;AF=0.1;EAS_AF=0.02;EUR_AF=0.11;AFR_AF=0.1;AMR_AF=0.16;SAS_AF=0.12;VT=SNP;NS=2548,GT,1|0,0|0,0|0,0|0,0|0,0|0,0|0,0|0,0|0,1|0,0|0,0|0,0|0,0|0,0|0,0|1,0|0,0|0,0|0,0|1,0|0,0|0,0|0,0|0,0|0,0|0,0|0,0|0,0|0,1|0,0|0,0|0,0|0,0|0,0|0,0|0,0|1,0|0,0|0,0|0,0|0,0|0,0|1,0|0,0|0,0|0,0|0,0|0,0|0,0|0,0|0,1|0,0|0,1|1,0|0,0|0,1|0,0|0,1|0,0|1,0|0,0|0,0|0,0|1,0|0,0|0,0|0,0|1,0|1,0|0,0|0,0|1,1|0,0|0,0|0,0|0,0|0,1|0,1|0,0|0,0|0,0|0,0|0,0|0,0|1,0|0,0|0,1|0,0|0,0|0,0|0,0|0,1|0,0|0,0|0,0|1,0|0
14,20684540,.,A,C,.,PASS,AC=112;AN=5096;DP=18148;AF=0.02;EAS_AF=0;EUR_AF=0.04;AFR_AF=0;AMR_AF=0.02;SAS_AF=0.05;VT=SNP;NS=2548,GT,0|0,0|0,0|0,0|0,0|0,0|0,0|0,0|0,0|0,0|0,0|0,0|0,0|0,0|0,0|0,0|0,0|0,0|0,0|0,0|0,0|0,0|0,0|0,0|0,0|0,0|0,0|0,0|0,0|0,0|0,0|0,0|0,0|0,0|0,0|0,0|0,0|0,0|0,0|0,0|0,0|0,0|0,0|0,0|0,0|0,0|0,0|0,0|0,0|0,0|0,0|0,0|0,0|0,0|0,0|0,0|0,0|0,0|0,0|0,0|0,0|0,0|0,0|1,0|0,0|0,0|0,0|0,0|0,0|0,0|0,0|0,0|0,0|0,0|0,0|0,0|0,0|0,0|0,0|0,0|0,0|0,0|0,0|0,0|0,0|0,0|0,0|0,0|0,0|0,0|0,0|0,0|0,0|0,0|0,0|0,0|0,0|0
14,20684670,.,A,G,.,PASS,AC=1;AN=5096;DP=22675;AF=0;EAS_AF=0;EUR_AF=0;AFR_AF=0;AMR_AF=0;SAS_AF=0;VT=SNP;NS=2548,GT,0|0,0|0,0|0,0|0,0|0,0|0,0|0,0|0,0|0,0|0,0|0,0|0,0|0,0|0,0|0,0|0,0|0,0|0,0|0,0|0,0|0,0|0,0|0,0|0,0|0,0|0,0|0,0|0,0|0,0|0,0|0,0|0,0|0,0|0,0|0,0|0,0|0,0|0,0|0,0|0,0|0,0|0,0|0,0|0,0|0,0|0,0|0,0|0,0|0,0|0,0|0,0|0,0|0,1|0,0|0,0|0,0|0,0|0,0|0,0|0,0|0,0|0,0|0,0|0,0|0,0|0,0|0,0|0,0|0,0|0,0|0,0|0,0|0,0|0,0|0,0|0,0|0,0|0,0|0,0|0,0|0,0|0,0|0,0|0,0|0,0|0,0|0,0|0,0|0,0|0,0|0,0|0,0|0,0|0,0|0,0|0,0|0
14,20684736,.,T,C,.,PASS,AC=112;AN=5096;DP=22408;AF=0.02;EAS_AF=0;EUR_AF=0.04;AFR_AF=0;AMR_AF=0.02;SAS_AF=0.05;VT=SNP;NS=2548,GT,0|0,0|0,0|0,0|0,0|0,0|0,0|0,0|0,0|0,0|0,0|0,0|0,0|0,0|0,0|0,0|0,0|0,0|0,0|0,0|0,0|0,0|0,0|0,0|0,0|0,0|0,0|0,0|0,0|0,0|0,0|0,0|0,0|0,0|0,0|0,0|0,0|0,0|0,0|0,0|0,0|0,0|0,0|0,0|0,0|0,0|0,0|0,0|0,0|0,0|0,0|0,0|0,0|0,0|0,0|0,0|0,0|0,0|0,0|0,0|0,0|0,0|0,0|1,0|0,0|0,0|0,0|0,0|0,0|0,0|0,0|0,0|0,0|0,0|0,0|0,0|0,0|0,0|0,0|0,0|0,0|0,0|0,0|0,0|0,0|0,0|0,0|0,0|0,0|0,0|0,0|0,0|0,0|0,0|0,0|0,0|0,0|0
14,20684874,.,G,C,.,PASS,AC=112;AN=5096;DP=21360;AF=0.02;EAS_AF=0;EUR_AF=0.04;AFR_AF=0;AMR_AF=0.02;SAS_AF=0.05;VT=SNP;NS=2548,GT,0|0,0|0,0|0,0|0,0|0,0|0,0|0,0|0,0|0,0|0,0|0,0|0,0|0,0|0,0|0,0|0,0|0,0|0,0|0,0|0,0|0,0|0,0|0,0|0,0|0,0|0,0|0,0|0,0|0,0|0,0|0,0|0,0|0,0|0,0|0,0|0,0|0,0|0,0|0,0|0,0|0,0|0,0|0,0|0,0|0,0|0,0|0,0|0,0|0,0|0,0|0,0|0,0|0,0|0,0|0,0|0,0|0,0|0,0|0,0|0,0|0,0|0,0|1,0|0,0|0,0|0,0|0,0|0,0|0,0|0,0|0,0|0,0|0,0|0,0|0,0|0,0|0,0|0,0|0,0|0,0|0,0|0,0|0,0|0,0|0,0|0,0|0,0|0,0|0,0|0,0|0,0|0,0|0,0|0,0|0,0|0,0|0
14,20685133,.,T,A,.,PASS,AC=112;AN=5096;DP=23021;AF=0.02;EAS_AF=0;EUR_AF=0.04;AFR_AF=0;AMR_AF=0.02;SAS_AF=0.05;VT=SNP;NS=2548,GT,0|0,0|0,0|0,0|0,0|0,0|0,0|0,0|0,0|0,0|0,0|0,0|0,0|0,0|0,0|0,0|0,0|0,0|0,0|0,0|0,0|0,0|0,0|0,0|0,0|0,0|0,0|0,0|0,0|0,0|0,0|0,0|0,0|0,0|0,0|0,0|0,0|0,0|0,0|0,0|0,0|0,0|0,0|0,0|0,0|0,0|0,0|0,0|0,0|0,0|0,0|0,0|0,0|0,0|0,0|0,0|0,0|0,0|0,0|0,0|0,0|0,0|0,0|1,0|0,0|0,0|0,0|0,0|0,0|0,0|0,0|0,0|0,0|0,0|0,0|0,0|0,0|0,0|0,0|0,0|0,0|0,0|0,0|0,0|0,0|0,0|0,0|0,0|0,0|0,0|0,0|0,0|0,0|0,0|0,0|0,0|0,0|0
14,20685140,.,A,C,.,PASS,AC=2329;AN=5096;DP=23068;AF=0.46;EAS_AF=0.44;EUR_AF=0.45;AFR_AF=0.54;AMR_AF=0.43;SAS_AF=0.38;VT=SNP;NS=2548,GT,1|1,0|0,1|0,0|1,0|1,1|1,1|0,0|0,1|0,1|0,0|0,0|0,0|0,1|0,1|1,1|1,1|0,1|1,0|1,1|1,1|1,1|1,0|1,0|1,0|1,1|1,1|0,0|0,0|1,1|0,0|1,1|0,0|1,0|0,0|0,0|1,1|1,0|1,1|0,1|1,1|0,1|1,0|1,1|0,0|0,0|0,1|0,1|1,1|1,1|0,0|0,1|1,0|0,1|1,1|0,0|0,1|1,0|1,1|1,1|1,1|1,1|1,1|0,1|1,0|1,0|1,0|1,1|1,1|1,0|1,1|0,0|1,1|0,1|1,1|1,0|1,0|0,1|0,1|0,0|0,0|0,1|1,1|1,0|0,0|1,1|0,0|1,1|0,1|0,1|0,0|1,0|1,1|0,1|0,1|0,0|1,1|0
14,20685280,.,G,T,.,PASS,AC=58;AN=5096;DP=24184;AF=0.01;EAS_AF=0;EUR_AF=0;AFR_AF=0.04;AMR_AF=0;SAS_AF=0;VT=SNP;NS=2548,GT,0|0,0|0,0|0,0|0,0|0,0|0,0|0,0|0,0|0,0|1,0|0,0|0,0|1,0|0,0|0,0|0,0|1,0|0,0|0,0|0,0|0,0|0,0|0,0|0,0|0,0|0,0|0,0|0,0|0,0|0,0|0,0|0,0|0,1|0,0|0,0|0,0|0,0|0,0|0,0|0,0|0,0|0,1|0,0|0,0|0,0|0,0|0,0|0,0|0,0|0,0|0,0|0,0|1,0|0,0|0,0|0,0|0,0|0,0|0,0|0,0|0,0|0,0|0,0|0,0|0,0|0,0|0,0|0,0|0,0|0,0|0,1|0,0|1,0|0,0|0,0|0,0|1,0|1,0|0,0|0,0|0,0|0,0|0,1|0,0|0,0|0,0|0,0|0,0|0,0|0,0|0,1|0,0|0,0|0,0|0,0|0,0|0
14,20685457,.,G,A,.,PASS,AC=2201;AN=5096;DP=20819;AF=0.43;EAS_AF=0.44;EUR_AF=0.45;AFR_AF=0.46;AMR_AF=0.42;SAS_AF=0.37;VT=SNP;NS=2548,GT,1|0,0|0,1|0,0|0,0|0,0|1,0|0,0|0,1|0,1|0,0|0,0|0,0|0,1|0,1|1,1|1,1|0,1|1,0|0,1|1,1|1,1|1,0|1,0|0,0|1,1|1,0|0,0|0,0|1,1|0,0|1,1|0,0|1,0|0,0|0,0|0,1|1,0|1,1|0,0|1,0|0,1|0,0|1,1|0,0|0,0|0,1|0,1|0,0|0,1|0,0|0,1|1,0|0,1|1,1|0,0|0,1|1,0|0,1|1,1|1,1|0,1|1,1|0,1|1,0|0,0|1,0|1,1|1,0|1,0|1,1|0,0|1,1|0,1|1,1|0,0|0,0|0,1|0,1|0,0|0,0|0,1|0,1|1,0|0,0|1,1|0,0|1,1|0,1|0,1|0,0|1,0|0,1|0,1|0,1|0,0|1,0|0
14,20685464,.,G,A,.,PASS,AC=2201;AN=5096;DP=20596;AF=0.43;EAS_AF=0.44;EUR_AF=0.45;AFR_AF=0.46;AMR_AF=0.42;SAS_AF=0.37;VT=SNP;NS=2548,GT,1|0,0|0,1|0,0|0,0|0,0|1,0|0,0|0,1|0,1|0,0|0,0|0,0|0,1|0,1|1,1|1,1|0,1|1,0|0,1|1,1|1,1|1,0|1,0|0,0|1,1|1,0|0,0|0,0|1,1|0,0|1,1|0,0|1,0|0,0|0,0|0,1|1,0|1,1|0,0|1,0|0,1|0,0|1,1|0,0|0,0|0,1|0,1|0,0|0,1|0,0|0,1|1,0|0,1|1,1|0,0|0,1|1,0|0,1|1,1|1,1|0,1|1,1|0,1|1,0|0,0|1,0|1,1|1,0|1,0|1,1|0,0|1,1|0,1|1,1|0,0|0,0|0,1|0,1|0,0|0,0|0,1|0,1|1,0|0,0|1,1|0,0|1,1|0,1|0,1|0,0|1,0|0,1|0,1|0,1|0,0|1,0|0
14,20685541,.,T,A,.,PASS,AC=9;AN=5096;DP=22409;AF=0;EAS_AF=0;EUR_AF=0;AFR_AF=0.01;AMR_AF=0;SAS_AF=0;VT=SNP;NS=2548,GT,0|0,0|0,0|0,0|0,0|0,0|0,0|0,0|0,0|0,0|0,0|0,0|0,0|0,0|0,0|0,0|0,0|0,0|0,0|0,0|0,0|0,0|0,0|0,0|0,0|0,0|0,0|0,0|0,0|0,0|0,0|0,0|0,0|0,0|0,0|0,0|0,0|0,0|0,0|0,0|0,0|0,0|0,0|0,0|0,0|0,0|0,0|0,0|0,0|0,0|0,0|0,0|0,0|0,0|0,0|0,0|0,0|0,0|0,0|0,0|0,0|0,0|0,0|0,0|0,0|0,0|0,0|0,0|0,0|0,0|0,0|0,0|0,0|0,0|0,0|0,0|0,0|0,0|0,0|0,0|0,0|0,0|0,0|0,0|0,0|0,0|0,1|0,0|0,0|0,0|0,0|0,0|0,0|0,0|0,0|0,0|0,0|0
14,20685569,.,C,T,.,PASS,AC=317;AN=5096;DP=22737;AF=0.06;EAS_AF=0.14;EUR_AF=0.05;AFR_AF=0;AMR_AF=0.05;SAS_AF=0.08;VT=SNP;NS=2548,GT,0|0,1|0,0|0,0|0,0|0,0|0,0|0,0|0,0|0,0|0,0|0,0|0,0|0,0|0,0|0,0|0,0|0,0|0,0|0,0|0,0|0,0|0,0|0,0|0,0|0,0|0,0|0,0|0,0|0,0|0,0|0,0|0,0|0,0|0,0|0,0|0,0|0,0|0,0|0,0|0,0|0,0|0,0|0,0|0,0|0,0|0,0|0,0|0,0|0,0|0,0|0,0|0,0|0,0|0,0|0,0|0,0|0,0|0,0|0,0|0,0|0,0|0,0|0,0|0,0|0,0|0,0|0,0|0,0|0,0|0,0|0,0|0,0|0,0|0,0|0,0|0,0|0,0|0,0|0,0|0,0|0,0|0,0|0,0|0,0|0,0|0,0|0,0|0,0|0,0|0,0|0,0|0,0|0,0|0,0|0,0|0,0|0
14,20685629,.,A,C,.,PASS,AC=2202;AN=5096;DP=22198;AF=0.43;EAS_AF=0.45;EUR_AF=0.45;AFR_AF=0.46;AMR_AF=0.42;SAS_AF=0.37;VT=SNP;NS=2548,GT,1|0,0|0,1|0,0|0,0|0,0|1,0|0,0|0,1|0,1|0,0|0,0|0,0|0,1|0,1|1,1|1,1|0,1|1,0|0,1|1,1|1,1|1,0|1,0|0,0|1,1|1,0|0,0|0,0|1,1|0,0|1,1|0,0|1,0|0,0|0,0|0,1|1,0|1,1|0,0|1,0|0,1|0,0|1,1|0,0|0,0|0,1|0,1|0,0|0,1|0,0|0,1|1,0|0,1|1,1|0,0|0,1|1,0|0,1|1,1|1,1|0,1|1,1|0,1|1,0|0,0|1,0|1,1|1,0|1,0|1,1|0,0|1,1|0,1|1,1|0,0|0,0|0,1|0,1|0,0|0,0|0,1|0,1|1,0|0,0|1,1|0,0|1,1|0,1|0,1|0,0|1,0|0,1|0,1|0,1|0,0|1,0|0
14,20685921,.,C,T,.,PASS,AC=2206;AN=5096;DP=18052;AF=0.43;EAS_AF=0.44;EUR_AF=0.45;AFR_AF=0.46;AMR_AF=0.42;SAS_AF=0.37;VT=SNP;NS=2548,GT,1|0,0|0,1|0,0|0,0|0,0|1,0|0,0|0,1|0,1|0,0|0,0|0,0|0,1|0,1|1,1|1,1|0,1|1,0|0,1|1,1|1,1|1,0|1,0|0,0|1,1|1,0|0,0|0,0|1,1|0,0|1,1|0,0|1,0|0,0|0,0|0,1|1,0|1,1|0,0|1,0|0,1|0,0|1,1|0,0|0,0|0,1|0,1|0,0|0,1|0,0|0,1|1,0|0,1|1,1|0,0|0,1|1,0|0,1|1,1|1,0|0,1|1,1|0,1|1,0|0,0|1,0|1,1|1,0|1,0|1,1|0,0|1,1|0,1|1,1|0,0|0,0|0,1|0,1|0,0|0,0|0,1|0,1|1,0|0,1|1,1|0,0|1,1|0,1|0,1|0,0|1,0|0,1|0,1|0,1|0,0|1,0|0
14,20685944,.,A,G,.,PASS,AC=7;AN=5096;DP=20367;AF=0;EAS_AF=0;EUR_AF=0;AFR_AF=0.01;AMR_AF=0;SAS_AF=0;VT=SNP;NS=2548,GT,0|0,0|0,0|0,0|0,0|0,0|1,0|0,0|0,0|0,0|0,0|0,0|0,0|0,0|0,0|0,0|0,0|0,0|0,0|0,0|0,0|0,0|0,0|0,0|0,0|0,0|0,0|0,0|0,0|0,0|0,0|0,0|0,0|0,0|0,0|0,0|0,0|0,0|0,0|0,0|0,0|0,0|0,0|0,0|0,0|0,0|0,0|0,0|0,0|0,0|0,0|0,0|0,0|0,0|0,0|0,0|0,0|0,0|0,0|0,0|0,0|0,0|0,0|0,0|0,0|0,0|0,0|0,0|0,0|0,0|0,0|0,0|0,0|0,0|0,0|0,0|0,0|0,0|0,0|0,0|0,0|0,0|0,0|0,0|0,0|0,0|0,0|0,0|0,0|0,0|0,0|0,0|0,0|0,0|0,0|0,0|0,0|0
14,20685955,.,T,G,.,PASS,AC=2207;AN=5096;DP=20108;AF=0.43;EAS_AF=0.45;EUR_AF=0.45;AFR_AF=0.46;AMR_AF=0.42;SAS_AF=0.37;VT=SNP;NS=2548,GT,1|0,0|0,1|0,0|0,0|0,0|1,0|0,0|0,1|0,1|0,0|0,0|0,0|0,1|0,1|1,1|1,1|0,1|1,0|0,1|1,1|1,1|1,0|1,0|0,0|1,1|1,0|0,0|0,0|1,1|0,0|1,1|0,0|1,0|0,0|0,0|0,1|1,0|1,1|0,0|1,0|0,1|0,0|1,1|0,0|0,0|0,1|0,1|0,0|0,1|0,0|0,1|1,0|0,1|1,1|0,0|0,1|1,0|0,1|1,1|1,0|0,1|1,1|0,1|1,0|0,0|1,0|1,1|1,0|1,0|1,1|0,0|1,1|0,1|1,1|0,0|0,0|0,1|0,1|0,0|0,0|0,1|0,1|1,0|0,1|1,1|0,0|1,1|0,1|0,1|0,0|1,0|0,1|0,1|0,1|0,0|1,0|0
14,20685972,.,G,A,.,PASS,AC=32;AN=5096;DP=19887;AF=0.01;EAS_AF=0;EUR_AF=0;AFR_AF=0.02;AMR_AF=0;SAS_AF=0;VT=SNP;NS=2548,GT,0|0,0|0,0|0,0|0,0|0,0|0,0|0,0|0,0|0,0|0,0|0,0|0,0|0,0|0,0|0,0|0,1|0,1|0,0|0,0|0,0|0,0|0,0|0,0|0,0|0,0|0,0|0,0|0,0|0,0|0,0|0,0|0,0|0,0|0,0|0,0|0,0|0,0|0,0|0,0|0,0|0,0|0,0|0,0|0,0|0,0|0,0|0,0|0,0|0,0|0,0|0,0|0,0|0,0|0,0|0,0|0,0|0,0|0,0|0,0|0,0|0,0|0,0|0,0|0,0|0,0|0,0|0,0|0,0|0,0|0,0|0,0|0,0|0,0|0,0|0,0|0,0|0,0|0,0|0,0|0,0|0,0|0,0|0,0|0,0|0,0|0,0|0,0|0,0|0,0|0,0|1,0|0,0|0,0|0,0|0,0|0,0|0
14,20686090,.,G,C,.,PASS,AC=3024;AN=5096;DP=20639;AF=0.59;EAS_AF=0.59;EUR_AF=0.54;AFR_AF=0.74;AMR_AF=0.52;SAS_AF=0.51;VT=SNP;NS=2548,GT,1|1,1|0,1|0,1|1,1|1,1|1,1|1,0|1,1|1,1|0,1|0,0|0,1|0,1|1,1|1,1|1,1|0,1|1,0|1,1|1,1|1,1|1,1|1,0|1,0|1,1|1,1|0,1|0,1|1,1|0,0|1,1|0,1|1,0|1,0|0,0|1,1|1,0|1,1|0,1|1,1|1,1|1,0|1,1|0,1|0,0|1,1|1,1|1,1|1,1|1,1|1,1|1,0|0,1|1,1|0,1|0,1|1,1|1,1|1,1|1,0|1,1|1,1|1,1|1,1|1,1|1,0|1,1|1,1|1,0|1,1|0,0|1,1|0,1|1,1|1,0|1,0|0,1|0,1|0,1|0,1|0,1|1,1|1,0|0,1|1,1|0,1|1,1|0,1|1,1|0,1|1,0|1,1|1,1|1,1|0,1|1,1|1
14,20686224,.,G,C,.,PASS,AC=2206;AN=5096;DP=20856;AF=0.43;EAS_AF=0.45;EUR_AF=0.45;AFR_AF=0.46;AMR_AF=0.42;SAS_AF=0.37;VT=SNP;NS=2548,GT,1|0,0|0,1|0,0|0,0|0,0|1,0|0,0|0,1|0,1|0,0|0,0|0,0|0,1|0,1|1,1|1,1|0,1|1,0|0,1|1,1|1,1|1,0|1,0|0,0|1,1|1,0|0,0|0,0|1,1|0,0|1,1|0,0|1,0|0,0|0,0|0,1|1,0|1,1|0,0|1,0|0,1|0,0|1,1|0,0|0,0|0,1|0,1|0,0|0,1|0,0|0,1|1,0|0,1|1,1|0,0|0,1|1,0|0,1|1,1|1,0|0,1|1,1|0,1|1,0|0,0|1,0|1,1|1,0|1,0|1,1|0,0|1,1|0,1|1,1|0,0|0,0|0,1|0,1|0,0|0,0|0,1|0,1|1,0|0,1|1,1|0,0|1,1|0,1|0,1|0,0|1,0|0,1|0,1|0,1|0,0|1,0|0
14,20686336,.,G,C,.,PASS,AC=505;AN=5096;DP=23507;AF=0.1;EAS_AF=0.02;EUR_AF=0.11;AFR_AF=0.1;AMR_AF=0.16;SAS_AF=0.12;VT=SNP;NS=2548,GT,1|0,0|0,0|0,0|0,0|0,0|1,0|0,0|0,0|0,1|0,0|0,0|0,0|0,0|0,0|0,0|1,0|0,0|0,0|0,0|1,0|0,0|0,0|0,0|0,0|0,0|0,0|0,0|0,0|0,1|0,0|0,0|0,0|0,0|0,0|0,0|0,0|1,0|0,0|0,0|0,0|0,0|0,0|1,0|0,0|0,0|0,0|0,0|0,0|0,0|0,0|0,1|0,0|0,1|0,0|0,0|0,1|0,0|0,1|0,0|1,0|0,0|0,0|0,0|1,0|0,0|0,0|0,0|1,0|1,0|0,0|0,0|1,1|0,0|0,0|0,0|0,0|0,1|0,1|0,0|0,0|0,0|0,0|0,0|0,0|1,0|0,0|0,1|0,0|0,0|0,0|0,0|0,1|0,0|0,0|0,0|1,0|0
14,20686352,.,G,GC,.,PASS,AC=285;AN=5096;DP=23588;AF=0.06;EAS_AF=0.02;EUR_AF=0.06;AFR_AF=0.02;AMR_AF=0.13;SAS_AF=0.09;VT=INDEL;NS=2548,GT,0|0,0|0,0|0,0|0,0|0,0|0,0|0,0|0,0|0,0|0,0|0,0|0,0|0,0|0,0|0,0|0,0|0,0|0,0|0,0|0,0|0,0|0,0|0,0|0,0|0,0|0,0|0,0|0,0|0,0|0,0|0,0|0,0|0,0|0,0|0,0|0,0|1,0|0,0|0,0|0,0|0,0|0,0|1,0|0,0|0,0|0,0|0,0|0,0|0,0|0,0|0,0|0,0|0,0|0,0|0,0|0,0|0,0|0,0|0,0|0,0|0,0|0,0|0,0|0,0|0,0|0,0|0,0|0,0|0,0|0,0|0,0|0,1|0,0|0,0|0,0|0,0|0,0|0,0|0,0|0,0|0,0|0,0|0,0|0,0|0,0|0,0|0,0|0,0|0,0|0,0|0,0|0,0|0,0|0,0|0,0|0,0|0
14,20686625,.,G,A,.,PASS,AC=20;AN=5096;DP=20642;AF=0;EAS_AF=0;EUR_AF=0;AFR_AF=0.01;AMR_AF=0;SAS_AF=0;VT=SNP;NS=2548,GT,0|0,0|0,0|0,0|0,0|0,0|0,0|0,0|0,0|0,0|0,0|0,0|0,0|0,0|0,0|0,0|0,0|0,0|0,0|0,0|0,0|0,0|0,0|0,0|0,0|0,0|0,0|0,0|0,0|0,0|0,0|0,0|0,0|0,0|0,0|0,0|0,0|0,0|0,0|0,0|0,0|0,0|0,0|0,0|0,0|0,0|0,0|0,0|0,0|0,0|0,0|0,0|0,0|0,0|0,0|0,0|0,0|0,0|0,0|0,0|0,0|0,0|0,0|0,0|0,0|0,0|0,0|0,0|0,0|0,0|0,0|0,0|0,0|0,0|0,0|0,0|1,0|0,0|0,0|0,0|0,0|0,0|0,0|0,0|0,0|0,0|0,0|0,0|0,0|0,0|0,0|0,0|0,0|0,0|0,0|0,0|0,0|0
14,20686697,.,A,AGT,.,PASS,AC=116;AN=5096;DP=22443;AF=0.02;EAS_AF=0.01;EUR_AF=0.04;AFR_AF=0;AMR_AF=0.02;SAS_AF=0.05;VT=INDEL;NS=2548,GT,0|0,0|0,0|0,0|0,0|0,0|0,0|0,0|0,0|0,0|0,0|0,0|0,0|0,0|0,0|0,0|0,0|0,0|0,0|0,0|0,0|0,0|0,0|0,0|0,0|0,0|0,0|0,0|0,0|0,0|0,0|0,0|0,0|0,0|0,0|0,0|0,0|0,0|0,0|0,0|0,0|0,0|0,0|0,0|0,0|0,0|0,0|0,0|0,0|0,0|0,0|0,0|0,0|0,0|0,0|0,0|0,0|0,0|0,0|0,0|0,0|0,0|0,0|1,0|0,0|0,0|0,0|0,0|0,0|0,0|0,0|0,0|0,0|0,0|0,0|0,0|0,0|0,0|0,0|0,0|0,0|0,0|0,0|0,0|0,0|0,0|0,0|0,0|0,0|0,0|0,0|0,0|0,0|0,0|0,0|0,0|0,0|0
14,20686891,.,T,C,.,PASS,AC=36;AN=5096;DP=20263;AF=0.01;EAS_AF=0;EUR_AF=0;AFR_AF=0.03;AMR_AF=0;SAS_AF=0;VT=SNP;NS=2548,GT,0|0,0|0,0|0,0|0,0|0,0|0,0|0,0|0,0|0,0|0,0|0,0|0,0|0,0|0,0|0,0|0,0|0,0|0,0|0,0|0,0|0,0|0,0|0,0|0,0|0,0|0,0|0,1|0,0|0,0|0,0|0,0|0,1|0,0|0,0|0,0|0,0|0,0|0,0|0,0|0,0|0,0|0,0|0,0|0,0|0,0|1,0|0,0|0,0|0,0|0,0|0,0|0,0|0,0|0,0|0,1|0,0|0,1|0,0|0,0|0,0|0,0|0,0|0,0|0,0|0,0|0,0|0,0|0,0|0,0|0,0|0,0|0,0|0,0|0,0|0,0|0,0|0,0|0,0|0,0|0,1|0,0|0,0|0,0|0,0|0,0|0,0|0,0|0,0|0,0|0,0|0,0|0,0|0,0|1,0|0,0|0,0|0
14,20686941,.,C,T,.,PASS,AC=38;AN=5096;DP=19245;AF=0.01;EAS_AF=0;EUR_AF=0;AFR_AF=0.03;AMR_AF=0;SAS_AF=0;VT=SNP;NS=2548,GT,0|0,0|0,0|0,0|0,0|0,0|0,0|0,0|0,0|0,0|0,0|0,0|0,0|0,0|0,0|0,0|0,0|0,0|0,0|0,0|0,0|0,0|0,0|0,0|0,0|0,0|0,0|0,0|0,0|0,0|0,0|0,0|0,0|0,0|0,0|0,0|0,0|0,0|0,0|0,0|0,0|0,0|0,0|0,0|0,0|0,0|0,0|0,0|0,0|0,0|0,0|0,0|0,0|0,0|0,0|0,0|0,0|0,0|0,0|0,0|0,0|0,0|0,0|0,0|0,0|0,0|0,0|0,0|0,0|0,0|0,0|0,0|0,0|0,0|0,0|0,0|0,0|0,0|0,0|0,0|0,0|0,0|0,0|0,0|0,0|0,0|0,0|1,0|0,0|0,0|0,0|0,0|0,0|0,0|0,0|0,0|0,0|0
14,20686949,.,G,A,.,PASS,AC=499;AN=5096;DP=19278;AF=0.1;EAS_AF=0.02;EUR_AF=0.11;AFR_AF=0.1;AMR_AF=0.16;SAS_AF=0.11;VT=SNP;NS=2548,GT,1|0,0|0,0|0,0|0,0|0,0|1,0|0,0|0,0|0,1|0,0|0,0|0,0|0,0|0,0|0,0|1,0|0,0|0,0|0,0|1,0|0,0|0,0|0,0|0,0|0,0|0,0|0,0|0,0|0,1|0,0|0,0|0,0|0,0|0,0|0,0|0,0|1,0|0,0|0,0|0,0|0,0|0,0|1,0|0,0|0,0|0,0|0,0|0,0|0,0|0,0|0,1|0,0|0,1|0,0|0,0|0,1|0,0|0,1|0,0|1,0|0,0|0,0|0,0|1,0|0,0|0,0|0,0|1,0|1,0|0,0|0,0|1,1|0,0|0,0|0,0|0,0|0,1|0,1|0,0|0,0|0,0|0,0|0,0|0,0|1,0|0,0|0,1|0,0|0,0|0,0|0,0|0,1|0,0|0,0|0,0|1,0|0
14,20687101,.,T,C,.,PASS,AC=116;AN=5096;DP=19907;AF=0.02;EAS_AF=0.01;EUR_AF=0.04;AFR_AF=0;AMR_AF=0.02;SAS_AF=0.05;VT=SNP;NS=2548,GT,0|0,0|0,0|0,0|0,0|0,0|0,0|0,0|0,0|0,0|0,0|0,0|0,0|0,0|0,0|0,0|0,0|0,0|0,0|0,0|0,0|0,0|0,0|0,0|0,0|0,0|0,0|0,0|0,0|0,0|0,0|0,0|0,0|0,0|0,0|0,0|0,0|0,0|0,0|0,0|0,0|0,0|0,0|0,0|0,0|0,0|0,0|0,0|0,0|0,0|0,0|0,0|0,0|0,0|0,0|0,0|0,0|0,0|0,0|0,0|0,0|0,0|0,0|1,0|0,0|0,0|0,0|0,0|0,0|0,0|0,0|0,0|0,0|0,0|0,0|0,0|0,0|0,0|0,0|0,0|0,0|0,0|0,0|0,0|0,0|0,0|0,0|0,0|0,0|0,0|0,0|0,0|0,0|0,0|0,0|0,0|0,0|0
14,20687111,.,T,C,.,PASS,AC=479;AN=5096;DP=20285;AF=0.09;EAS_AF=0.02;EUR_AF=0.11;AFR_AF=0.1;AMR_AF=0.16;SAS_AF=0.1;VT=SNP;NS=2548,GT,1|0,0|0,0|0,0|0,0|0,0|0,0|0,0|0,0|0,1|0,0|0,0|0,0|0,0|0,0|0,0|1,0|0,0|0,0|0,0|1,0|0,0|0,0|0,0|0,0|0,0|0,0|0,0|0,0|0,1|0,0|0,0|0,0|0,0|0,0|0,0|0,0|1,0|0,0|0,0|0,0|0,0|0,0|1,0|0,0|0,0|0,0|0,0|0,0|0,0|0,0|0,1|0,0|0,1|0,0|0,0|0,1|0,0|0,1|0,0|1,0|0,0|0,0|0,0|1,0|0,0|0,0|0,0|1,0|1,0|0,0|0,0|1,1|0,0|0,0|0,0|0,0|0,1|0,1|0,0|0,0|0,0|0,0|0,0|0,0|1,0|0,0|0,1|0,0|0,0|0,0|0,0|0,1|0,0|0,0|0,0|1,0|0
14,20687234,.,A,G,.,PASS,AC=2906;AN=5096;DP=22129;AF=0.57;EAS_AF=0.59;EUR_AF=0.54;AFR_AF=0.65;AMR_AF=0.52;SAS_AF=0.51;VT=SNP;NS=2548,GT,1|1,1|0,1|0,1|1,0|1,1|1,1|1,0|1,1|0,1|0,1|0,0|0,1|0,1|0,1|1,1|1,1|0,1|1,0|1,1|1,1|1,1|1,0|1,0|1,0|1,1|1,1|0,0|0,1|1,1|0,0|1,1|0,0|1,0|1,0|0,0|1,1|1,0|1,1|0,1|1,1|1,1|1,0|1,1|0,1|0,0|0,1|1,1|1,1|1,1|1,1|1,1|1,0|0,1|1,1|0,0|0,1|0,0|1,1|1,0|1,1|1,1|1,1|1,1|1,1|1,1|1,0|1,1|1,1|1,0|1,1|0,0|1,1|0,1|1,1|1,0|1,0|0,1|0,1|0,1|0,0|0,1|1,1|1,0|0,1|1,1|0,0|1,1|0,1|1,1|0,0|1,0|1,1|1,1|0,1|0,1|1,1|1
14,20687280,.,A,G,.,PASS,AC=7;AN=5096;DP=22858;AF=0;EAS_AF=0;EUR_AF=0;AFR_AF=0.01;AMR_AF=0;SAS_AF=0;VT=SNP;NS=2548,GT,0|0,0|0,0|0,0|0,0|0,0|1,0|0,0|0,0|0,0|0,0|0,0|0,0|0,0|0,0|0,0|0,0|0,0|0,0|0,0|0,0|0,0|0,0|0,0|0,0|0,0|0,0|0,0|0,0|0,0|0,0|0,0|0,0|0,0|0,0|0,0|0,0|0,0|0,0|0,0|0,0|0,0|0,0|0,0|0,0|0,0|0,0|0,0|0,0|0,0|0,0|0,0|0,0|0,0|0,0|0,0|0,0|0,0|0,0|0,0|0,0|0,0|0,0|0,0|0,0|0,0|0,0|0,0|0,0|0,0|0,0|0,0|0,0|0,0|0,0|0,0|0,0|0,0|0,0|0,0|0,0|0,0|0,0|0,0|0,0|0,0|0,0|0,0|0,0|0,0|0,0|0,0|0,0|0,0|0,0|0,0|0,0|0
14,20687383,.,G,T,.,PASS,AC=10;AN=5096;DP=20811;AF=0;EAS_AF=0;EUR_AF=0;AFR_AF=0.01;AMR_AF=0;SAS_AF=0;VT=SNP;NS=2548,GT,0|0,0|0,0|0,0|0,0|0,0|0,0|0,0|0,0|0,0|0,0|0,0|0,0|0,0|0,0|0,0|0,0|0,0|0,0|0,0|1,0|0,0|0,0|0,0|0,0|0,0|0,0|0,0|0,0|0,0|0,0|0,0|0,0|0,0|0,0|0,0|0,0|0,0|0,0|0,0|0,0|0,0|0,0|0,0|0,0|0,0|0,0|0,0|0,0|0,0|0,0|0,0|0,0|0,1|0,0|0,0|0,0|0,0|0,0|0,0|0,0|0,0|0,0|0,0|0,0|0,0|0,0|0,0|0,0|1,0|0,0|0,0|0,0|0,0|0,0|0,0|0,0|0,0|0,0|0,0|0,0|0,0|0,0|0,0|0,0|0,0|0,0|0,0|0,0|0,0|0,0|0,0|0,0|0,0|0,0|0,0|0,0|0
14,20688032,.,G,A,.,PASS,AC=1880;AN=5096;DP=25692;AF=0.37;EAS_AF=0.42;EUR_AF=0.3;AFR_AF=0.54;AMR_AF=0.26;SAS_AF=0.25;VT=SNP;NS=2548,GT,0|1,0|0,1|0,1|1,0|1,1|1,1|1,0|1,1|0,0|0,1|0,0|0,1|0,0|0,1|1,1|0,1|0,1|1,0|1,1|0,1|1,1|1,0|1,0|1,0|1,1|1,1|0,0|0,1|1,0|0,0|1,1|0,0|1,0|1,0|0,0|1,1|0,0|1,1|0,1|1,1|1,1|1,0|0,1|0,1|0,0|0,1|1,1|1,1|1,1|1,1|1,0|1,0|0,0|0,1|0,0|0,0|0,0|1,0|1,0|0,1|1,1|1,1|0,0|0,1|1,1|1,0|1,1|1,1|0,0|1,1|0,0|0,0|0,1|1,1|1,0|1,0|0,0|0,0|0,1|0,0|0,1|1,1|1,0|0,1|0,0|0,0|1,0|0,1|1,0|0,1|1,0|1,0|1,1|0,1|0,1|0,1|1
14,20688145,.,G,A,.,PASS,AC=603;AN=5096;DP=25382;AF=0.12;EAS_AF=0.02;EUR_AF=0.11;AFR_AF=0.18;AMR_AF=0.16;SAS_AF=0.11;VT=SNP;NS=2548,GT,1|0,0|0,0|0,0|0,1|0,0|0,0|0,0|0,0|1,1|0,0|0,0|0,0|0,0|1,0|0,0|1,0|0,0|0,0|0,0|1,0|0,0|0,1|0,0|0,0|0,0|0,0|0,1|0,0|0,1|0,0|0,0|0,1|0,0|0,0|0,0|0,0|1,0|0,0|0,0|0,0|0,0|0,0|1,0|0,0|0,0|1,0|0,0|0,0|0,0|0,0|0,1|0,0|0,1|0,0|0,0|0,1|0,1|0,1|0,0|1,0|0,0|0,0|0,0|1,0|0,0|0,0|0,0|0,0|1,0|0,0|0,0|1,1|0,0|0,0|0,0|0,0|0,1|0,1|0,0|0,1|0,0|0,0|0,0|0,0|1,0|0,1|0,1|0,0|0,0|0,0|0,0|0,1|0,0|1,0|0,0|1,0|0
14,20688217,.,A,C,.,PASS,AC=279;AN=5096;DP=24348;AF=0.05;EAS_AF=0;EUR_AF=0;AFR_AF=0.2;AMR_AF=0.01;SAS_AF=0;VT=SNP;NS=2548,GT,0|1,0|0,0|0,1|1,0|1,1|0,1|1,0|1,0|0,0|0,1|0,0|0,1|0,0|0,0|0,0|0,0|0,0|0,0|1,0|0,1|0,0|0,0|0,0|1,0|0,0|0,1|0,0|0,1|0,0|0,0|0,0|0,0|0,0|1,0|0,0|1,0|0,0|0,0|0,1|0,1|1,0|1,0|0,0|0,1|0,0|0,0|1,0|1,1|1,0|1,1|1,0|0,0|0,0|0,0|0,0|0,0|0,0|1,0|0,0|0,0|1,0|0,0|0,0|0,1|1,1|0,0|0,0|0,1|0,0|0,0|0,0|0,0|0,0|0,0|1,0|1,0|0,0|0,0|0,1|0,0|0,1|1,0|0,0|0,1|0,0|0,0|0,0|0,0|1,0|0,1|0,0|1,0|1,0|0,0|0,1|0,1|1
14,20688289,.,G,A,.,PASS,AC=602;AN=5096;DP=26645;AF=0.12;EAS_AF=0.02;EUR_AF=0.11;AFR_AF=0.18;AMR_AF=0.16;SAS_AF=0.11;VT=SNP;NS=2548,GT,1|0,0|0,0|0,0|0,1|0,0|0,0|0,0|0,0|1,1|0,0|0,0|0,0|0,0|1,0|0,0|1,0|0,0|0,0|0,0|1,0|0,0|0,1|0,0|0,0|0,0|0,0|0,1|0,0|0,1|0,0|0,0|0,1|0,0|0,0|0,0|0,0|1,0|0,0|0,0|0,0|0,0|0,0|1,0|0,0|0,0|1,0|0,0|0,0|0,0|0,0|0,1|0,0|0,1|0,0|0,0|0,1|0,1|0,1|0,0|1,0|0,0|0,0|0,0|1,0|0,0|0,0|0,0|0,0|1,0|0,0|0,0|1,1|0,0|0,0|0,0|0,0|0,1|0,1|0,0|0,1|0,0|0,0|0,0|0,0|1,0|0,1|0,1|0,0|0,0|0,0|0,0|0,1|0,0|1,0|0,0|1,0|0
14,20688313,.,G,A,.,PASS,AC=1180;AN=5096;DP=27037;AF=0.23;EAS_AF=0.42;EUR_AF=0.21;AFR_AF=0.12;AMR_AF=0.2;SAS_AF=0.23;VT=SNP;NS=2548,GT,0|0,0|0,1|0,0|0,0|0,0|0,0|0,0|0,1|0,0|0,0|0,0|0,0|0,0|0,1|0,0|0,1|0,1|1,0|0,0|0,0|0,0|0,0|0,0|0,0|0,0|0,0|0,0|0,0|1,0|0,0|1,0|0,0|0,0|0,0|0,0|0,0|0,0|0,0|0,0|1,0|0,0|0,0|0,0|0,0|0,0|0,1|0,0|0,0|0,1|0,0|0,0|0,0|0,0|0,0|0,1|0,0|0,0|0,0|1,0|0,1|0,0|0,0|0,0|0,0|0,0|0,0|0,0|1,0|0,0|0,0|0,0|0,0|0,0|0,0|0,0|0,0|0,0|0,0|0,0|0,0|0,0|0,1|0,0|0,0|0,0|0,0|1,0|0,0|0,0|0,0|1,0|0,0|0,0|0,0|0,0|0,0|0
14,20688482,.,A,C,.,PASS,AC=58;AN=5096;DP=24333;AF=0.01;EAS_AF=0;EUR_AF=0;AFR_AF=0.04;AMR_AF=0;SAS_AF=0;VT=SNP;NS=2548,GT,0|0,0|0,0|0,0|0,0|0,0|0,0|0,0|0,0|0,0|0,0|0,0|0,0|0,0|0,0|0,0|0,0|0,0|0,0|0,0|0,1|0,0|0,0|0,0|0,0|0,0|0,0|0,0|0,0|0,0|0,0|0,0|0,0|1,0|0,0|0,0|0,0|0,0|0,0|0,0|0,0|0,0|0,0|0,0|0,0|0,0|0,0|0,1|0,0|0,0|0,0|0,0|1,0|0,0|0,0|0,0|0,0|0,0|0,0|0,0|0,0|0,0|0,0|0,0|0,0|0,0|0,0|0,0|0,0|0,0|0,0|0,0|0,0|0,1|0,0|0,0|0,0|0,0|0,0|0,0|0,0|0,1|0,0|0,0|0,0|0,0|0,0|0,0|0,0|0,0|0,0|0,0|0,0|0,0|0,0|0,0|0,0|0
14,20688677,.,C,T,.,PASS,AC=612;AN=5096;DP=23622;AF=0.12;EAS_AF=0.02;EUR_AF=0.11;AFR_AF=0.18;AMR_AF=0.16;SAS_AF=0.12;VT=SNP;NS=2548,GT,1|0,0|0,0|0,0|0,1|0,0|0,0|0,0|0,0|1,1|0,0|0,0|0,1|0,0|1,0|0,0|1,0|0,0|0,0|0,0|1,0|0,0|0,1|0,0|0,0|0,0|0,0|0,1|0,0|0,1|0,0|0,0|0,1|0,0|0,0|0,0|0,0|1,0|0,0|0,0|0,0|0,0|0,0|1,0|0,0|0,0|1,0|0,0|0,0|0,0|0,0|0,1|0,0|0,1|0,0|0,0|0,1|0,1|0,1|0,0|1,0|0,0|0,0|0,0|1,0|0,0|0,0|0,0|0,0|1,0|0,0|0,0|1,1|0,0|0,0|0,0|0,0|0,1|0,1|0,0|0,1|0,0|0,0|0,0|0,0|1,0|0,1|0,1|0,0|0,0|0,1|0,0|0,1|0,0|1,0|0,0|1,0|0
14,20688678,.,G,A,.,PASS,AC=104;AN=5096;DP=23542;AF=0.02;EAS_AF=0.01;EUR_AF=0.03;AFR_AF=0;AMR_AF=0.01;SAS_AF=0.05;VT=SNP;NS=2548,GT,0|0,0|0,0|0,0|0,0|0,0|0,0|0,0|0,0|0,0|0,0|0,0|0,0|0,0|0,0|0,0|0,0|0,0|0,0|0,0|0,0|0,0|0,0|0,0|0,0|0,0|0,0|0,0|0,0|0,0|0,0|0,0|0,0|0,0|0,0|0,0|0,0|0,0|0,0|0,0|0,0|0,0|0,0|0,0|0,0|0,0|0,0|0,0|0,0|0,0|0,0|0,0|0,0|0,0|0,0|0,0|0,0|0,0|0,0|0,0|0,0|0,0|0,0|1,0|0,0|0,0|0,0|0,0|0,0|0,0|0,0|0,0|0,0|0,0|0,0|0,0|0,0|0,0|0,0|0,0|0,0|0,0|0,0|0,0|0,0|0,0|0,0|0,0|0,0|0,0|0,0|0,0|0,0|0,0|0,0|0,0|0,0|0
14,20689044,.,G,A,.,PASS,AC=55;AN=5096;DP=20388;AF=0.01;EAS_AF=0;EUR_AF=0;AFR_AF=0.04;AMR_AF=0;SAS_AF=0;VT=SNP;NS=2548,GT,0|0,0|0,0|0,0|0,0|0,0|0,0|0,0|0,0|0,0|0,0|0,0|0,0|0,0|0,0|0,0|0,0|0,0|0,0|0,0|0,0|0,0|0,0|0,0|0,0|0,0|0,0|0,1|0,0|0,0|0,0|0,0|0,1|0,0|0,0|0,0|0,0|0,0|0,0|0,0|0,0|0,0|0,0|0,0|0,0|0,0|1,0|0,0|0,0|0,0|0,0|0,0|0,0|0,0|0,0|0,0|0,0|0,1|0,0|0,0|0,0|0,0|0,0|0,0|0,0|0,0|0,0|0,0|0,0|0,0|0,0|0,0|0,0|0,0|0,0|0,0|0,0|0,0|0,0|0,0|0,1|0,0|0,0|0,0|0,0|0,0|0,0|0,0|0,0|0,0|0,0|0,0|0,0|0,0|1,0|0,0|0,0|0
14,20689737,.,C,T,.,PASS,AC=1;AN=5096;DP=17649;AF=0;EAS_AF=0;EUR_AF=0;AFR_AF=0;AMR_AF=0;SAS_AF=0;VT=SNP;NS=2548,GT,0|0,0|0,0|0,0|0,0|0,0|0,0|0,0|0,0|0,0|0,0|0,0|0,0|0,0|0,0|0,0|0,0|0,0|0,0|0,0|0,0|0,0|0,0|0,0|0,0|0,0|0,0|0,0|0,0|0,0|0,0|0,0|0,0|0,0|0,0|0,0|0,0|0,0|0,0|0,0|0,0|0,0|0,0|0,0|0,0|0,0|0,0|0,0|0,0|0,0|0,0|0,0|0,0|0,0|0,0|0,0|0,0|1,0|0,0|0,0|0,0|0,0|0,0|0,0|0,0|0,0|0,0|0,0|0,0|0,0|0,0|0,0|0,0|0,0|0,0|0,0|0,0|0,0|0,0|0,0|0,0|0,0|0,0|0,0|0,0|0,0|0,0|0,0|0,0|0,0|0,0|0,0|0,0|0,0|0,0|0,0|0,0|0
14,20689777,.,G,A,.,PASS,AC=614;AN=5096;DP=16957;AF=0.12;EAS_AF=0.02;EUR_AF=0.11;AFR_AF=0.19;AMR_AF=0.16;SAS_AF=0.12;VT=SNP;NS=2548,GT,1|0,0|0,0|0,0|0,1|0,0|0,0|0,0|0,0|1,1|0,0|0,0|0,1|0,0|1,0|0,0|1,0|0,0|0,0|0,0|1,0|0,0|0,1|0,0|0,0|0,0|0,0|0,1|0,0|0,1|0,0|0,0|0,1|0,0|0,0|0,0|0,0|1,0|0,0|0,0|0,0|0,0|0,0|1,0|0,0|0,0|1,0|0,0|0,0|0,0|0,0|0,1|0,0|0,1|0,0|0,0|0,1|0,1|0,1|0,0|1,0|0,0|0,0|0,0|1,0|0,0|0,0|0,0|0,0|1,0|0,0|0,0|1,1|0,0|0,0|0,0|0,0|0,1|0,1|0,0|0,1|0,0|0,0|0,0|0,0|1,0|0,1|0,1|0,0|0,0|0,1|0,0|0,1|0,0|1,0|0,0|1,0|0
14,20690239,.,A,G,.,PASS,AC=50;AN=5096;DP=12992;AF=0.01;EAS_AF=0;EUR_AF=0;AFR_AF=0.04;AMR_AF=0;SAS_AF=0;VT=SNP;NS=2548,GT,0|0,0|0,0|1,0|0,0|0,0|0,0|0,0|0,0|0,0|0,0|0,0|0,0|0,0|0,0|0,0|0,0|0,0|0,0|0,0|0,0|0,0|0,0|0,0|0,0|0,0|0,0|0,0|0,0|0,0|0,0|0,0|0,0|0,0|0,0|0,0|0,0|0,0|0,0|1,0|0,0|0,0|0,0|0,0|0,0|0,0|0,0|0,0|0,0|0,0|0,1|1,0|0,0|0,0|0,0|0,0|0,0|0,0|0,0|0,0|0,0|0,0|0,0|0,0|0,0|0,0|0,0|0,0|0,0|0,0|0,0|0,0|0,0|0,0|0,0|0,1|0,1|0,0|0,0|0,0|0,0|0,0|0,0|0,0|1,0|0,0|0,0|0,0|0,0|0,0|0,0|0,0|0,0|0,0|0,0|0,0|0,0|0
14,20690243,.,A,G,.,PASS,AC=12;AN=5096;DP=13441;AF=0;EAS_AF=0;EUR_AF=0;AFR_AF=0.01;AMR_AF=0;SAS_AF=0;VT=SNP;NS=2548,GT,0|0,0|0,0|0,0|0,0|0,0|0,0|0,0|0,0|0,0|0,0|0,0|0,0|0,0|0,0|0,0|0,0|0,0|0,0|0,0|0,0|0,0|0,0|0,0|0,0|0,0|0,0|0,0|0,0|0,0|0,0|0,0|0,0|0,0|0,0|0,0|0,0|0,0|0,0|0,0|1,0|0,0|0,0|0,0|0,0|0,0|0,0|0,0|0,0|0,1|0,0|0,0|0,0|0,0|0,0|0,0|0,0|0,0|0,0|0,0|0,0|0,0|0,0|0,0|0,0|0,0|0,0|0,0|0,0|0,0|0,0|0,0|0,0|0,0|0,0|0,0|0,0|0,0|0,0|0,0|0,0|0,0|0,0|0,0|0,0|0,0|0,0|0,0|0,0|0,0|0,0|0,0|0,0|0,0|0,0|0,0|0,0|0
14,20690413,.,C,G,.,PASS,AC=321;AN=5096;DP=17615;AF=0.06;EAS_AF=0.14;EUR_AF=0.05;AFR_AF=0;AMR_AF=0.06;SAS_AF=0.08;VT=SNP;NS=2548,GT,0|0,1|0,0|0,0|0,0|0,0|0,0|0,0|0,0|0,0|0,0|0,0|0,0|0,0|0,0|0,0|0,0|0,0|0,0|0,0|0,0|0,0|0,0|0,0|0,0|0,0|0,0|0,0|0,0|0,0|0,0|0,0|0,0|0,0|0,0|0,0|0,0|0,0|0,0|0,0|0,0|0,0|0,0|0,0|0,0|0,0|0,0|0,0|0,0|0,0|0,0|0,0|0,0|0,0|0,0|0,0|0,0|0,0|0,0|0,0|0,0|0,0|0,0|0,0|0,0|0,0|0,0|0,0|0,0|0,0|0,0|0,0|0,0|0,0|0,0|0,0|0,0|0,0|0,0|0,0|0,0|0,0|0,0|0,0|0,0|0,0|0,0|0,0|0,0|0,0|0,0|0,0|0,0|0,0|0,0|0,0|0,0|0
14,20690418,.,G,A,.,PASS,AC=1649;AN=5096;DP=17645;AF=0.32;EAS_AF=0.43;EUR_AF=0.28;AFR_AF=0.32;AMR_AF=0.24;SAS_AF=0.32;VT=SNP;NS=2548,GT,0|0,0|0,1|0,1|0,1|0,0|0,0|1,0|1,1|1,0|0,1|0,0|0,1|0,0|1,1|0,0|0,1|0,1|1,0|0,0|0,0|0,0|0,1|0,0|0,0|0,0|0,0|0,1|0,1|1,0|0,0|1,0|0,1|0,0|1,0|0,0|0,0|0,0|0,0|0,0|1,0|1,0|0,0|0,0|0,1|0,0|1,1|1,0|0,0|0,1|1,1|1,0|0,0|0,0|1,0|0,1|0,0|0,1|0,0|1,0|0,1|0,0|0,0|1,0|0,1|0,1|0,0|0,0|1,0|0,0|0,0|0,0|0,0|0,0|0,0|0,0|0,0|0,0|0,0|0,1|0,1|0,0|0,1|0,0|0,1|0,0|0,1|1,0|0,0|1,1|0,1|1,0|0,0|1,0|1,0|0,1|0,0|1
14,20690484,.,A,C,.,PASS,AC=25;AN=5096;DP=18226;AF=0;EAS_AF=0;EUR_AF=0;AFR_AF=0.02;AMR_AF=0;SAS_AF=0;VT=SNP;NS=2548,GT,0|0,0|0,0|0,0|0,0|0,0|0,0|0,0|0,0|0,0|0,0|0,0|0,0|0,0|0,0|0,0|0,0|0,0|0,0|0,0|0,0|0,0|0,0|0,0|0,0|0,0|0,0|0,0|0,0|0,0|0,0|0,0|0,0|0,0|0,0|0,0|0,0|0,0|0,0|0,0|0,0|0,0|0,0|0,0|0,0|0,0|0,0|0,0|0,0|0,0|0,0|0,0|0,0|0,0|0,0|0,0|0,0|0,0|0,0|0,0|0,0|0,0|0,0|0,0|0,0|0,0|0,0|0,0|0,0|0,0|0,0|0,0|0,0|0,0|0,0|0,0|0,0|0,0|0,0|0,0|0,0|0,0|0,0|1,0|0,0|0,0|0,0|0,0|0,0|0,0|0,0|0,0|0,0|0,0|0,0|0,0|0,0|0
14,20690751,.,G,T,.,PASS,AC=1116;AN=5096;DP=20615;AF=0.22;EAS_AF=0.15;EUR_AF=0.12;AFR_AF=0.48;AMR_AF=0.14;SAS_AF=0.09;VT=SNP;NS=2548,GT,0|1,1|0,0|0,1|1,0|1,1|1,1|1,0|1,0|0,0|1,1|0,0|0,0|1,1|0,0|1,1|0,0|1,0|0,0|1,1|0,1|1,1|1,0|1,0|1,0|1,1|1,1|0,0|1,1|0,0|0,0|0,1|1,0|1,1|1,1|0,0|1,1|0,0|1,1|0,1|0,1|1,1|1,1|0,0|0,1|0,0|0,0|1,1|1,0|0,0|1,1|1,0|1,0|1,0|0,1|0,0|0,0|1,0|1,0|0,1|0,0|0,1|1,1|0,0|0,1|1,1|1,1|1,1|0,1|0,0|1,1|0,1|0,0|1,1|1,0|0,0|1,0|1,0|1,0|0,1|0,0|0,1|1,0|1,1|0,0|0,0|0,0|0,0|0,1|1,0|0,0|0,1|1,0|1,1|0,1|0,1|0,1|1
14,20690882,.,C,G,.,PASS,AC=1221;AN=5096;DP=22687;AF=0.24;EAS_AF=0.16;EUR_AF=0.15;AFR_AF=0.48;AMR_AF=0.15;SAS_AF=0.15;VT=SNP;NS=2548,GT,0|1,1|0,0|0,1|1,0|1,1|1,1|1,0|1,0|0,0|1,1|0,0|0,0|1,1|0,0|1,1|0,0|1,0|0,0|1,1|0,1|1,1|1,0|1,0|1,0|1,1|1,1|0,0|1,1|0,0|0,0|0,1|1,0|1,1|1,1|0,0|1,1|0,0|1,1|0,1|0,1|1,1|1,1|0,0|0,1|0,0|0,0|1,1|1,0|0,0|1,1|1,0|1,0|1,0|0,1|0,0|0,0|1,0|1,0|0,1|0,0|0,1|1,1|1,0|0,1|1,1|1,1|1,1|0,1|0,0|1,1|0,1|0,0|1,1|1,0|0,0|1,0|1,0|1,0|0,1|0,0|0,1|1,0|1,1|0,0|0,0|0,0|0,0|0,1|1,0|0,0|0,1|1,0|1,1|0,1|0,1|0,1|1
14,20691107,.,C,T,.,PASS,AC=1373;AN=5096;DP=23873;AF=0.27;EAS_AF=0.44;EUR_AF=0.26;AFR_AF=0.19;AMR_AF=0.23;SAS_AF=0.24;VT=SNP;NS=2548,GT,0|0,0|0,1|0,0|0,1|0,0|0,0|0,0|0,1|1,0|0,0|0,0|0,0|0,0|1,1|0,0|0,1|0,1|1,0|0,0|0,0|0,0|0,1|0,0|0,0|0,0|0,0|0,1|0,0|1,0|0,0|1,0|0,1|0,0|0,0|0,0|0,0|0,0|0,0|0,0|1,0|0,0|0,0|0,0|0,0|0,0|1,1|0,0|0,0|0,1|0,0|0,0|0,0|0,0|1,0|0,0|0,0|0,1|0,0|1,0|0,1|0,0|0,0|0,0|0,0|0,0|0,0|0,0|1,0|0,0|0,0|0,0|0,0|0,0|0,0|0,0|0,0|0,0|0,0|0,0|0,1|0,0|0,1|0,0|0,0|0,0|0,1|0,0|0,0|0,1|0,0|1,0|0,0|0,0|1,0|0,0|0,0|0
14,20691175,.,A,G,.,PASS,AC=14;AN=5096;DP=23218;AF=0;EAS_AF=0;EUR_AF=0;AFR_AF=0.01;AMR_AF=0;SAS_AF=0;VT=SNP;NS=2548,GT,0|0,0|0,0|0,0|0,0|0,0|1,0|0,0|0,0|0,0|0,0|0,0|0,0|0,0|0,0|0,0|0,0|0,0|0,0|0,0|0,0|0,0|0,0|0,0|0,0|0,0|0,0|0,0|0,0|0,0|0,0|0,0|0,0|0,0|0,0|0,0|0,0|0,0|0,0|0,0|0,0|0,0|0,0|0,0|0,0|0,0|0,0|0,0|0,0|0,0|0,0|0,0|0,0|0,0|0,0|0,0|0,0|0,0|0,0|0,0|0,0|0,0|0,0|0,0|0,0|0,0|0,0|0,0|0,0|0,0|0,0|0,0|0,0|0,0|0,0|0,0|0,0|0,0|0,0|0,0|0,0|0,0|0,0|0,0|0,0|0,0|0,0|0,0|0,0|0,0|0,0|0,0|0,0|0,0|0,0|0,0|0,0|0
14,20691447,.,G,A,.,PASS,AC=154;AN=5096;DP=22644;AF=0.03;EAS_AF=0;EUR_AF=0;AFR_AF=0.11;AMR_AF=0.01;SAS_AF=0;VT=SNP;NS=2548,GT,0|0,0|0,0|0,1|0,0|0,0|0,0|1,0|1,0|0,0|0,1|0,0|0,0|0,0|0,0|0,0|0,0|0,0|0,0|0,0|0,0|0,0|0,0|0,0|0,0|0,0|0,0|0,0|0,1|0,0|0,0|0,0|0,0|0,0|1,0|0,0|0,0|0,0|0,0|0,0|0,0|1,0|0,0|0,0|0,1|0,0|0,0|1,0|0,0|0,0|1,1|1,0|0,0|0,0|0,0|0,0|0,0|0,0|0,0|0,0|0,0|0,0|0,0|0,0|0,1|0,1|0,0|0,0|0,0|0,0|0,0|0,0|0,0|0,0|0,0|0,0|0,0|0,0|0,0|0,1|0,0|0,0|0,0|0,0|0,1|0,0|0,0|0,0|0,0|1,0|0,0|0,0|0,0|1,0|0,0|0,1|0,0|1
14,20691664,.,C,G,.,PASS,AC=90;AN=5096;DP=23310;AF=0.02;EAS_AF=0;EUR_AF=0;AFR_AF=0.06;AMR_AF=0;SAS_AF=0;VT=SNP;NS=2548,GT,0|1,0|0,0|0,0|1,0|1,1|0,1|0,0|0,0|0,0|0,0|0,0|0,0|0,0|0,0|0,0|0,0|0,0|0,0|1,0|0,0|0,0|0,0|0,0|1,0|0,0|0,1|0,0|0,0|0,0|0,0|0,0|0,0|0,0|0,0|0,0|1,0|0,0|0,0|0,1|0,1|0,0|1,0|0,0|0,0|0,0|0,0|0,0|1,0|0,0|0,0|0,0|0,0|0,0|0,0|0,0|0,0|0,0|1,0|0,0|0,0|0,0|0,0|0,0|0,0|1,0|0,0|0,0|0,1|0,0|0,0|0,0|0,0|0,0|0,0|0,0|0,0|0,0|0,0|0,0|0,0|0,0|1,0|0,0|0,0|0,0|0,0|0,0|0,0|0,0|0,0|0,0|1,0|0,0|0,0|0,0|0,1|0
14,20691986,.,A,G,.,PASS,AC=114;AN=5096;DP=19345;AF=0.02;EAS_AF=0.01;EUR_AF=0.03;AFR_AF=0;AMR_AF=0.01;SAS_AF=0.06;VT=SNP;NS=2548,GT,0|0,0|0,0|0,0|0,0|0,0|0,0|0,0|0,0|0,0|0,0|0,0|0,0|0,0|0,0|0,0|0,0|0,0|0,0|0,0|0,0|0,0|0,0|0,0|0,0|0,0|0,0|0,0|0,0|0,0|0,0|0,0|0,0|0,0|0,0|0,0|0,0|0,0|0,0|0,0|0,0|0,0|0,0|0,0|0,0|0,0|0,0|0,0|0,0|0,0|0,0|0,0|0,0|0,0|0,0|0,0|0,0|0,0|0,0|0,0|0,0|0,0|0,0|1,0|0,0|0,0|0,0|0,0|0,0|0,0|0,0|0,0|0,0|0,0|0,0|0,0|0,0|0,0|0,0|0,0|0,0|0,0|0,0|0,0|0,0|0,0|0,0|0,0|0,0|0,0|0,0|0,0|0,0|0,0|0,0|0,0|0,0|0
14,20692629,.,A,G,.,PASS,AC=112;AN=5096;DP=20264;AF=0.02;EAS_AF=0.01;EUR_AF=0.03;AFR_AF=0;AMR_AF=0.01;SAS_AF=0.06;VT=SNP;NS=2548,GT,0|0,0|0,0|0,0|0,0|0,0|0,0|0,0|0,0|0,0|0,0|0,0|0,0|0,0|0,0|0,0|0,0|0,0|0,0|0,0|0,0|0,0|0,0|0,0|0,0|0,0|0,0|0,0|0,0|0,0|0,0|0,0|0,0|0,0|0,0|0,0|0,0|0,0|0,0|0,0|0,0|0,0|0,0|0,0|0,0|0,0|0,0|0,0|0,0|0,0|0,0|0,0|0,0|0,0|0,0|0,0|0,0|0,0|0,0|0,0|0,0|0,0|0,0|1,0|0,0|0,0|0,0|0,0|0,0|0,0|0,0|0,0|0,0|0,0|0,0|0,0|0,0|0,0|0,0|0,0|0,0|0,0|0,0|0,0|0,0|0,0|0,0|0,0|0,0|0,0|0,0|0,0|0,0|0,0|0,0|0,0|0,0|0
14,20692646,.,C,T,.,PASS,AC=52;AN=5096;DP=20049;AF=0.01;EAS_AF=0;EUR_AF=0.03;AFR_AF=0;AMR_AF=0.02;SAS_AF=0;VT=SNP;NS=2548,GT,0|0,0|0,0|0,0|0,0|0,0|0,0|0,0|0,0|0,0|0,0|0,0|0,0|0,0|0,0|0,0|0,0|0,0|0,0|0,0|0,0|0,0|0,0|0,0|0,0|0,0|0,0|0,0|0,0|0,0|0,0|0,0|0,0|0,0|0,0|0,0|0,0|0,0|0,0|0,0|0,0|0,0|0,0|0,0|0,0|0,0|0,0|0,0|0,0|0,0|0,0|0,0|0,0|0,0|1,0|0,0|0,0|0,0|0,0|0,0|0,0|0,0|0,0|0,0|0,0|0,0|0,0|0,0|0,0|0,0|0,0|0,0|0,0|0,0|0,0|0,0|0,0|0,0|0,0|0,0|0,0|0,0|0,0|0,0|0,0|0,0|0,0|0,0|0,0|0,1|0,0|0,0|0,0|0,0|0,0|0,0|0,0|0
14,20692890,.,A,C,.,PASS,AC=99;AN=5096;DP=17654;AF=0.02;EAS_AF=0;EUR_AF=0;AFR_AF=0.07;AMR_AF=0;SAS_AF=0;VT=SNP;NS=2548,GT,0|0,0|0,0|0,0|0,1|0,0|1,0|0,0|0,0|1,0|0,0|0,0|0,0|0,0|1,0|0,0|0,0|0,0|0,0|0,0|0,0|0,0|0,1|0,0|0,0|0,0|0,0|0,0|0,0|0,0|0,0|0,0|0,0|0,0|0,0|0,0|0,0|0,0|0,0|0,0|0,0|0,0|0,0|0,0|0,0|0,0|0,0|0,0|0,0|0,0|0,0|0,0|0,0|0,0|0,0|1,0|0,0|0,0|0,0|0,0|0,0|0,0|0,0|0,1|0,0|0,0|0,0|0,0|0,0|0,0|0,0|0,0|0,0|0,0|0,0|0,0|0,0|0,0|0,0|0,0|0,0|0,0|0,0|0,0|0,0|0,0|0,1|0,0|0,0|0,0|0,0|0,0|0,0|0,0|0,0|0,0|0,0|0
14,20693052,.,G,T,.,PASS,AC=2198;AN=5096;DP=15621;AF=0.43;EAS_AF=0.37;EUR_AF=0.31;AFR_AF=0.71;AMR_AF=0.31;SAS_AF=0.33;VT=SNP;NS=2548,GT,0|1,1|0,1|0,1|1,0|1,1|1,1|1,0|1,1|1,0|1,1|0,1|1,1|1,1|1,1|1,1|0,1|1,1|0,0|1,1|0,1|1,1|1,0|1,0|1,0|1,1|1,1|0,1|1,1|0,0|0,0|0,1|1,1|1,1|1,1|1,0|1,1|0,0|1,1|0,1|1,1|1,1|1,1|0,0|0,1|0,0|1,1|1,1|1,0|0,1|1,1|1,0|1,0|1,0|1,1|1,1|0,0|1,1|1,0|1,1|0,0|0,1|1,1|1,1|0,1|1,1|1,1|1,1|1,1|0,1|1,1|0,1|0,0|1,1|1,0|0,0|1,0|1,0|0,0|1,1|0,1|0,1|1,1|1,1|0,0|0,0|0,1|1,0|1,1|1,1|0,1|1,1|1,0|1,1|1,1|0,1|0,1|1
14,20693068,.,C,T,.,PASS,AC=1685;AN=5096;DP=16224;AF=0.33;EAS_AF=0.31;EUR_AF=0.21;AFR_AF=0.55;AMR_AF=0.23;SAS_AF=0.25;VT=SNP;NS=2548,GT,0|1,1|0,1|0,1|1,1|1,1|0,1|1,0|1,1|1,0|0,1|0,1|1,1|1,1|1,1|1,0|0,1|0,0|0,0|1,1|0,1|0,0|1,1|0,0|1,0|1,0|0,1|0,1|1,1|0,0|0,0|0,1|1,1|1,0|1,1|1,0|1,1|0,0|1,0|0,1|0,1|1,0|1,1|0,0|0,1|0,0|1,0|1,1|1,0|0,0|1,1|1,0|1,0|0,0|1,1|1,0|0,0|1,1|1,0|1,1|0,0|0,0|0,1|0,1|0,1|1,1|1,1|1,0|0,1|0,1|1,0|0,0|0,0|1,1|0,0|0,0|1,0|0,0|0,0|1,1|0,1|0,1|1,0|1,1|0,0|0,0|0,1|0,0|1,0|1,1|0,1|0,0|1,0|1,1|1,0|0,1|0,1|1
14,20693098,.,T,C,.,PASS,AC=689;AN=5096;DP=17224;AF=0.14;EAS_AF=0.01;EUR_AF=0.1;AFR_AF=0.37;AMR_AF=0.08;SAS_AF=0.02;VT=SNP;NS=2548,GT,0|0,0|0,0|0,1|0,0|0,0|0,0|1,0|1,0|1,0|0,1|0,1|1,0|0,0|1,0|1,1|0,0|0,0|0,0|0,0|0,1|1,1|1,0|1,0|0,0|1,1|1,0|0,0|0,1|0,0|0,0|0,1|0,0|1,0|1,0|1,0|0,1|0,0|1,1|0,0|0,0|1,1|0,0|0,0|0,1|0,0|0,0|1,0|0,0|0,0|1,1|1,0|1,0|0,0|1,1|1,0|0,0|1,0|0,0|0,1|0,0|0,1|1,1|0,0|0,1|0,1|1,0|1,1|0,0|0,1|1,1|0,0|0,0|0,1|1,0|0,0|1,0|0,0|0,0|1,1|0,0|0,1|0,0|1,0|0,0|0,0|0,1|0,0|0,1|1,1|0,0|0,0|0,0|1,1|0,1|0,1|0,0|1
14,20693099,.,G,A,.,PASS,AC=375;AN=5096;DP=17145;AF=0.07;EAS_AF=0.01;EUR_AF=0.1;AFR_AF=0.15;AMR_AF=0.07;SAS_AF=0.01;VT=SNP;NS=2548,GT,0|0,0|0,0|0,0|0,0|0,0|0,0|0,0|0,0|1,0|0,0|0,0|0,0|0,0|1,0|1,0|0,0|0,0|0,0|0,0|0,0|0,0|1,0|0,0|0,0|1,0|0,0|0,0|0,0|0,0|0,0|0,1|0,0|1,0|0,0|0,0|0,1|0,0|1,0|0,0|0,0|0,0|0,0|0,0|0,0|0,0|0,0|0,0|0,0|0,0|0,0|0,0|1,0|0,0|1,1|1,0|0,0|1,0|0,0|0,1|0,0|0,0|0,1|0,0|0,0|0,0|1,0|1,0|0,0|0,0|1,0|0,0|0,0|0,1|0,0|0,0|1,0|0,0|0,0|0,0|0,0|0,0|0,0|0,0|0,0|0,0|0,0|0,0|0,0|0,1|0,0|0,0|0,0|0,1|0,0|0,0|0,0|0
14,20693222,.,A,G,.,PASS,AC=5068;AN=5096;DP=26531;AF=0.99;EAS_AF=1;EUR_AF=1;AFR_AF=0.98;AMR_AF=1;SAS_AF=1;VT=SNP;NS=2548,GT,1|1,1|1,1|1,1|1,1|1,1|1,1|1,1|1,1|1,1|1,1|1,1|1,1|1,1|1,1|1,1|1,1|1,1|1,1|1,1|1,1|1,1|1,1|1,1|1,1|1,1|1,1|1,1|1,1|1,1|1,1|1,1|1,1|1,1|1,1|1,1|1,1|1,1|1,1|1,1|1,1|1,1|1,1|1,1|1,1|0,1|1,1|1,1|1,1|1,1|1,1|1,1|1,1|1,1|1,1|1,1|1,1|1,1|1,1|1,1|1,1|1,1|1,1|1,1|1,1|1,1|1,1|1,1|1,1|1,1|1,1|1,1|1,1|1,1|1,1|1,1|1,1|1,1|1,1|1,1|1,1|1,1|1,1|1,1|1,1|1,1|1,1|1,1|1,1|1,1|1,1|1,1|1,1|1,1|1,1|1,1|1,1|1
14,20693226,.,T,G,.,PASS,AC=381;AN=5096;DP=27356;AF=0.07;EAS_AF=0.15;EUR_AF=0.06;AFR_AF=0.02;AMR_AF=0.04;SAS_AF=0.11;VT=SNP;NS=2548,GT,0|0,1|0,1|0,0|0,0|0,0|0,0|0,0|0,0|0,0|0,0|0,0|0,1|0,0|0,0|0,0|0,0|0,0|0,0|0,0|0,0|0,0|0,0|0,0|0,0|0,0|0,0|0,0|0,0|0,0|0,0|0,0|0,0|0,0|0,0|0,0|0,0|0,0|0,0|0,0|0,0|0,0|0,0|0,0|0,0|0,0|0,0|0,0|0,0|0,0|0,0|0,0|0,0|0,0|0,0|0,0|0,0|0,0|0,0|0,0|0,0|0,0|0,0|0,0|0,0|0,0|0,0|0,0|0,0|0,0|0,0|0,0|0,0|0,0|0,0|0,0|0,0|0,0|0,0|0,0|0,0|0,0|0,0|0,0|0,0|0,0|0,0|0,0|1,0|0,0|0,0|0,0|0,0|0,0|0,0|0,0|0,0|0
14,20693285,.,T,C,.,PASS,AC=5;AN=5096;DP=38230;AF=0;EAS_AF=0;EUR_AF=0;AFR_AF=0;AMR_AF=0;SAS_AF=0;VT=SNP;NS=2548,GT,0|0,0|0,0|0,0|0,0|0,0|0,0|0,0|0,0|0,0|0,0|0,0|0,1|0,0|0,0|0,0|0,0|0,0|0,0|0,0|0,0|0,0|0,0|0,0|0,0|0,0|0,0|0,0|0,0|0,0|0,0|0,0|0,0|0,0|0,0|0,0|0,0|0,0|0,0|0,0|0,0|0,0|0,0|0,0|0,0|0,0|0,0|0,0|0,0|0,0|0,0|0,0|0,0|0,0|0,0|0,0|0,0|0,0|0,0|0,0|0,0|0,0|0,0|0,0|0,0|0,0|0,0|0,0|0,0|0,0|0,0|0,0|0,0|0,0|0,0|0,0|0,0|0,0|0,0|0,0|0,0|0,0|0,0|0,0|0,0|0,0|0,0|0,0|0,0|0,0|0,0|0,0|0,0|0,0|0,0|0,0|0,0|0
14,20693325,.,G,C,.,PASS,AC=115;AN=5096;DP=46071;AF=0.02;EAS_AF=0.01;EUR_AF=0.04;AFR_AF=0;AMR_AF=0.01;SAS_AF=0.06;VT=SNP;NS=2548,GT,0|0,0|0,0|0,0|0,0|0,0|0,0|0,0|0,0|0,0|0,0|0,0|0,0|0,0|0,0|0,0|0,0|0,0|0,0|0,0|0,0|0,0|0,0|0,0|0,0|0,0|0,0|0,0|0,0|0,0|0,0|0,0|0,0|0,0|0,0|0,0|0,0|0,0|0,0|0,0|0,0|0,0|0,0|0,0|0,0|0,0|0,0|0,0|0,0|0,0|0,0|0,0|0,0|0,0|0,0|0,0|0,0|0,0|0,0|0,0|0,0|0,0|0,0|1,0|0,0|0,0|0,0|0,0|0,0|0,0|0,0|0,0|0,0|0,0|0,0|0,0|0,0|0,0|0,0|0,0|0,0|0,0|0,0|0,0|0,0|0,0|0,0|0,0|0,0|0,0|0,0|0,0|0,0|0,0|0,0|0,0|0,0|0
14,20693471,.,G,A,.,PASS,AC=18;AN=5096;DP=179456;AF=0;EAS_AF=0;EUR_AF=0;AFR_AF=0.01;AMR_AF=0;SAS_AF=0;VT=SNP;NS=2548,GT,0|0,0|0,0|0,0|0,0|1,0|0,1|0,0|0,0|0,0|0,0|0,0|0,0|0,0|0,0|0,0|0,0|0,0|0,0|0,0|0,0|0,0|0,0|0,0|1,0|0,0|0,0|0,0|0,0|0,0|0,0|0,0|0,0|0,0|0,0|0,0|0,0|0,0|0,0|0,0|0,0|0,0|1,0|0,0|0,0|0,0|0,0|0,0|0,0|0,0|0,0|0,0|0,0|0,0|0,0|0,0|0,0|0,0|0,0|0,0|0,0|0,0|0,0|0,0|0,0|0,0|0,0|0,0|0,0|0,0|0,0|0,0|0,0|0,0|0,0|0,0|0,0|0,0|0,0|0,0|0,0|0,0|0,0|0,0|0,0|0,0|0,0|0,0|0,0|0,0|0,0|0,0|0,0|0,0|0,0|0,0|0,0|0
14,20693487,.,T,C,.,PASS,AC=1;AN=5096;DP=211572;AF=0;EAS_AF=0;EUR_AF=0;AFR_AF=0;AMR_AF=0;SAS_AF=0;VT=SNP;NS=2548,GT,0|0,0|0,0|0,0|0,0|0,0|0,0|0,0|0,0|0,0|0,0|0,0|0,0|0,0|0,0|0,0|0,0|0,0|0,0|0,0|0,0|0,0|0,0|0,0|0,0|0,0|0,0|0,0|0,0|0,0|0,0|0,0|0,0|0,0|0,0|1,0|0,0|0,0|0,0|0,0|0,0|0,0|0,0|0,0|0,0|0,0|0,0|0,0|0,0|0,0|0,0|0,0|0,0|0,0|0,0|0,0|0,0|0,0|0,0|0,0|0,0|0,0|0,0|0,0|0,0|0,0|0,0|0,0|0,0|0,0|0,0|0,0|0,0|0,0|0,0|0,0|0,0|0,0|0,0|0,0|0,0|0,0|0,0|0,0|0,0|0,0|0,0|0,0|0,0|0,0|0,0|0,0|0,0|0,0|0,0|0,0|0,0|0
14,20693814,.,A,G,.,PASS,AC=33;AN=5096;DP=326051;AF=0.01;EAS_AF=0;EUR_AF=0;AFR_AF=0.02;AMR_AF=0;SAS_AF=0;EX_TARGET;VT=SNP;NS=2548,GT,0|0,0|0,0|0,0|0,0|0,0|0,0|0,0|0,0|0,0|0,0|0,0|0,0|0,0|0,0|1,0|0,0|0,0|0,0|0,0|0,0|0,0|0,0|0,0|0,0|0,0|0,0|0,0|0,0|0,0|0,0|0,0|0,0|0,0|0,0|0,0|0,0|0,0|0,0|0,0|0,0|0,0|0,0|0,0|0,0|0,0|0,0|0,0|0,0|0,0|0,0|0,0|0,0|0,0|0,0|0,0|0,0|0,0|0,0|0,0|0,0|0,0|0,0|0,0|0,0|0,0|0,0|0,0|0,0|0,0|0,0|0,0|0,0|0,0|0,0|0,0|1,0|0,0|0,0|0,0|0,0|0,0|0,0|0,0|0,0|0,0|0,1|0,0|0,0|0,0|0,0|0,0|0,0|0,0|0,0|0,0|0,0|0
14,20693894,.,T,G,.,PASS,AC=587;AN=5096;DP=312956;AF=0.12;EAS_AF=0.01;EUR_AF=0.14;AFR_AF=0.13;AMR_AF=0.18;SAS_AF=0.14;EX_TARGET;VT=SNP;NS=2548,GT,0|0,0|0,0|0,0|0,0|0,0|0,0|0,0|0,0|0,0|0,0|0,0|0,0|0,0|0,0|1,0|0,0|0,1|0,0|0,0|0,0|0,0|0,0|0,0|0,0|0,0|0,0|0,0|0,0|0,0|0,0|0,0|0,0|0,0|0,0|1,0|0,0|1,0|0,0|0,0|0,0|0,0|0,0|1,0|0,0|0,0|0,0|0,0|0,0|0,0|0,0|0,0|0,0|0,0|0,0|0,1|0,0|0,0|0,0|1,0|0,0|0,0|0,0|1,0|0,0|0,0|0,0|0,0|0,0|0,1|0,0|0,0|0,1|0,0|0,0|0,0|1,0|0,0|0,0|0,0|0,0|0,0|0,0|0,0|0,0|0,0|0,1|1,0|0,0|0,0|0,0|1,0|0,0|0,0|0,0|0,0|0,0|0
14,20693927,.,A,T,.,PASS,AC=80;AN=5096;DP=341517;AF=0.02;EAS_AF=0;EUR_AF=0;AFR_AF=0.06;AMR_AF=0.01;SAS_AF=0;EX_TARGET;VT=SNP;NS=2548,GT,0|0,0|0,0|0,0|0,0|0,0|0,0|0,0|0,0|0,0|0,0|0,0|0,0|0,0|0,0|0,0|0,0|0,0|0,0|0,0|0,0|0,0|0,0|0,0|0,0|0,0|0,0|0,0|0,0|0,0|0,0|0,0|0,0|0,0|0,1|0,0|0,0|0,0|0,0|0,0|0,0|0,0|0,0|0,0|0,0|0,0|0,0|0,0|0,0|0,0|0,0|0,0|0,0|0,0|0,0|0,1|0,0|0,0|0,0|0,0|0,0|0,0|0,0|0,0|0,0|0,0|0,0|0,0|0,0|0,1|0,0|0,0|0,0|0,0|0,0|0,0|0,0|0,0|0,0|0,0|0,0|0,0|1,0|0,0|0,0|0,0|0,0|1,0|0,0|0,0|0,0|0,0|0,0|0,0|0,0|0,0|0,0|0
14,20694147,.,A,G,.,PASS,AC=5;AN=5096;DP=86706;AF=0;EAS_AF=0;EUR_AF=0;AFR_AF=0;AMR_AF=0;SAS_AF=0;VT=SNP;NS=2548,GT,0|0,0|0,0|0,0|0,0|0,0|0,0|0,0|0,0|0,0|0,0|0,0|0,0|0,0|0,0|0,0|0,0|0,0|0,0|0,0|0,0|0,0|0,0|0,0|0,0|0,0|0,0|0,0|0,0|0,0|0,0|0,0|0,0|0,0|0,0|0,0|0,0|0,0|0,0|0,0|0,0|0,0|0,0|0,0|0,0|0,0|0,0|0,0|0,0|0,0|0,0|0,0|0,0|0,0|0,0|0,0|0,0|0,0|0,0|0,0|0,0|0,0|0,0|0,0|0,0|0,0|0,0|0,0|0,0|0,0|0,0|0,0|0,0|0,0|0,0|0,0|0,0|0,0|0,0|0,0|0,0|0,0|0,0|0,0|0,0|0,0|0,0|0,0|0,0|0,0|0,0|0,0|0,0|0,0|1,0|0,0|0,0|0
