#CHROM,POS,ID,REF,ALT,QUAL,FILTER,INFO,FORMAT,NA20768,NA20582,NA20816,NA20814,NA20806,NA20796,NA20811,NA20510,NA20798,NA20540,NA20581,NA20753,NA20517,NA20787,NA20762,NA20521,NA20505,NA20831,NA20515,NA20534,NA20773,NA20503,NA20514,NA20532,NA20828,NA20512,NA20801,NA20827,NA20770,NA20805,NA20821,NA20774,NA20758,NA20799,NA20541,NA20756,NA20588,NA20809,NA20542,NA20544,NA20520,NA20763,NA20513,NA20509,NA20516,NA20535,NA20766,NA20778,NA20807,NA20539,NA20528,NA20790,NA20533,NA20538,NA20765,NA20529,NA20537,NA20819,NA20536,NA20795,NA20818,NA20803,NA20527,NA20772,NA20585,NA20589,NA20531,NA20760,NA20800,NA20587,NA20769,NA20524,NA20530,NA20759,NA20826,NA20504,NA20757,NA20764,NA20586,NA20752,NA20802,NA20785,NA20783,NA20786,NA20543,NA20810,NA20755,NA20812,NA20522,NA20832,NA20507,NA20519,NA20771,NA20761,NA20808,NA20792,NA20754,NA20813,NA20518,NA20815,NA20767,NA20525,NA20775,NA20804,NA20797,NA20502,NA20506,NA20822
15,78593646,.,T,C,.,PASS,AC=3608;AN=5096;DP=21134;AF=0.71;EAS_AF=0.83;EUR_AF=0.65;AFR_AF=0.63;AMR_AF=0.81;SAS_AF=0.68;VT=SNP;NS=2548,GT,1|1,1|1,1|1,0|1,0|1,1|0,1|1,0|1,1|1,1|1,1|1,0|1,1|1,0|1,1|1,0|0,1|0,0|1,1|0,1|1,0|1,1|0,0|1,1|0,1|1,1|0,1|1,1|0,1|1,1|0,1|1,1|1,1|1,1|0,1|1,0|1,1|1,1|1,1|1,1|0,1|1,1|0,0|1,1|0,1|0,1|0,1|1,0|1,1|0,1|1,0|0,1|1,1|1,1|0,1|0,1|0,0|1,1|1,0|1,0|0,1|1,1|0,0|1,1|0,1|1,1|0,0|1,1|1,1|0,1|1,1|1,1|1,1|1,1|0,1|1,0|0,0|1,1|0,0|1,1|1,1|1,0|1,1|1,0|1,1|0,1|0,0|1,0|1,1|0,1|1,1|0,1|1,1|0,0|1,1|1,1|1,1|0,1|1,1|1,1|1,0|1,1|1,1|1,1|1,0|1,1|1,0|1,1|1
15,78593856,.,C,T,.,PASS,AC=762;AN=5096;DP=17990;AF=0.15;EAS_AF=0.03;EUR_AF=0.36;AFR_AF=0.02;AMR_AF=0.21;SAS_AF=0.18;VT=SNP;NS=2548,GT,1|1,0|1,1|1,0|1,0|0,0|0,0|0,0|1,0|0,0|1,0|0,0|1,1|0,0|0,0|0,0|0,0|0,0|1,0|0,1|1,0|0,0|0,0|0,1|0,0|1,1|0,0|0,1|0,0|0,1|0,1|0,1|1,0|1,0|0,1|1,0|0,0|0,1|1,1|1,1|0,0|1,0|0,0|1,0|0,1|0,0|0,1|1,0|1,0|0,0|0,0|0,0|0,0|0,0|0,0|0,1|0,0|0,0|1,0|0,0|0,0|1,0|0,0|1,1|0,0|0,1|0,0|1,1|0,1|0,0|1,1|1,1|0,1|1,1|0,0|1,0|0,0|0,1|0,0|1,1|1,1|1,0|0,1|1,0|1,1|0,0|0,0|0,0|1,0|0,1|1,0|0,1|1,1|0,0|0,1|1,0|1,1|0,0|0,1|1,1|1,0|0,0|1,0|1,1|0,0|1,1|1,0|0,0|0
15,78593885,.,A,G,.,PASS,AC=2825;AN=5096;DP=17392;AF=0.55;EAS_AF=0.8;EUR_AF=0.28;AFR_AF=0.6;AMR_AF=0.6;SAS_AF=0.49;VT=SNP;NS=2548,GT,0|0,1|0,0|0,0|0,0|1,1|0,1|1,0|0,1|1,1|0,1|1,0|0,0|1,0|1,1|1,0|0,1|0,0|0,1|0,0|0,0|1,1|0,0|1,0|0,1|0,0|0,1|1,0|0,1|1,0|0,0|1,0|0,1|0,1|0,0|0,0|1,1|1,0|0,0|0,0|0,1|0,1|0,0|0,1|0,0|0,1|0,0|0,0|0,1|0,1|1,0|0,1|0,1|1,1|0,1|0,0|0,0|1,1|0,0|1,0|0,0|0,1|0,0|0,0|0,1|1,0|0,0|0,0|1,0|0,1|0,0|0,0|1,0|0,0|0,1|0,0|0,0|1,0|0,0|0,0|0,0|0,0|1,0|0,0|0,0|0,1|0,0|1,0|0,0|0,0|0,1|0,0|0,0|0,0|1,0|0,1|0,0|0,1|0,0|0,0|0,0|1,1|0,1|0,0|1,0|0,0|0,0|1,1|1
15,78594495,.,G,A,.,PASS,AC=47;AN=5096;DP=19700;AF=0.01;EAS_AF=0;EUR_AF=0;AFR_AF=0.03;AMR_AF=0;SAS_AF=0;VT=SNP;NS=2548,GT,0|0,0|0,0|0,0|0,0|0,0|0,0|0,0|0,0|0,0|0,0|0,0|0,0|0,0|0,0|0,0|0,0|0,0|0,0|0,0|0,0|0,0|0,0|0,0|0,0|0,0|0,0|0,0|0,0|0,0|0,0|0,0|0,0|0,0|0,0|0,0|0,0|0,0|0,0|0,0|0,0|0,0|0,0|0,0|0,0|0,1|0,0|0,0|0,0|0,0|0,0|0,0|0,0|0,0|0,0|0,0|0,0|0,0|0,0|0,0|0,0|0,0|0,0|0,0|0,0|0,0|0,0|0,0|0,0|0,0|0,0|0,0|0,0|0,0|0,0|0,0|0,0|0,0|0,0|0,0|0,0|0,0|0,0|0,0|0,0|0,0|0,0|0,0|0,0|0,0|0,0|0,0|0,0|0,0|0,0|0,0|0,0|0,0|0,0|0,0|0,0|0,0|0,0|0,0|0,0|0,0|0,0|0,0|0
15,78594506,.,G,A,.,PASS,AC=2;AN=5096;DP=19026;AF=0;EAS_AF=0;EUR_AF=0;AFR_AF=0;AMR_AF=0;SAS_AF=0;VT=SNP;NS=2548,GT,0|0,0|0,0|0,0|0,0|0,0|0,0|0,0|0,0|0,0|0,0|0,0|0,0|0,0|0,0|0,0|0,0|0,0|0,0|0,0|0,0|0,0|0,0|0,0|0,0|0,0|0,0|0,0|0,0|0,0|0,0|0,0|0,0|0,0|0,0|0,0|0,0|0,0|0,0|0,0|0,0|0,0|0,0|0,0|0,0|0,0|0,0|0,0|0,0|0,0|0,0|0,0|0,0|0,0|0,0|1,0|0,0|0,0|0,0|0,0|0,0|0,0|0,0|0,0|0,0|0,0|0,0|0,0|0,0|0,0|0,0|0,0|0,0|0,0|0,0|0,0|0,0|0,0|0,0|0,0|0,0|0,0|0,0|0,0|0,0|0,0|0,0|0,0|0,0|0,0|0,0|0,0|0,0|0,0|0,0|0,0|0,0|0,0|0,0|0,0|0,0|0,0|0,0|0,0|0,0|0,0|0,0|0,0|0
15,78594551,.,G,A,.,PASS,AC=70;AN=5096;DP=18587;AF=0.01;EAS_AF=0.06;EUR_AF=0;AFR_AF=0;AMR_AF=0;SAS_AF=0;VT=SNP;NS=2548,GT,0|0,0|0,0|0,0|0,0|0,0|0,0|0,0|0,0|0,0|0,0|0,0|0,0|0,0|0,1|0,0|0,0|0,0|0,0|0,0|0,0|0,1|0,0|0,0|0,0|0,0|0,0|0,0|0,0|0,0|0,0|0,0|0,0|0,0|0,0|0,0|0,0|0,0|0,0|0,0|0,0|0,0|0,0|0,0|0,0|0,0|0,0|0,0|0,0|0,0|0,0|0,0|0,0|0,0|0,0|0,0|0,0|0,0|0,0|0,0|0,0|0,0|0,0|0,0|0,0|0,0|0,0|0,0|0,0|0,0|0,0|0,0|0,0|0,0|0,0|0,0|0,0|0,0|0,0|0,0|0,0|0,0|0,0|0,0|0,0|0,0|0,0|0,0|0,0|0,0|0,0|0,0|0,0|0,0|0,0|0,0|0,0|0,0|0,0|0,0|0,0|0,0|0,0|0,0|0,0|0,0|0,0|0,0|0
15,78594560,.,C,T,.,PASS,AC=263;AN=5096;DP=19003;AF=0.05;EAS_AF=0.06;EUR_AF=0;AFR_AF=0.14;AMR_AF=0.01;SAS_AF=0;VT=SNP;NS=2548,GT,0|0,0|0,0|0,0|0,0|0,0|0,0|0,0|0,0|0,0|0,0|0,0|0,0|0,0|0,1|0,0|0,0|0,0|0,0|0,0|0,0|0,1|0,0|0,0|0,0|0,0|0,0|0,0|0,0|0,0|0,0|0,0|0,0|0,0|0,0|0,0|0,0|0,0|0,0|0,0|0,0|0,0|0,0|0,0|0,0|0,0|0,0|0,0|0,0|0,0|0,0|0,0|0,0|0,0|0,0|0,0|0,0|0,0|0,0|0,0|0,0|0,0|0,0|0,0|0,0|0,0|0,0|0,0|0,0|0,0|0,0|0,0|0,0|0,0|0,0|0,0|0,0|0,0|0,0|0,0|0,0|0,0|0,0|0,0|0,0|0,0|0,0|0,0|0,0|0,0|0,0|0,0|0,0|0,0|0,0|0,0|0,0|0,0|0,0|0,0|0,0|0,0|0,0|0,0|0,0|0,0|0,0|0,0|0
15,78594605,.,G,A,.,PASS,AC=766;AN=5096;DP=20279;AF=0.15;EAS_AF=0.03;EUR_AF=0.36;AFR_AF=0.03;AMR_AF=0.21;SAS_AF=0.18;VT=SNP;NS=2548,GT,1|1,0|1,1|1,0|1,0|0,0|0,0|0,0|1,0|0,0|1,0|0,0|1,1|0,0|0,0|0,0|0,0|0,0|1,0|0,1|1,0|0,0|0,0|0,1|0,0|1,1|0,0|0,1|0,0|0,1|0,1|0,1|1,0|1,0|0,1|1,0|0,0|0,1|1,1|1,1|0,0|1,0|0,0|1,0|0,1|0,0|0,1|1,0|1,0|0,0|0,0|0,0|0,0|0,0|0,0|0,1|0,0|0,0|1,0|0,0|0,0|1,0|0,0|1,1|0,0|0,1|0,0|1,1|0,1|0,0|1,1|1,1|0,1|1,1|0,0|1,0|0,0|0,1|0,0|1,1|1,1|1,0|0,1|1,0|1,1|0,0|0,0|0,0|1,0|0,1|1,0|0,1|1,1|0,0|0,1|1,0|1,1|0,0|0,1|1,1|1,0|0,0|1,0|1,1|0,0|1,1|1,0|0,0|0
15,78594668,.,ACT,A,.,PASS,AC=4;AN=5096;DP=20856;AF=0;EAS_AF=0;EUR_AF=0;AFR_AF=0;AMR_AF=0;SAS_AF=0;VT=INDEL;NS=2548,GT,0|0,0|0,0|0,0|0,0|0,0|0,0|0,0|0,0|0,0|0,0|0,0|0,0|0,0|0,0|0,0|0,0|0,0|0,0|0,0|0,0|0,0|0,0|0,0|0,0|0,0|0,0|0,0|0,0|0,0|0,0|0,0|0,0|0,0|0,0|0,0|0,0|0,0|0,0|0,0|0,0|0,0|0,0|0,0|0,0|0,0|0,0|0,0|0,0|0,0|0,0|0,0|0,0|0,0|0,0|0,0|0,0|0,0|0,0|0,0|0,0|0,0|0,0|0,0|0,0|0,0|0,0|1,0|0,0|0,0|0,0|0,0|0,0|0,0|0,0|0,0|0,0|0,0|0,0|0,0|0,0|0,0|0,0|1,0|0,0|0,0|0,0|0,0|0,0|0,0|0,0|0,0|0,0|0,0|0,0|0,0|0,0|0,0|0,0|0,0|0,0|0,0|0,0|0,0|0,0|0,0|0,0|0,0|0
15,78594829,.,T,C,.,PASS,AC=263;AN=5096;DP=21433;AF=0.05;EAS_AF=0.06;EUR_AF=0;AFR_AF=0.14;AMR_AF=0.01;SAS_AF=0;VT=SNP;NS=2548,GT,0|0,0|0,0|0,0|0,0|0,0|0,0|0,0|0,0|0,0|0,0|0,0|0,0|0,0|0,1|0,0|0,0|0,0|0,0|0,0|0,0|0,1|0,0|0,0|0,0|0,0|0,0|0,0|0,0|0,0|0,0|0,0|0,0|0,0|0,0|0,0|0,0|0,0|0,0|0,0|0,0|0,0|0,0|0,0|0,0|0,0|0,0|0,0|0,0|0,0|0,0|0,0|0,0|0,0|0,0|0,0|0,0|0,0|0,0|0,0|0,0|0,0|0,0|0,0|0,0|0,0|0,0|0,0|0,0|0,0|0,0|0,0|0,0|0,0|0,0|0,0|0,0|0,0|0,0|0,0|0,0|0,0|0,0|0,0|0,0|0,0|0,0|0,0|0,0|0,0|0,0|0,0|0,0|0,0|0,0|0,0|0,0|0,0|0,0|0,0|0,0|0,0|0,0|0,0|0,0|0,0|0,0|0,0|0
15,78595096,.,T,G,.,PASS,AC=99;AN=5096;DP=19510;AF=0.02;EAS_AF=0.01;EUR_AF=0.04;AFR_AF=0.01;AMR_AF=0.02;SAS_AF=0.02;VT=SNP;NS=2548,GT,0|0,0|0,0|0,0|0,0|0,0|0,1|1,0|0,0|0,0|0,0|0,0|0,0|0,0|0,0|0,0|0,0|0,0|0,0|0,0|0,0|0,0|0,0|0,0|0,0|0,0|0,0|0,0|0,0|0,0|0,0|0,0|0,0|0,0|0,0|0,0|0,0|0,0|0,0|0,0|0,1|0,0|0,0|0,0|0,0|0,0|0,0|0,0|0,0|0,0|0,0|0,1|1,0|0,1|0,0|0,0|0,0|0,1|0,0|0,0|0,1|0,0|0,0|0,0|0,0|0,0|0,0|0,0|0,0|0,0|0,0|0,0|0,0|0,0|0,0|0,0|0,0|0,0|0,0|0,0|0,0|0,0|0,0|0,0|0,0|0,0|0,0|0,0|0,1|0,0|0,1|0,0|0,0|0,0|1,0|0,0|0,0|0,0|1,0|0,0|0,0|0,0|0,0|0,0|1,0|0,0|0,0|0,0|0
15,78595153,.,G,A,.,PASS,AC=4;AN=5096;DP=20054;AF=0;EAS_AF=0;EUR_AF=0;AFR_AF=0;AMR_AF=0;SAS_AF=0;VT=SNP;NS=2548,GT,0|0,0|0,0|0,0|0,0|0,0|0,0|0,0|0,0|1,0|0,0|0,0|0,0|0,0|0,0|0,0|0,0|0,0|0,0|0,0|0,0|0,0|0,0|0,0|0,0|0,0|0,0|0,0|0,0|0,0|0,0|0,0|0,0|0,0|0,0|0,0|0,0|0,0|0,0|0,0|0,0|0,0|0,0|0,0|0,0|0,0|0,0|0,0|0,0|0,0|0,0|0,0|0,0|0,0|0,0|0,0|0,0|0,0|0,0|0,0|0,0|0,0|0,0|0,0|0,0|0,0|0,0|0,0|0,0|0,0|0,0|0,0|0,0|0,0|0,0|0,0|0,0|0,0|0,0|0,0|0,0|0,0|0,0|0,0|0,0|0,0|0,0|0,0|0,0|0,0|0,0|0,0|0,0|0,0|0,0|0,0|0,0|0,0|0,0|0,0|0,0|0,0|0,0|0,0|0,0|0,0|0,0|0,0|0
15,78595490,.,A,G,.,PASS,AC=3782;AN=5096;DP=22088;AF=0.74;EAS_AF=0.83;EUR_AF=0.65;AFR_AF=0.76;AMR_AF=0.81;SAS_AF=0.68;VT=SNP;NS=2548,GT,1|1,1|1,1|1,0|1,0|1,1|0,1|1,0|1,1|1,1|1,1|1,0|1,1|1,0|1,1|1,0|0,1|0,0|1,1|0,1|1,0|1,1|0,0|1,1|0,1|1,1|0,1|1,1|0,1|1,1|0,1|1,1|1,1|1,1|0,1|1,0|1,1|1,1|1,1|1,1|0,1|1,1|0,0|1,1|0,1|0,1|0,1|1,0|1,1|0,1|1,0|0,1|1,1|1,1|0,1|0,1|0,0|1,1|1,0|1,0|0,1|1,1|0,0|1,1|0,1|1,1|0,0|1,1|1,1|0,1|1,1|1,1|1,1|1,1|0,1|1,0|0,0|1,1|0,0|1,1|1,1|1,0|1,1|1,0|1,1|0,1|0,0|1,0|1,1|0,1|1,1|0,1|1,1|0,0|1,1|1,1|1,1|0,1|1,1|1,1|1,0|1,1|1,1|1,1|1,0|1,1|1,0|1,1|1
15,78595652,.,A,G,.,PASS,AC=3782;AN=5096;DP=24203;AF=0.74;EAS_AF=0.83;EUR_AF=0.65;AFR_AF=0.76;AMR_AF=0.81;SAS_AF=0.68;VT=SNP;NS=2548,GT,1|1,1|1,1|1,0|1,0|1,1|0,1|1,0|1,1|1,1|1,1|1,0|1,1|1,0|1,1|1,0|0,1|0,0|1,1|0,1|1,0|1,1|0,0|1,1|0,1|1,1|0,1|1,1|0,1|1,1|0,1|1,1|1,1|1,1|0,1|1,0|1,1|1,1|1,1|1,1|0,1|1,1|0,0|1,1|0,1|0,1|0,1|1,0|1,1|0,1|1,0|0,1|1,1|1,1|0,1|0,1|0,0|1,1|1,0|1,0|0,1|1,1|0,0|1,1|0,1|1,1|0,0|1,1|1,1|0,1|1,1|1,1|1,1|1,1|0,1|1,0|0,0|1,1|0,0|1,1|1,1|1,0|1,1|1,0|1,1|0,1|0,0|1,0|1,1|0,1|1,1|0,1|1,1|0,0|1,1|1,1|1,1|0,1|1,1|1,1|1,0|1,1|1,1|1,1|1,0|1,1|1,0|1,1|1
15,78595892,.,A,ACCCC,.,PASS,AC=2011;AN=5096;DP=21088;AF=0.39;EAS_AF=0.47;EUR_AF=0.24;AFR_AF=0.32;AMR_AF=0.55;SAS_AF=0.47;VT=INDEL;NS=2548,GT,0|0,1|0,0|0,0|0,0|1,1|0,0|0,0|0,1|1,1|0,1|1,0|0,0|1,0|1,0|1,0|0,1|0,0|0,1|0,0|0,0|1,0|0,0|1,0|0,1|0,0|0,1|1,0|0,1|1,0|0,0|1,0|0,1|0,1|0,0|0,0|1,1|1,0|0,0|0,0|0,0|0,1|0,0|0,1|0,0|0,0|0,0|0,0|0,0|0,1|1,0|0,0|0,1|1,0|0,1|0,0|0,0|1,0|0,0|1,0|0,0|0,1|0,0|0,0|0,1|1,0|0,0|0,0|1,0|0,1|0,0|0,0|1,0|0,0|0,1|0,0|0,0|1,0|0,0|0,0|0,0|0,0|1,0|0,0|0,0|0,1|0,0|1,0|0,0|0,0|0,0|0,0|0,0|0,0|0,0|0,1|0,0|0,1|0,0|0,0|0,0|1,1|0,1|0,0|0,0|0,0|0,0|1,1|1
15,78596058,.,G,A,.,PASS,AC=2822;AN=5096;DP=23374;AF=0.55;EAS_AF=0.8;EUR_AF=0.28;AFR_AF=0.6;AMR_AF=0.6;SAS_AF=0.49;VT=SNP;NS=2548,GT,0|0,1|0,0|0,0|0,0|1,1|0,1|1,0|0,1|1,1|0,1|1,0|0,0|1,0|1,1|1,0|0,1|0,0|0,1|0,0|0,0|1,1|0,0|1,0|0,1|0,0|0,1|1,0|0,1|1,0|0,0|1,0|0,1|0,1|0,0|0,0|1,1|1,0|0,0|0,0|0,1|0,1|0,0|0,1|0,0|0,1|0,0|0,0|0,0|0,1|1,0|0,1|0,1|1,1|0,1|0,0|0,0|1,1|0,0|1,0|0,0|0,1|0,0|0,0|0,1|1,0|0,0|0,0|1,0|0,0|0,0|0,0|1,0|0,0|0,1|0,0|0,0|1,0|0,0|0,0|0,0|0,0|1,0|0,0|0,0|0,1|0,0|1,0|0,0|0,0|0,1|0,0|0,0|0,0|1,0|0,1|0,0|0,1|0,0|0,0|0,0|1,1|0,1|0,0|1,0|0,0|0,0|1,1|1
15,78596440,.,AT,A,.,PASS,AC=2826;AN=5096;DP=53049;AF=0.55;EAS_AF=0.8;EUR_AF=0.29;AFR_AF=0.6;AMR_AF=0.6;SAS_AF=0.48;VT=INDEL;NS=2548,GT,0|0,1|0,0|0,0|0,0|1,1|0,1|1,0|0,1|1,1|0,1|1,0|0,0|1,0|1,1|1,0|0,1|0,0|0,1|0,0|0,0|1,1|0,0|1,0|0,1|0,0|0,1|1,0|0,1|1,0|0,0|1,0|0,1|0,1|0,0|0,0|1,1|1,0|0,0|0,1|0,1|0,1|0,0|0,1|0,0|0,1|0,0|0,0|0,0|0,1|1,0|0,1|0,1|1,1|0,1|0,0|0,0|1,1|0,0|1,0|0,0|0,1|0,0|1,0|0,1|1,0|0,0|0,0|1,0|0,1|0,0|0,0|1,0|0,0|0,1|0,0|0,0|1,0|0,0|0,0|0,0|0,0|1,0|0,0|0,0|0,1|0,0|1,0|0,0|0,0|0,1|0,0|0,0|0,0|1,0|0,1|0,0|0,1|0,0|0,0|0,0|1,1|0,1|0,0|1,0|0,0|0,0|1,1|1
15,78597267,.,C,A,.,PASS,AC=78;AN=5096;DP=20416;AF=0.02;EAS_AF=0.01;EUR_AF=0.04;AFR_AF=0;AMR_AF=0.02;SAS_AF=0.01;VT=SNP;NS=2548,GT,0|0,0|0,0|0,0|0,0|0,0|0,1|1,0|0,0|0,0|0,0|0,0|0,0|0,0|0,0|0,0|0,0|0,0|0,0|0,0|0,0|0,0|0,0|0,0|0,0|0,0|0,0|0,0|0,0|0,0|0,0|0,0|0,0|0,0|0,0|0,0|0,0|0,0|0,0|0,0|0,1|0,0|0,0|0,0|0,0|0,0|0,0|0,0|0,0|0,0|0,0|0,1|0,0|0,1|0,0|0,0|0,0|0,1|0,0|0,0|0,0|0,0|0,0|0,0|0,0|0,0|0,0|0,0|0,0|0,0|0,0|0,0|0,0|0,0|0,0|0,0|0,0|0,0|0,0|0,0|0,0|0,0|0,0|0,0|0,0|0,0|0,0|0,0|0,0|0,0|0,1|0,0|0,0|0,0|1,0|0,0|0,0|0,0|0,0|0,0|0,0|0,0|0,0|0,0|1,0|0,0|0,0|0,0|0
15,78597294,.,G,T,.,PASS,AC=4;AN=5096;DP=20382;AF=0;EAS_AF=0;EUR_AF=0;AFR_AF=0;AMR_AF=0;SAS_AF=0;VT=SNP;NS=2548,GT,0|0,0|0,0|0,0|0,0|0,0|0,0|0,0|0,0|0,0|0,0|0,0|0,0|0,0|0,0|0,0|0,0|0,0|0,0|0,0|0,0|0,0|0,0|0,0|0,0|0,0|0,0|0,0|0,0|0,0|0,0|0,0|0,0|0,0|0,0|0,0|0,0|0,0|0,0|0,0|0,0|0,0|0,0|0,0|0,0|0,0|0,0|0,0|0,0|0,0|0,0|0,0|0,0|0,0|0,0|0,0|0,0|0,0|0,0|0,0|0,0|0,0|0,0|0,0|0,0|0,0|1,0|0,0|0,0|0,0|0,0|0,0|0,0|0,0|0,0|0,0|0,0|0,0|0,0|0,0|0,0|0,0|0,0|0,0|0,0|0,0|0,0|0,1|0,0|0,0|0,0|0,0|0,0|0,0|0,0|0,0|0,0|0,0|0,0|0,0|0,0|0,0|0,0|0,0|0,0|0,0|0,0|0,0|0
15,78597440,.,AAAAT,A,.,PASS,AC=1581;AN=5096;DP=22088;AF=0.31;EAS_AF=0.18;EUR_AF=0.39;AFR_AF=0.38;AMR_AF=0.21;SAS_AF=0.34;VT=INDEL;NS=2548,GT,0|0,0|0,0|0,1|0,1|0,0|1,1|1,1|0,0|0,0|0,0|0,1|0,0|0,1|0,0|0,1|1,0|1,1|0,0|1,0|0,1|0,0|1,1|0,0|1,0|0,0|1,0|0,0|1,0|0,0|1,0|0,0|0,0|0,0|1,0|0,1|0,0|0,0|0,0|0,0|1,1|0,0|1,1|0,0|1,0|1,0|1,0|0,1|0,0|1,0|0,1|1,1|1,0|0,1|1,0|1,0|1,1|0,1|0,1|0,1|1,1|0,0|1,1|0,0|1,0|0,0|1,1|0,0|0,0|1,0|0,0|0,0|0,0|0,0|1,0|0,1|1,1|0,0|1,1|0,0|0,0|0,1|0,0|0,1|0,0|1,0|1,1|0,1|0,1|1,0|0,1|1,0|0,0|1,1|1,0|0,0|0,0|1,0|1,0|0,0|0,1|0,0|0,0|0,0|1,1|0,0|0,1|0,0|0
15,78597453,.,T,C,.,PASS,AC=1582;AN=5096;DP=22406;AF=0.31;EAS_AF=0.18;EUR_AF=0.39;AFR_AF=0.38;AMR_AF=0.21;SAS_AF=0.34;VT=SNP;NS=2548,GT,0|0,0|0,0|0,1|0,1|0,0|1,1|1,1|0,0|0,0|0,0|0,1|0,0|0,1|0,0|0,1|1,0|1,1|0,0|1,0|0,1|0,0|1,1|0,0|1,0|0,0|1,0|0,0|1,0|0,0|1,0|0,0|0,0|0,0|1,0|0,1|0,0|0,0|0,0|0,0|1,1|0,0|1,1|0,0|1,0|1,0|1,0|0,1|0,0|1,0|0,1|1,1|1,0|0,1|1,0|1,0|1,1|0,1|0,1|0,1|1,1|0,0|1,1|0,0|1,0|0,0|1,1|0,0|0,0|1,0|0,0|0,0|0,0|0,0|1,0|0,1|1,1|0,0|1,1|0,0|0,0|0,1|0,0|0,1|0,0|1,0|1,1|0,1|0,1|1,0|0,1|1,0|0,0|1,1|1,0|0,0|0,0|1,0|1,0|0,0|0,1|0,0|0,0|0,0|1,1|0,0|0,1|0,0|0
15,78597979,.,C,T,.,PASS,AC=1584;AN=5096;DP=21622;AF=0.31;EAS_AF=0.18;EUR_AF=0.39;AFR_AF=0.38;AMR_AF=0.21;SAS_AF=0.34;VT=SNP;NS=2548,GT,0|0,0|0,0|0,1|0,1|0,0|1,1|1,1|0,0|0,0|0,0|0,1|0,0|0,1|0,0|0,1|1,0|1,1|0,0|1,0|0,1|0,0|1,1|0,0|1,0|0,0|1,0|0,0|1,0|0,0|1,0|0,0|0,0|0,0|1,0|0,1|0,0|0,0|0,0|0,0|1,1|0,0|1,1|0,0|1,0|1,0|1,0|0,1|0,0|1,0|0,1|1,1|1,0|0,1|1,0|1,0|1,1|0,1|0,1|0,1|1,1|0,0|1,1|0,0|1,0|0,0|1,1|0,0|0,0|1,0|0,0|0,0|0,0|0,0|1,0|0,1|1,1|0,0|1,1|0,0|0,0|0,1|0,0|0,1|0,0|1,0|1,1|0,1|0,1|1,0|0,1|1,0|0,0|1,1|1,0|0,0|0,0|1,0|1,0|0,0|0,1|0,0|0,0|0,0|1,1|0,0|0,1|0,0|0
15,78598487,.,C,T,.,PASS,AC=647;AN=5096;DP=18626;AF=0.13;EAS_AF=0.32;EUR_AF=0;AFR_AF=0.22;AMR_AF=0.02;SAS_AF=0.01;VT=SNP;NS=2548,GT,0|0,0|0,0|0,0|0,0|0,0|0,0|0,0|0,0|0,0|0,0|0,0|0,0|0,0|0,1|0,0|0,0|0,0|0,0|0,0|0,0|0,1|0,0|0,0|0,0|0,0|0,0|0,0|0,0|0,0|0,0|0,0|0,0|0,0|0,0|0,0|0,0|0,0|0,0|0,0|0,0|0,0|0,0|0,0|0,0|0,0|0,0|0,0|0,0|0,0|0,0|0,0|0,0|0,0|0,0|0,0|0,0|0,0|0,0|0,0|0,0|0,0|0,0|0,0|0,0|0,0|0,0|0,0|0,0|0,0|0,0|0,0|0,0|0,0|0,0|0,0|0,0|0,0|0,0|0,0|0,0|0,0|0,0|0,0|0,0|0,0|0,0|0,0|0,0|0,0|0,0|0,0|0,0|0,0|0,0|0,0|0,0|0,0|0,0|0,0|0,0|0,0|0,0|0,0|0,0|0,0|0,0|0,0|0
15,78598717,.,T,A,.,PASS,AC=1;AN=5096;DP=18452;AF=0;EAS_AF=0;EUR_AF=0;AFR_AF=0;AMR_AF=0;SAS_AF=0;VT=SNP;NS=2548,GT,0|0,0|0,0|0,0|0,0|0,0|0,0|0,0|0,0|0,0|0,0|0,0|0,0|0,0|0,0|0,0|0,0|0,0|0,0|0,0|0,0|0,0|0,0|0,0|0,0|0,0|0,0|0,0|0,0|0,0|0,0|0,0|0,0|0,0|0,0|0,0|0,0|0,0|1,0|0,0|0,0|0,0|0,0|0,0|0,0|0,0|0,0|0,0|0,0|0,0|0,0|0,0|0,0|0,0|0,0|0,0|0,0|0,0|0,0|0,0|0,0|0,0|0,0|0,0|0,0|0,0|0,0|0,0|0,0|0,0|0,0|0,0|0,0|0,0|0,0|0,0|0,0|0,0|0,0|0,0|0,0|0,0|0,0|0,0|0,0|0,0|0,0|0,0|0,0|0,0|0,0|0,0|0,0|0,0|0,0|0,0|0,0|0,0|0,0|0,0|0,0|0,0|0,0|0,0|0,0|0,0|0,0|0,0|0
15,78598951,.,A,T,.,PASS,AC=12;AN=5096;DP=19900;AF=0;EAS_AF=0;EUR_AF=0.01;AFR_AF=0;AMR_AF=0;SAS_AF=0;VT=SNP;NS=2548,GT,0|0,0|0,0|0,0|0,0|0,0|0,0|0,0|0,0|0,0|0,0|0,0|0,0|0,0|0,0|0,0|0,0|0,0|0,1|0,0|0,0|0,0|0,0|0,0|0,0|0,0|0,1|0,0|0,1|0,0|0,0|0,0|0,0|0,0|0,0|0,0|0,0|0,0|0,0|0,0|0,0|0,0|0,0|0,0|0,0|0,0|0,0|0,0|0,0|0,0|0,0|0,0|0,0|0,0|0,0|0,0|0,0|0,0|0,0|0,0|0,0|0,0|0,0|0,0|0,0|0,0|0,0|0,0|0,0|0,1|0,0|0,0|0,0|0,0|0,0|0,0|0,0|0,0|0,0|0,0|0,0|0,0|0,0|0,0|0,0|0,0|0,0|0,0|0,0|0,0|0,0|0,0|0,0|0,0|0,0|0,0|0,0|0,0|0,0|0,0|0,0|0,0|0,0|0,0|0,0|0,0|0,0|1,0|0
15,78598958,.,C,T,.,PASS,AC=52;AN=5096;DP=18928;AF=0.01;EAS_AF=0;EUR_AF=0;AFR_AF=0.04;AMR_AF=0;SAS_AF=0;VT=SNP;NS=2548,GT,0|0,0|0,0|0,0|0,0|0,0|0,0|0,0|0,0|0,0|0,0|0,0|0,0|0,0|0,0|0,0|0,0|0,0|0,0|0,0|0,0|0,0|0,0|0,0|0,0|0,0|0,0|0,0|0,0|0,0|0,0|0,0|0,0|0,0|0,0|0,0|0,0|0,0|0,0|0,0|0,0|0,0|0,0|0,0|0,0|0,1|0,0|0,0|0,0|0,0|0,0|0,0|0,0|0,0|0,0|0,0|0,0|0,0|0,0|0,0|0,0|0,0|0,0|0,0|0,0|0,0|0,0|0,0|0,0|0,0|0,0|0,0|0,0|0,0|0,0|0,0|0,0|0,0|0,0|0,0|0,0|0,0|0,0|0,0|0,0|0,0|0,0|0,0|0,0|0,0|0,0|0,0|0,0|0,0|0,0|0,0|0,0|0,0|0,0|0,0|0,0|0,0|0,0|0,0|0,0|0,0|0,0|0,0|0
15,78599055,.,G,A,.,PASS,AC=2;AN=5096;DP=19607;AF=0;EAS_AF=0;EUR_AF=0;AFR_AF=0;AMR_AF=0;SAS_AF=0;VT=SNP;NS=2548,GT,0|0,0|0,0|0,0|0,0|0,0|0,0|0,0|0,0|0,0|0,0|0,0|0,0|0,0|0,0|0,0|0,0|0,0|0,0|0,0|0,0|0,0|0,0|0,0|0,0|0,0|0,0|0,0|0,0|0,0|0,0|0,0|0,0|0,0|0,0|0,0|0,0|0,0|0,0|0,0|0,0|0,0|0,0|0,0|0,0|0,0|0,0|0,0|0,0|0,0|0,0|0,0|0,0|0,0|0,0|0,0|0,0|0,0|0,0|0,0|0,0|0,0|0,0|0,0|0,0|0,0|0,0|0,0|0,0|0,0|0,0|0,0|0,0|0,0|0,0|0,0|0,0|0,0|0,1|0,0|0,0|0,0|0,0|0,0|0,0|0,0|0,0|0,0|0,0|0,0|0,0|0,0|0,0|0,0|0,0|0,0|0,0|0,0|0,0|0,0|0,0|0,0|0,0|0,0|0,0|0,0|0,0|0,0|0
15,78599107,.,T,C,.,PASS,AC=1585;AN=5096;DP=19959;AF=0.31;EAS_AF=0.19;EUR_AF=0.39;AFR_AF=0.38;AMR_AF=0.21;SAS_AF=0.34;VT=SNP;NS=2548,GT,0|0,0|0,0|0,1|0,1|0,0|1,1|1,1|0,0|0,0|0,0|0,1|0,0|0,1|0,0|0,1|1,0|1,1|0,0|1,0|0,1|0,0|1,1|0,0|1,0|0,0|1,0|0,0|1,0|0,0|1,0|0,0|0,0|0,0|1,0|0,1|0,0|0,0|0,0|0,0|1,1|0,0|1,1|0,0|1,0|1,0|1,0|0,1|0,0|1,0|0,1|1,1|1,0|0,1|1,0|1,0|1,1|0,1|0,1|0,1|1,1|0,0|1,1|0,0|1,0|0,0|1,1|0,0|0,0|1,0|0,0|0,0|0,0|0,0|1,0|0,1|1,1|0,0|1,1|0,0|0,0|0,1|0,0|0,1|0,0|1,0|1,1|0,1|0,1|1,0|0,1|1,0|0,0|1,1|1,0|0,0|0,0|1,0|1,0|0,0|0,1|0,0|0,0|0,0|1,1|0,0|0,1|0,0|0
15,78599285,.,G,A,.,PASS,AC=3005;AN=5096;DP=21279;AF=0.59;EAS_AF=0.53;EUR_AF=0.76;AFR_AF=0.62;AMR_AF=0.44;SAS_AF=0.53;VT=SNP;NS=2548,GT,1|1,0|1,1|1,1|1,1|0,0|1,1|1,1|1,0|0,0|1,0|0,1|1,1|0,1|0,1|0,1|1,0|1,1|1,0|1,1|1,1|0,1|1,1|0,1|1,0|1,1|1,0|0,1|1,0|0,1|1,1|0,1|1,0|1,0|1,1|1,1|0,0|0,1|1,1|1,1|1,1|1,0|1,1|1,0|1,1|1,1|1,1|1,1|1,1|1,0|0,1|1,1|1,0|0,1|1,0|1,1|1,1|0,1|1,1|0,1|1,1|1,0|1,1|1,1|1,0|0,1|1,1|1,1|0,1|1,0|1,1|1,1|0,1|1,1|1,0|1,1|1,1|0,1|1,1|1,1|1,1|1,1|0,1|1,1|1,1|1,0|1,1|0,1|1,1|1,1|1,1|1,1|1,1|1,1|1,1|1,0|1,1|1,0|1,1|1,1|1,1|0,0|1,0|1,1|1,1|1,1|1,1|0,0|0
15,78599437,.,G,A,.,PASS,AC=1;AN=5096;DP=16494;AF=0;EAS_AF=0;EUR_AF=0;AFR_AF=0;AMR_AF=0;SAS_AF=0;VT=SNP;NS=2548,GT,0|0,0|0,0|0,0|0,0|0,0|0,0|0,0|0,0|0,0|0,0|0,0|0,0|0,0|0,0|0,0|0,0|0,0|0,0|0,0|0,0|0,0|0,0|0,0|0,0|0,0|0,0|0,0|0,0|0,0|0,0|0,0|0,0|0,0|0,0|0,0|0,0|0,0|0,0|0,0|0,0|0,0|0,0|0,0|0,0|0,0|0,0|0,0|0,0|0,0|0,0|0,0|0,0|0,0|0,0|0,0|0,0|0,0|0,0|0,0|0,0|0,0|0,0|0,0|0,0|0,0|0,0|0,0|0,0|0,0|0,0|0,0|0,0|0,0|0,0|0,0|0,0|0,0|0,0|0,0|0,0|0,0|0,0|0,0|0,0|0,0|0,0|0,0|0,0|0,0|0,0|0,0|0,0|0,0|0,0|0,0|0,0|0,0|0,0|0,0|0,1|0,0|0,0|0,0|0,0|0,0|0,0|0,0|0
15,78599466,.,T,G,.,PASS,AC=3;AN=5096;DP=13867;AF=0;EAS_AF=0;EUR_AF=0;AFR_AF=0;AMR_AF=0;SAS_AF=0;VT=SNP;NS=2548,GT,0|0,0|0,0|0,0|0,0|0,0|0,0|0,0|0,0|0,0|0,0|0,0|0,0|0,0|0,0|0,0|0,0|0,0|0,0|0,0|0,0|0,0|0,0|0,0|0,0|0,0|0,1|0,0|0,0|0,0|1,0|0,0|0,0|0,0|0,0|0,0|0,0|0,0|0,0|0,0|0,0|0,0|0,0|0,0|0,0|0,0|0,0|0,0|0,0|0,0|0,0|0,0|0,0|0,0|0,0|0,0|0,0|0,0|0,0|0,0|0,0|0,0|0,0|0,0|0,0|0,0|0,0|0,0|0,0|0,0|0,0|0,0|0,0|0,0|0,0|0,0|0,0|0,0|0,0|0,0|0,0|0,0|0,0|0,0|0,0|0,0|0,0|0,0|0,0|0,0|0,0|0,0|0,0|0,0|0,0|0,0|0,0|0,0|0,0|0,0|0,0|0,0|0,0|0,0|0,0|0,0|0,0|0,0|0
15,78599741,.,T,C,.,PASS,AC=2;AN=5096;DP=8808;AF=0;EAS_AF=0;EUR_AF=0;AFR_AF=0;AMR_AF=0;SAS_AF=0;VT=SNP;NS=2548,GT,0|0,0|0,0|0,0|0,0|0,0|1,0|0,0|0,0|0,0|0,0|0,0|0,0|0,0|0,0|0,0|0,0|0,0|0,0|0,0|0,0|0,0|0,0|0,0|0,0|0,0|0,0|0,0|0,0|0,0|0,0|0,0|0,0|0,0|0,0|0,0|0,0|0,0|0,0|0,0|0,0|0,0|0,0|0,0|0,0|0,0|0,0|0,0|0,0|0,0|0,0|0,0|0,0|0,0|0,0|0,0|0,0|0,0|0,0|0,0|0,0|0,0|0,0|0,0|0,0|0,0|0,0|0,0|0,0|0,0|0,0|0,0|0,0|0,0|0,0|0,0|0,0|0,0|0,0|0,0|0,0|0,1|0,0|0,0|0,0|0,0|0,0|0,0|0,0|0,0|0,0|0,0|0,0|0,0|0,0|0,0|0,0|0,0|0,0|0,0|0,0|0,0|0,0|0,0|0,0|0,0|0,0|0,0|0
15,78600032,.,T,A,.,PASS,AC=730;AN=5096;DP=6312;AF=0.14;EAS_AF=0.08;EUR_AF=0.12;AFR_AF=0.02;AMR_AF=0.18;SAS_AF=0.37;VT=SNP;NS=2548,GT,0|0,0|0,0|0,0|0,0|1,0|0,0|0,0|0,0|1,0|0,1|0,0|0,0|1,0|1,0|1,0|0,1|0,0|0,0|0,0|0,0|1,0|0,0|0,0|0,0|0,0|0,0|1,0|0,0|0,0|0,0|0,0|0,0|0,0|0,0|0,0|0,1|1,0|0,0|0,0|0,0|0,0|0,0|0,0|0,0|0,0|0,0|0,0|0,0|0,1|0,0|0,0|0,1|0,0|0,1|0,0|0,0|0,0|0,0|0,0|0,0|0,0|0,0|0,0|0,0|1,0|0,0|0,0|0,0|0,0|0,0|0,0|1,0|0,0|0,0|0,0|0,0|0,0|0,0|0,0|0,0|0,0|1,0|0,0|0,0|0,1|0,0|1,0|0,0|0,0|0,0|0,0|0,0|0,0|0,0|0,1|0,0|0,0|0,0|0,0|0,0|1,0|0,0|0,0|0,0|0,0|0,0|0,0|1
15,78600079,.,A,T,.,PASS,AC=41;AN=5096;DP=12164;AF=0.01;EAS_AF=0;EUR_AF=0.03;AFR_AF=0;AMR_AF=0.01;SAS_AF=0;VT=SNP;NS=2548,GT,0|1,0|0,0|0,0|0,0|0,0|0,0|0,0|0,0|0,0|0,0|0,0|0,0|0,0|0,0|0,0|0,0|0,0|0,0|0,0|0,0|0,0|0,0|0,0|0,0|0,0|0,0|0,0|0,0|0,0|0,0|0,0|0,0|0,0|0,0|0,0|0,0|0,0|0,0|0,0|0,0|0,0|0,0|0,0|0,0|0,0|0,0|0,0|0,0|0,0|0,0|0,0|0,0|0,0|0,0|0,0|0,0|0,0|0,0|0,0|0,0|0,0|0,0|0,0|0,0|0,0|0,0|0,0|0,0|0,0|0,0|0,0|0,0|0,0|0,0|0,0|0,0|0,0|0,0|0,0|0,0|0,0|0,0|0,0|0,0|0,0|0,0|0,0|0,0|0,0|0,0|0,0|0,0|0,0|0,0|0,0|0,0|0,0|0,0|0,0|0,0|0,0|0,0|0,0|0,0|0,0|0,0|0,0|0
15,78600171,.,C,T,.,PASS,AC=79;AN=5096;DP=19547;AF=0.02;EAS_AF=0;EUR_AF=0.05;AFR_AF=0;AMR_AF=0.01;SAS_AF=0.01;VT=SNP;NS=2548,GT,0|0,0|0,1|0,0|0,0|0,0|0,0|0,0|0,0|0,0|0,0|0,0|0,1|0,0|0,0|0,0|0,0|0,0|0,0|0,0|0,0|0,0|0,0|0,0|0,0|0,0|0,0|0,0|0,0|0,0|0,0|0,0|0,0|1,0|0,0|0,0|0,0|0,0|1,1|0,0|0,0|0,0|0,0|0,0|0,0|0,0|0,0|1,0|0,0|0,0|0,0|0,0|0,0|0,0|0,0|0,0|0,0|0,0|0,0|0,0|0,0|0,0|0,0|0,1|0,0|0,1|0,0|0,0|0,0|0,0|1,1|0,0|0,0|0,0|0,0|0,0|0,0|0,0|0,0|0,0|0,0|0,0|0,0|0,0|0,0|0,0|0,0|0,0|0,0|0,0|0,0|0,0|0,0|0,0|0,0|0,0|0,0|0,0|0,0|0,0|0,0|0,0|0,0|1,1|0,0|0,0|0,0|0,0|0
15,78600266,.,G,A,.,PASS,AC=8;AN=5096;DP=18007;AF=0;EAS_AF=0;EUR_AF=0.01;AFR_AF=0;AMR_AF=0;SAS_AF=0;VT=SNP;NS=2548,GT,0|0,0|0,0|0,0|0,0|0,0|0,0|0,0|0,0|0,0|0,0|0,0|0,0|0,0|0,0|0,0|0,0|0,0|0,0|0,0|0,0|0,0|0,0|0,0|0,0|0,0|0,0|0,0|0,0|0,0|0,0|0,0|0,0|0,0|0,0|0,0|0,0|0,0|0,0|0,0|0,0|0,0|0,0|0,0|0,0|0,0|0,0|0,0|0,0|0,0|0,0|0,0|0,0|0,0|0,0|0,0|0,0|0,0|0,0|0,0|0,0|0,0|0,0|0,0|0,0|0,0|0,0|0,0|0,0|0,0|0,0|0,0|0,0|0,0|0,0|0,0|0,0|0,0|0,0|0,0|0,0|0,0|0,0|0,0|0,0|0,0|0,0|0,0|0,0|1,0|0,0|1,0|0,0|0,0|0,0|0,0|0,0|0,0|0,0|0,0|0,0|0,0|0,0|0,0|0,0|0,0|0,0|0,0|0
15,78600319,.,C,T,.,PASS,AC=2450;AN=5096;DP=18887;AF=0.48;EAS_AF=0.21;EUR_AF=0.76;AFR_AF=0.47;AMR_AF=0.43;SAS_AF=0.52;VT=SNP;NS=2548,GT,1|1,0|1,1|1,1|1,1|0,0|1,1|1,1|1,0|0,0|1,0|0,1|1,1|0,1|0,0|0,1|1,0|1,1|1,0|1,1|1,1|0,0|1,1|0,1|1,0|1,1|1,0|0,1|1,0|0,1|1,1|0,1|1,0|1,0|1,1|1,1|0,0|0,1|1,1|1,1|1,1|1,0|1,1|1,0|1,1|1,1|1,1|1,1|1,1|1,0|0,1|1,1|1,0|0,1|1,0|1,1|1,1|0,1|1,1|0,1|1,1|1,0|1,1|1,1|1,0|0,1|1,1|1,1|0,1|1,0|1,1|1,1|0,1|1,1|1,0|1,1|1,1|0,1|1,1|1,1|1,1|1,1|0,1|1,1|1,1|1,0|1,1|0,1|1,1|1,1|1,1|1,1|1,1|1,1|1,1|1,0|1,1|1,0|1,1|1,1|1,1|0,0|1,0|1,1|1,1|1,1|1,1|0,0|0
15,78600442,.,G,A,.,PASS,AC=1006;AN=5096;DP=21006;AF=0.2;EAS_AF=0.14;EUR_AF=0.34;AFR_AF=0.06;AMR_AF=0.18;SAS_AF=0.3;VT=SNP;NS=2548,GT,0|0,0|0,0|0,1|0,1|0,0|1,0|0,1|0,0|0,0|0,0|0,1|0,0|0,1|0,0|0,1|1,0|1,1|0,0|1,0|0,1|0,0|1,1|0,0|1,0|0,0|1,0|0,0|1,0|0,0|1,0|0,0|0,0|0,0|1,0|0,1|0,0|0,0|0,0|0,0|1,0|0,0|1,1|0,0|1,0|1,0|1,0|0,1|0,0|1,0|0,1|1,0|1,0|0,0|1,0|0,0|1,1|0,0|0,1|0,1|1,1|0,0|1,1|0,0|1,0|0,0|1,1|0,0|0,0|1,0|0,0|0,0|0,0|0,0|1,0|0,1|1,1|0,0|1,1|0,0|0,0|0,1|0,0|0,1|0,0|1,0|1,1|0,1|0,1|1,0|0,0|1,0|0,0|1,1|0,0|0,0|0,0|1,0|1,0|0,0|0,1|0,0|0,0|0,0|0,1|0,0|0,1|0,0|0
15,78600540,.,TTACTC,T,.,PASS,AC=79;AN=5096;DP=23405;AF=0.02;EAS_AF=0.01;EUR_AF=0.04;AFR_AF=0;AMR_AF=0.02;SAS_AF=0.01;VT=INDEL;NS=2548,GT,0|0,0|0,0|0,0|0,0|0,0|0,1|1,0|0,0|0,0|0,0|0,0|0,0|0,0|0,0|0,0|0,0|0,0|0,0|0,0|0,0|0,0|0,0|0,0|0,0|0,0|0,0|0,0|0,0|0,0|0,0|0,0|0,0|0,0|0,0|0,0|0,0|0,0|0,0|0,0|0,1|0,0|0,0|0,0|0,0|0,0|0,0|0,0|0,0|0,0|0,0|0,1|0,0|0,1|0,0|0,0|0,0|0,1|0,0|0,0|0,0|0,0|0,0|0,0|0,0|0,0|0,0|0,0|0,0|0,0|0,0|0,0|0,0|0,0|0,0|0,0|0,0|0,0|0,0|0,0|0,0|0,0|0,0|0,0|0,0|0,0|0,0|0,0|0,0|0,0|0,1|0,0|0,0|0,0|1,0|0,0|0,0|0,0|0,0|0,0|0,0|0,0|0,0|0,0|1,0|0,0|0,0|0,0|0
15,78600610,.,G,A,.,PASS,AC=1595;AN=5096;DP=19092;AF=0.31;EAS_AF=0.18;EUR_AF=0.39;AFR_AF=0.39;AMR_AF=0.21;SAS_AF=0.34;VT=SNP;NS=2548,GT,0|0,0|0,0|0,1|0,1|0,0|1,1|1,1|0,0|0,0|0,0|0,1|0,0|0,1|0,0|0,1|1,0|1,1|0,0|1,0|0,1|0,0|1,1|0,0|1,0|0,0|1,0|0,0|1,0|0,0|1,0|0,0|0,0|0,0|1,0|0,1|0,0|0,0|0,0|0,0|1,1|0,0|1,1|0,0|1,0|1,0|1,0|0,1|0,0|1,0|0,1|1,1|1,0|0,1|1,0|1,0|1,1|0,1|0,1|0,1|1,1|0,0|1,1|0,0|1,0|0,0|1,1|0,0|0,0|1,0|0,0|0,0|0,0|0,0|1,0|0,1|1,1|0,0|1,1|0,0|0,0|0,1|0,0|0,1|0,0|1,0|1,1|0,1|0,1|1,0|0,1|1,0|0,0|1,1|1,0|0,0|0,0|1,0|1,0|0,0|0,1|0,0|0,0|0,0|1,1|0,0|0,1|0,0|0
15,78600993,.,C,A,.,PASS,AC=651;AN=5096;DP=29491;AF=0.13;EAS_AF=0.32;EUR_AF=0;AFR_AF=0.22;AMR_AF=0.02;SAS_AF=0.01;VT=SNP;NS=2548,GT,0|0,0|0,0|0,0|0,0|0,0|0,0|0,0|0,0|0,0|0,0|0,0|0,0|0,0|0,1|0,0|0,0|0,0|0,0|0,0|0,0|0,1|0,0|0,0|0,0|0,0|0,0|0,0|0,0|0,0|0,0|0,0|0,0|0,0|0,0|0,0|0,0|0,0|0,0|0,0|0,0|0,0|0,0|0,0|0,0|0,0|0,0|0,0|0,0|0,0|0,0|0,0|0,0|0,0|0,0|0,0|0,0|0,0|0,0|0,0|0,0|0,0|0,0|0,0|0,0|0,0|0,0|0,0|0,0|0,0|0,0|0,0|0,0|0,0|0,0|0,0|0,0|0,0|0,0|0,0|0,0|0,0|0,0|0,0|0,0|0,0|0,0|0,0|0,0|0,0|0,0|0,0|0,0|0,0|0,0|0,0|0,0|0,0|0,0|0,0|0,0|0,0|0,0|0,0|0,0|0,0|0,0|0,0|0
15,78601051,.,T,C,.,PASS,AC=1;AN=5096;DP=37447;AF=0;EAS_AF=0;EUR_AF=0;AFR_AF=0;AMR_AF=0;SAS_AF=0;VT=SNP;NS=2548,GT,0|0,0|0,0|0,0|0,0|0,0|0,0|0,0|0,0|0,0|0,0|0,0|0,0|0,0|0,0|0,0|0,0|0,0|0,0|0,0|0,0|0,0|0,0|0,1|0,0|0,0|0,0|0,0|0,0|0,0|0,0|0,0|0,0|0,0|0,0|0,0|0,0|0,0|0,0|0,0|0,0|0,0|0,0|0,0|0,0|0,0|0,0|0,0|0,0|0,0|0,0|0,0|0,0|0,0|0,0|0,0|0,0|0,0|0,0|0,0|0,0|0,0|0,0|0,0|0,0|0,0|0,0|0,0|0,0|0,0|0,0|0,0|0,0|0,0|0,0|0,0|0,0|0,0|0,0|0,0|0,0|0,0|0,0|0,0|0,0|0,0|0,0|0,0|0,0|0,0|0,0|0,0|0,0|0,0|0,0|0,0|0,0|0,0|0,0|0,0|0,0|0,0|0,0|0,0|0,0|0,0|0,0|0,0|0
15,78601445,.,G,A,.,PASS,AC=5;AN=5096;DP=408661;AF=0;EAS_AF=0;EUR_AF=0;AFR_AF=0;AMR_AF=0;SAS_AF=0;EX_TARGET;VT=SNP;NS=2548,GT,0|0,0|0,0|0,0|0,0|0,0|0,0|0,0|0,0|0,0|0,0|0,0|0,0|0,0|0,0|0,0|0,0|0,0|0,0|0,0|0,0|0,0|0,0|0,0|0,0|0,0|0,0|0,0|0,0|0,0|0,0|0,0|0,0|0,0|0,0|0,0|0,0|0,0|0,0|0,0|0,0|0,0|0,0|0,0|0,0|0,0|0,0|0,0|0,0|0,0|0,0|0,0|0,0|0,0|0,0|0,0|0,0|0,0|0,0|0,0|0,0|0,0|0,0|0,0|0,0|0,0|0,0|0,0|0,0|0,0|0,0|0,0|0,0|0,0|0,0|0,0|0,0|0,0|0,0|0,0|0,0|0,0|0,0|0,0|0,0|0,0|0,0|0,0|0,0|0,0|0,0|0,0|0,0|0,0|0,0|0,0|0,0|0,0|0,0|0,0|0,0|0,0|0,0|1,0|0,0|0,0|0,0|0,0|0
15,78601997,.,G,A,.,PASS,AC=856;AN=5096;DP=396550;AF=0.17;EAS_AF=0.03;EUR_AF=0.37;AFR_AF=0.09;AMR_AF=0.22;SAS_AF=0.18;EX_TARGET;VT=SNP;NS=2548,GT,1|1,0|1,1|1,0|1,0|0,0|0,0|0,0|1,0|0,0|1,0|0,0|1,1|0,0|0,0|0,0|0,0|0,0|1,0|0,1|1,0|0,0|0,0|0,1|0,0|1,1|0,0|0,1|0,0|0,1|0,1|0,1|1,0|1,0|0,1|1,0|0,0|0,1|1,1|1,1|0,0|1,0|0,0|1,0|0,1|0,1|0,1|1,0|1,1|0,0|0,0|0,0|0,0|0,0|0,0|0,1|0,0|0,0|1,0|0,0|0,0|1,0|0,0|1,1|0,0|0,1|0,0|1,1|0,1|0,0|1,1|1,1|0,1|1,1|0,0|1,0|0,0|0,1|0,0|1,1|1,1|1,0|0,1|1,0|1,1|0,0|0,0|0,0|1,0|0,1|1,0|0,1|1,1|0,0|0,1|1,0|1,1|0,0|0,1|1,1|1,0|0,0|1,0|1,1|0,0|1,1|1,0|0,0|0
15,78602078,.,A,G,.,PASS,AC=15;AN=5096;DP=466878;AF=0;EAS_AF=0;EUR_AF=0.01;AFR_AF=0;AMR_AF=0;SAS_AF=0;EX_TARGET;VT=SNP;NS=2548,GT,0|0,0|0,0|0,0|0,0|0,0|0,0|0,0|0,0|0,0|0,0|0,0|0,1|0,0|0,0|0,0|0,0|0,0|0,0|0,0|0,0|0,0|0,0|0,0|0,0|0,0|0,0|0,0|0,0|0,0|0,0|0,0|0,0|0,0|0,0|0,0|0,0|0,0|0,0|0,0|0,0|0,0|0,0|0,0|0,0|0,0|0,0|0,0|0,0|0,0|0,0|0,0|0,0|0,0|0,0|0,0|0,0|0,0|0,0|0,0|0,0|0,0|0,0|0,0|0,0|0,0|0,0|0,0|0,0|0,0|0,0|0,0|0,0|0,0|0,0|0,0|0,0|0,0|0,0|0,0|0,0|0,0|0,0|0,0|0,0|0,0|0,0|0,0|0,0|0,0|0,0|0,0|0,0|0,0|0,0|0,0|0,0|0,0|0,0|0,0|0,0|0,0|0,0|1,0|0,0|0,0|0,0|0,0|0
15,78602417,.,C,G,.,PASS,AC=2272;AN=5096;DP=38463;AF=0.45;EAS_AF=0.21;EUR_AF=0.76;AFR_AF=0.34;AMR_AF=0.42;SAS_AF=0.52;VT=SNP;NS=2548,GT,1|1,0|1,1|1,1|1,1|0,0|1,1|1,1|1,0|0,0|1,0|0,1|1,1|0,1|0,0|0,1|1,0|1,1|1,0|1,1|1,1|0,0|1,1|0,1|1,0|1,1|1,0|0,1|1,0|0,1|1,1|0,1|1,0|1,0|1,1|1,1|0,0|0,1|1,1|1,1|1,1|1,0|1,1|1,0|1,1|1,1|1,1|1,1|1,1|1,0|0,1|1,1|1,0|0,1|1,0|1,1|1,1|0,1|1,1|0,1|1,1|1,0|1,1|1,1|1,0|0,1|1,1|1,1|0,1|1,0|1,1|1,1|0,1|1,1|1,0|1,1|1,1|0,1|1,1|1,1|1,1|1,1|0,1|1,1|1,1|1,0|1,1|0,1|1,1|1,1|1,1|1,1|1,1|1,1|1,1|1,0|1,1|1,0|1,1|1,1|1,1|0,0|1,0|1,1|1,1|1,1|1,1|0,0|0
15,78602487,.,C,T,.,PASS,AC=1;AN=5096;DP=29904;AF=0;EAS_AF=0;EUR_AF=0;AFR_AF=0;AMR_AF=0;SAS_AF=0;VT=SNP;NS=2548,GT,0|0,0|0,0|0,0|0,0|0,0|0,0|0,0|0,0|0,0|0,0|0,0|0,0|0,0|0,0|0,0|0,0|0,0|0,0|0,0|0,0|0,0|0,0|0,0|0,0|0,0|0,0|0,0|0,0|0,0|0,0|0,0|0,0|0,0|0,0|0,0|0,0|0,0|0,0|0,0|0,0|0,0|0,0|0,0|0,0|0,0|0,0|0,1|0,0|0,0|0,0|0,0|0,0|0,0|0,0|0,0|0,0|0,0|0,0|0,0|0,0|0,0|0,0|0,0|0,0|0,0|0,0|0,0|0,0|0,0|0,0|0,0|0,0|0,0|0,0|0,0|0,0|0,0|0,0|0,0|0,0|0,0|0,0|0,0|0,0|0,0|0,0|0,0|0,0|0,0|0,0|0,0|0,0|0,0|0,0|0,0|0,0|0,0|0,0|0,0|0,0|0,0|0,0|0,0|0,0|0,0|0,0|0,0|0
15,78602554,.,C,T,.,PASS,AC=1193;AN=5096;DP=25470;AF=0.23;EAS_AF=0.18;EUR_AF=0.39;AFR_AF=0.09;AMR_AF=0.2;SAS_AF=0.34;VT=SNP;NS=2548,GT,0|0,0|0,0|0,1|0,1|0,0|1,1|1,1|0,0|0,0|0,0|0,1|0,0|0,1|0,0|0,1|1,0|1,1|0,0|1,0|0,1|0,0|1,1|0,0|1,0|0,0|1,0|0,0|1,0|0,0|1,0|0,0|0,0|0,0|1,0|0,1|0,0|0,0|0,0|0,0|1,1|0,0|1,1|0,0|1,0|1,0|1,0|0,1|0,0|1,0|0,1|1,1|1,0|0,1|1,0|1,0|1,1|0,1|0,1|0,1|1,1|0,0|1,1|0,0|1,0|0,0|1,1|0,0|0,0|1,0|0,0|0,0|0,0|0,0|1,0|0,1|1,1|0,0|1,1|0,0|0,0|0,1|0,0|0,1|0,0|1,0|1,1|0,1|0,1|1,0|0,1|1,0|0,0|1,1|1,0|0,0|0,0|1,0|1,0|0,0|0,1|0,0|0,0|0,0|1,1|0,0|0,1|0,0|0
15,78602608,.,G,A,.,PASS,AC=70;AN=5096;DP=23593;AF=0.01;EAS_AF=0.06;EUR_AF=0;AFR_AF=0;AMR_AF=0;SAS_AF=0;VT=SNP;NS=2548,GT,0|0,0|0,0|0,0|0,0|0,0|0,0|0,0|0,0|0,0|0,0|0,0|0,0|0,0|0,1|0,0|0,0|0,0|0,0|0,0|0,0|0,1|0,0|0,0|0,0|0,0|0,0|0,0|0,0|0,0|0,0|0,0|0,0|0,0|0,0|0,0|0,0|0,0|0,0|0,0|0,0|0,0|0,0|0,0|0,0|0,0|0,0|0,0|0,0|0,0|0,0|0,0|0,0|0,0|0,0|0,0|0,0|0,0|0,0|0,0|0,0|0,0|0,0|0,0|0,0|0,0|0,0|0,0|0,0|0,0|0,0|0,0|0,0|0,0|0,0|0,0|0,0|0,0|0,0|0,0|0,0|0,0|0,0|0,0|0,0|0,0|0,0|0,0|0,0|0,0|0,0|0,0|0,0|0,0|0,0|0,0|0,0|0,0|0,0|0,0|0,0|0,0|0,0|0,0|0,0|0,0|0,0|0,0|0
15,78602629,.,C,T,.,PASS,AC=988;AN=5096;DP=23414;AF=0.19;EAS_AF=0.14;EUR_AF=0.34;AFR_AF=0.06;AMR_AF=0.18;SAS_AF=0.29;VT=SNP;NS=2548,GT,0|0,0|0,0|0,1|0,1|0,0|1,0|0,1|0,0|0,0|0,0|0,1|0,0|0,1|0,0|0,1|1,0|1,1|0,0|1,0|0,1|0,0|1,1|0,0|1,0|0,0|1,0|0,0|1,0|0,0|1,0|0,0|0,0|0,0|1,0|0,1|0,0|0,0|0,0|0,0|1,0|0,0|1,1|0,0|1,0|1,0|1,0|0,1|0,0|1,0|0,1|1,0|0,0|0,0|1,0|0,0|1,1|0,0|0,1|0,1|1,0|0,0|1,1|0,0|1,0|0,0|1,1|0,0|0,0|1,0|0,0|0,0|0,0|0,0|1,0|0,1|1,1|0,0|1,1|0,0|0,0|0,1|0,0|0,1|0,0|1,0|1,1|0,1|0,0|1,0|0,0|1,0|0,0|1,1|0,0|0,0|0,0|1,0|0,0|0,0|0,1|0,0|0,0|0,0|0,1|0,0|0,1|0,0|0
15,78603748,.,CACTA,C,.,PASS,AC=2;AN=5096;DP=26060;AF=0;EAS_AF=0;EUR_AF=0;AFR_AF=0;AMR_AF=0;SAS_AF=0;VT=INDEL;NS=2548,GT,0|0,0|0,0|0,0|0,0|0,0|0,0|0,0|0,0|0,0|0,0|0,0|0,0|0,0|0,0|0,0|0,0|0,0|0,0|0,0|0,0|0,0|0,0|0,0|0,0|0,0|0,0|0,0|0,0|0,0|0,0|0,0|0,0|0,0|0,0|0,0|0,0|0,0|0,0|0,0|0,0|0,0|0,0|0,0|0,0|0,0|0,0|0,0|0,0|0,0|0,0|0,0|0,0|0,0|0,0|0,0|0,0|0,0|0,0|0,0|0,0|0,0|0,0|0,0|0,0|0,0|0,0|0,0|0,0|1,0|0,0|0,0|0,0|0,0|0,0|0,0|0,0|0,0|0,0|0,0|0,0|0,0|0,0|0,0|0,0|0,0|0,0|0,0|0,0|0,0|0,0|0,0|0,0|0,0|0,0|0,0|0,0|0,0|0,0|0,0|0,0|0,0|0,0|0,0|0,0|0,0|0,0|0,0|0
15,78603787,.,A,G,.,PASS,AC=1129;AN=5096;DP=25752;AF=0.22;EAS_AF=0.09;EUR_AF=0.37;AFR_AF=0.23;AMR_AF=0.24;SAS_AF=0.18;VT=SNP;NS=2548,GT,1|1,0|1,1|1,0|1,0|0,0|0,0|0,0|1,0|0,0|1,0|0,0|1,1|0,0|0,1|0,0|0,0|0,0|1,0|0,1|1,0|0,1|0,0|0,1|0,0|1,1|0,0|0,1|0,0|0,1|0,1|0,1|1,0|1,0|0,1|1,0|0,0|0,1|1,1|1,1|0,0|1,0|0,0|1,0|0,1|0,1|0,1|1,0|1,1|0,0|0,0|0,0|0,0|0,0|0,0|0,1|0,0|0,0|1,0|0,0|0,0|1,0|0,0|1,1|0,0|0,1|0,0|1,1|0,1|0,0|1,1|1,1|0,1|1,1|0,0|1,0|0,0|0,1|0,0|1,1|1,1|1,0|0,1|1,0|1,1|0,0|0,0|0,0|1,0|0,1|1,0|0,1|1,1|0,0|0,1|1,0|1,1|0,0|0,1|1,1|1,0|0,0|1,0|1,1|0,0|1,1|1,0|0,0|0
15,78603866,.,C,T,.,PASS,AC=651;AN=5096;DP=23609;AF=0.13;EAS_AF=0.32;EUR_AF=0;AFR_AF=0.22;AMR_AF=0.02;SAS_AF=0.01;VT=SNP;NS=2548,GT,0|0,0|0,0|0,0|0,0|0,0|0,0|0,0|0,0|0,0|0,0|0,0|0,0|0,0|0,1|0,0|0,0|0,0|0,0|0,0|0,0|0,1|0,0|0,0|0,0|0,0|0,0|0,0|0,0|0,0|0,0|0,0|0,0|0,0|0,0|0,0|0,0|0,0|0,0|0,0|0,0|0,0|0,0|0,0|0,0|0,0|0,0|0,0|0,0|0,0|0,0|0,0|0,0|0,0|0,0|0,0|0,0|0,0|0,0|0,0|0,0|0,0|0,0|0,0|0,0|0,0|0,0|0,0|0,0|0,0|0,0|0,0|0,0|0,0|0,0|0,0|0,0|0,0|0,0|0,0|0,0|0,0|0,0|0,0|0,0|0,0|0,0|0,0|0,0|0,0|0,0|0,0|0,0|0,0|0,0|0,0|0,0|0,0|0,0|0,0|0,0|0,0|0,0|0,0|0,0|0,0|0,0|0,0|0
15,78604205,.,G,A,.,PASS,AC=3087;AN=5096;DP=22624;AF=0.61;EAS_AF=0.53;EUR_AF=0.76;AFR_AF=0.68;AMR_AF=0.45;SAS_AF=0.53;VT=SNP;NS=2548,GT,1|1,0|1,1|1,1|1,1|0,0|1,1|1,1|1,0|0,0|1,0|0,1|1,1|0,1|0,1|0,1|1,0|1,1|1,0|1,1|1,1|0,1|1,1|0,1|1,0|1,1|1,0|0,1|1,0|0,1|1,1|0,1|1,0|1,0|1,1|1,1|0,0|0,1|1,1|1,1|1,1|1,0|1,1|1,0|1,1|1,1|1,1|1,1|1,1|1,0|0,1|1,1|1,0|0,1|1,0|1,1|1,1|0,1|1,1|0,1|1,1|1,0|1,1|1,1|1,0|0,1|1,1|1,1|0,1|1,0|1,1|1,1|0,1|1,1|1,0|1,1|1,1|0,1|1,1|1,1|1,1|1,1|0,1|1,1|1,1|1,0|1,1|0,1|1,1|1,1|1,1|1,1|1,1|1,1|1,1|1,0|1,1|1,0|1,1|1,1|1,1|0,0|1,0|1,1|1,1|1,1|1,1|0,0|0
15,78605010,.,C,CTCAG,.,PASS,AC=5022;AN=5096;DP=20297;AF=0.99;EAS_AF=1;EUR_AF=1;AFR_AF=0.95;AMR_AF=0.99;SAS_AF=1;VT=INDEL;NS=2548,GT,1|1,1|1,1|1,1|1,1|1,1|1,1|1,1|1,1|1,1|1,1|1,1|1,1|1,1|1,1|1,1|1,1|1,1|1,1|1,1|1,1|1,1|1,1|1,1|1,1|1,1|1,1|1,1|1,1|1,1|1,1|1,1|1,1|1,1|1,1|1,1|1,1|1,1|1,1|1,1|1,1|1,1|1,1|1,1|1,1|1,1|1,1|1,1|1,1|1,1|1,1|1,1|1,1|1,1|1,1|1,1|1,1|1,1|1,1|1,1|1,1|1,1|1,1|1,1|1,1|1,1|1,1|1,1|1,1|1,1|1,1|1,1|1,1|1,1|1,1|1,1|1,1|1,1|1,1|1,1|1,1|1,1|1,1|1,1|1,1|1,1|1,1|1,1|1,1|1,1|1,1|1,1|1,1|1,1|1,1|1,1|1,1|1,1|1,1|1,1|1,1|1,1|1,1|1,1|1,1|1,1|1,1|1,1|1
15,78605239,.,A,G,.,PASS,AC=61;AN=5096;DP=21957;AF=0.01;EAS_AF=0;EUR_AF=0.04;AFR_AF=0;AMR_AF=0.02;SAS_AF=0.01;VT=SNP;NS=2548,GT,0|0,0|0,0|0,0|0,0|0,0|0,1|1,0|0,0|0,0|0,0|0,0|0,0|0,0|0,0|0,0|0,0|0,0|0,0|0,0|0,0|0,0|0,0|0,0|0,0|0,0|0,0|0,0|0,0|0,0|0,0|0,0|0,0|0,0|0,0|0,0|0,0|0,0|0,0|0,0|0,1|0,0|0,0|0,0|0,0|0,0|0,0|0,0|0,0|0,0|0,0|0,1|0,0|0,1|0,0|0,0|0,0|0,1|0,0|0,0|0,0|0,0|0,0|0,0|0,0|0,0|0,0|0,0|0,0|0,0|0,0|0,0|0,0|0,0|0,0|0,0|0,0|0,0|0,0|0,0|0,0|0,0|0,0|0,0|0,0|0,0|0,0|0,0|0,0|0,0|0,1|0,0|0,0|0,0|1,0|0,0|0,0|0,0|0,0|0,0|0,0|0,0|0,0|0,0|1,0|0,0|0,0|0,0|0
15,78605523,.,C,CT,.,PASS,AC=1373;AN=5096;DP=20961;AF=0.27;EAS_AF=0.45;EUR_AF=0.35;AFR_AF=0.07;AMR_AF=0.19;SAS_AF=0.33;VT=INDEL;NS=2548,GT,0|0,0|0,0|0,1|0,1|0,0|1,0|0,1|0,0|0,0|0,0|0,1|0,0|0,1|0,0|0,1|1,0|1,1|0,0|1,0|0,1|0,0|1,1|0,0|1,0|0,0|1,0|0,0|1,0|0,0|1,0|0,0|0,0|0,0|1,0|0,1|0,0|0,0|0,0|0,0|1,0|0,0|1,1|0,0|1,0|1,0|1,0|0,1|0,0|1,0|0,1|1,0|1,0|0,0|1,0|1,0|1,1|0,0|0,1|0,1|1,1|0,0|1,1|0,0|1,0|0,0|1,1|0,0|0,0|1,0|0,0|0,0|0,0|0,0|1,0|0,1|1,1|0,0|1,1|0,0|0,0|0,1|0,0|0,1|0,0|1,0|1,1|0,1|0,1|1,0|0,0|1,0|0,0|1,1|0,0|0,0|0,0|1,0|1,0|0,0|0,1|0,0|0,0|0,0|0,1|0,0|0,1|0,0|0
15,78605746,.,C,G,.,PASS,AC=2;AN=5096;DP=23649;AF=0;EAS_AF=0;EUR_AF=0;AFR_AF=0;AMR_AF=0;SAS_AF=0;VT=SNP;NS=2548,GT,0|0,0|0,0|0,0|0,0|0,0|0,0|0,0|0,0|0,0|0,0|0,0|0,0|0,0|0,0|0,0|0,0|0,0|0,0|0,0|0,0|0,0|0,0|0,0|0,0|0,0|0,0|0,0|0,0|0,0|0,1|0,0|0,0|0,0|0,0|0,0|0,0|0,0|0,0|0,0|0,0|0,0|0,0|0,0|0,0|0,0|0,0|0,0|0,0|0,0|0,0|0,0|0,0|0,0|0,0|0,0|0,0|0,0|0,0|0,0|0,0|0,0|0,0|0,0|0,0|0,0|0,0|0,0|0,0|0,0|0,0|0,0|0,0|0,0|0,0|0,0|0,0|0,0|0,0|0,0|0,0|0,0|0,0|0,0|0,0|0,0|0,0|0,0|0,0|0,0|0,0|0,0|0,0|0,0|0,0|0,0|0,0|0,0|0,0|0,0|0,0|0,0|0,0|0,0|0,0|0,0|0,0|0,0|0
15,78606175,.,A,T,.,PASS,AC=10;AN=5096;DP=19440;AF=0;EAS_AF=0;EUR_AF=0;AFR_AF=0;AMR_AF=0.01;SAS_AF=0;VT=SNP;NS=2548,GT,0|0,0|0,0|0,0|0,0|0,0|0,0|0,0|0,0|0,0|0,0|0,0|0,0|0,0|0,0|0,0|0,0|0,0|0,0|0,0|0,0|0,0|0,0|0,0|0,0|0,0|0,0|0,0|0,0|0,0|0,0|0,0|0,0|0,0|0,0|0,0|0,0|0,0|0,0|0,0|0,0|0,0|0,0|0,0|0,0|0,0|0,0|0,0|0,0|0,0|0,0|0,0|0,0|0,0|0,0|0,0|0,0|0,0|0,0|0,0|0,0|0,0|0,0|0,0|0,0|0,0|0,0|0,0|0,0|0,0|0,0|0,0|0,0|0,0|0,0|0,0|0,0|0,1|0,0|0,0|0,1|0,0|0,0|0,0|0,0|0,0|0,0|0,0|0,0|0,0|0,0|0,0|0,0|0,0|0,0|0,0|0,0|0,0|0,0|0,0|0,0|0,0|0,0|0,0|0,0|0,0|0,0|0,0|0
15,78606333,.,CA,C,.,PASS,AC=3216;AN=5096;DP=15017;AF=0.63;EAS_AF=0.86;EUR_AF=0.52;AFR_AF=0.47;AMR_AF=0.66;SAS_AF=0.7;VT=INDEL;NS=2548,GT,0|0,1|0,0|0,0|0,0|1,0|1,0|0,1|0,1|1,1|0,1|1,1|0,0|1,0|1,0|1,1|1,1|1,1|0,1|1,0|0,1|1,0|1,1|1,0|0,1|0,0|1,1|1,0|0,1|1,0|1,0|1,0|0,1|0,1|0,0|0,1|1,1|1,0|0,0|0,0|1,0|0,1|0,0|0,1|0,0|1,0|1,0|0,1|0,0|1,1|1,1|1,0|1,1|1,0|1,1|1,0|1,1|1,0|0,1|1,1|1,0|0,1|1,1|0,0|1,1|1,0|1,1|0,0|1,0|1,1|0,0|0,0|1,0|0,0|1,1|0,1|0,0|1,0|1,0|0,0|0,0|0,1|1,0|0,1|0,0|1,1|1,1|1,1|0,0|1,0|0,0|1,0|0,0|1,1|0,0|0,1|0,0|0,1|0,0|0,0|0,0|1,1|0,1|0,0|0,1|0,0|0,0|1,1|1
15,78606381,.,C,T,.,PASS,AC=1298;AN=5096;DP=19895;AF=0.25;EAS_AF=0.29;EUR_AF=0.4;AFR_AF=0.16;AMR_AF=0.23;SAS_AF=0.2;VT=SNP;NS=2548,GT,1|1,0|1,1|1,0|1,0|0,0|0,1|1,0|1,0|0,0|1,0|0,0|1,1|0,0|0,0|0,0|0,0|0,0|1,0|0,1|1,0|0,0|0,0|0,1|0,0|1,1|0,0|0,1|0,0|0,1|0,1|0,1|1,0|1,0|0,1|1,0|0,0|0,1|1,1|1,1|0,1|1,0|0,0|1,0|0,1|0,1|0,1|1,0|1,1|0,0|0,0|0,1|0,0|0,1|0,0|0,1|0,0|0,1|1,0|0,0|0,0|1,0|0,0|1,1|0,0|0,1|0,0|1,1|0,1|0,0|1,1|1,1|0,1|1,1|0,0|1,0|0,0|0,1|0,0|1,1|1,1|1,0|0,1|1,0|1,1|0,0|0,0|0,0|1,0|0,1|1,1|0,1|1,1|0,0|1,1|1,0|1,1|0,0|0,1|1,1|1,0|0,0|1,0|1,1|1,0|1,1|1,0|0,0|0
15,78606590,.,C,G,.,PASS,AC=926;AN=5096;DP=17488;AF=0.18;EAS_AF=0.03;EUR_AF=0.37;AFR_AF=0.14;AMR_AF=0.22;SAS_AF=0.18;VT=SNP;NS=2548,GT,1|1,0|1,1|1,0|1,0|0,0|0,0|0,0|1,0|0,0|1,0|0,0|1,1|0,0|0,0|0,0|0,0|0,0|1,0|0,1|1,0|0,0|0,0|0,1|0,0|1,1|0,0|0,1|0,0|0,1|0,1|0,1|1,0|1,0|0,1|1,0|0,0|0,1|1,1|1,1|0,0|1,0|0,0|1,0|0,1|0,1|0,1|1,0|1,1|0,0|0,0|0,0|0,0|0,0|0,0|0,1|0,0|0,0|1,0|0,0|0,0|1,0|0,0|1,1|0,0|0,1|0,0|1,1|0,1|0,0|1,1|1,1|0,1|1,1|0,0|1,0|0,0|0,1|0,0|1,1|1,1|1,0|0,1|1,0|1,1|0,0|0,0|0,0|1,0|0,1|1,0|0,1|1,1|0,0|0,1|1,0|1,1|0,0|0,1|1,1|1,0|0,0|1,0|1,1|0,0|1,1|1,0|0,0|0
15,78606831,.,G,A,.,PASS,AC=2;AN=5096;DP=20242;AF=0;EAS_AF=0;EUR_AF=0;AFR_AF=0;AMR_AF=0;SAS_AF=0;VT=SNP;NS=2548,GT,0|0,0|0,0|0,0|0,0|0,0|0,0|0,0|0,0|0,0|0,0|0,0|0,0|0,0|0,0|0,0|0,0|0,0|0,0|0,0|0,0|0,0|0,0|0,0|0,0|0,0|0,0|0,0|0,0|0,0|0,0|0,0|0,0|0,0|0,0|0,0|0,0|0,0|0,0|0,0|0,0|0,0|0,0|0,0|0,0|0,0|0,0|0,0|0,0|0,0|0,0|0,0|0,0|0,0|0,0|0,0|0,0|0,0|0,0|0,0|0,0|0,0|0,1|0,0|0,0|0,0|0,0|0,0|0,0|0,0|0,0|0,0|0,0|0,0|0,0|0,0|0,0|0,0|0,0|0,0|0,0|0,0|0,0|0,0|0,0|0,0|0,0|0,0|0,0|0,0|0,0|0,0|0,0|0,0|0,0|0,0|0,0|1,0|0,0|0,0|0,0|0,0|0,0|0,0|0,0|0,0|0,0|0,0|0
15,78606868,.,G,C,.,PASS,AC=1388;AN=5096;DP=19483;AF=0.27;EAS_AF=0.18;EUR_AF=0.35;AFR_AF=0.29;AMR_AF=0.19;SAS_AF=0.32;VT=SNP;NS=2548,GT,0|0,0|0,0|0,1|0,1|0,0|1,0|0,1|0,0|0,0|0,0|0,1|0,0|0,1|0,0|0,1|1,0|1,1|0,0|1,0|0,1|0,0|1,1|0,0|1,0|0,0|1,0|0,0|1,0|0,0|1,0|0,0|0,0|0,0|1,0|0,1|0,0|0,0|0,0|0,0|1,0|0,0|1,1|0,0|1,0|1,0|1,0|0,1|0,0|1,0|0,1|1,0|0,0|0,0|1,0|1,0|1,1|0,0|0,1|0,1|1,0|0,0|1,1|0,0|1,0|0,0|1,1|0,0|0,0|1,0|0,0|0,0|0,0|0,0|1,0|0,1|1,1|0,0|1,1|0,0|0,0|0,1|0,0|0,1|0,0|1,0|1,1|0,1|0,0|1,0|0,0|1,0|0,0|1,1|0,0|0,0|0,0|1,0|0,0|0,0|0,1|0,0|0,0|0,0|0,1|0,0|0,1|0,0|0
15,78606871,.,T,C,.,PASS,AC=3089;AN=5096;DP=19592;AF=0.61;EAS_AF=0.53;EUR_AF=0.76;AFR_AF=0.68;AMR_AF=0.45;SAS_AF=0.53;VT=SNP;NS=2548,GT,1|1,0|1,1|1,1|1,1|0,0|1,1|1,1|1,0|0,0|1,0|0,1|1,1|0,1|0,1|0,1|1,0|1,1|1,0|1,1|1,1|0,1|1,1|0,1|1,0|1,1|1,0|0,1|1,0|0,1|1,1|0,1|1,0|1,0|1,1|1,1|0,0|0,1|1,1|1,1|1,1|1,0|1,1|1,0|1,1|1,1|1,1|1,1|1,1|1,0|0,1|1,1|1,0|0,1|1,0|1,1|1,1|0,1|1,1|0,1|1,1|1,0|1,1|1,1|1,0|0,1|1,1|1,1|0,1|1,0|1,1|1,1|0,1|1,1|1,0|1,1|1,1|0,1|1,1|1,1|1,1|1,1|0,1|1,1|1,1|1,0|1,1|0,1|1,1|1,1|1,1|1,1|1,1|1,1|1,1|1,0|1,1|1,0|1,1|1,1|1,1|0,0|1,0|1,1|1,1|1,1|1,1|0,0|0
15,78606879,.,AAAAAC,A,.,PASS,AC=12;AN=5096;DP=20278;AF=0;EAS_AF=0;EUR_AF=0;AFR_AF=0;AMR_AF=0;SAS_AF=0;VT=INDEL;NS=2548,GT,0|0,0|0,0|0,0|0,0|0,0|0,0|0,0|0,0|0,0|0,0|0,0|0,0|0,0|0,0|0,0|0,0|0,0|0,0|0,0|0,0|0,0|0,0|0,0|0,0|0,0|0,0|0,0|0,0|0,0|0,0|0,1|0,0|0,0|0,0|0,0|0,0|0,0|1,1|0,0|0,0|0,0|0,0|0,0|0,0|0,0|0,0|0,0|0,0|0,0|0,0|0,0|0,0|0,0|0,0|0,0|0,0|0,0|0,0|0,0|0,0|0,0|0,0|0,0|0,0|0,0|0,0|0,0|0,0|0,0|0,0|0,0|0,0|0,0|0,0|0,0|0,0|0,0|0,0|0,0|0,0|0,0|0,0|0,0|0,0|0,0|0,0|0,0|0,0|0,0|0,0|0,0|0,0|0,0|0,0|0,0|0,0|0,0|0,0|0,0|0,0|0,0|0,0|0,0|0,0|0,0|0,0|0,0|0
15,78606999,.,G,A,.,PASS,AC=289;AN=5096;DP=20517;AF=0.06;EAS_AF=0.26;EUR_AF=0;AFR_AF=0;AMR_AF=0;SAS_AF=0.01;VT=SNP;NS=2548,GT,0|0,0|0,0|0,0|0,0|0,0|0,0|0,0|0,0|0,0|0,0|0,0|0,0|0,0|0,0|0,0|0,0|0,0|0,0|0,0|0,0|0,0|0,0|0,0|0,0|0,0|0,0|0,0|0,0|0,0|0,0|0,0|0,0|0,0|0,0|0,0|0,0|0,0|0,0|0,0|0,0|0,0|0,0|0,0|0,0|0,0|0,0|0,0|0,0|0,0|0,0|0,0|0,0|1,0|0,0|0,0|0,0|0,0|0,0|0,0|0,0|0,0|0,0|0,0|0,0|0,0|0,0|0,0|0,0|0,0|0,0|0,0|0,0|0,0|0,0|0,0|0,0|0,0|0,0|0,0|0,0|0,0|0,0|0,0|0,0|0,0|0,0|0,0|0,0|0,0|0,0|0,0|0,0|0,0|0,0|0,0|0,0|0,0|0,0|0,0|0,0|0,0|0,0|0,0|0,0|0,0|0,0|0,0|0
15,78607004,.,G,A,.,PASS,AC=1072;AN=5096;DP=19858;AF=0.21;EAS_AF=0.18;EUR_AF=0.35;AFR_AF=0.06;AMR_AF=0.18;SAS_AF=0.31;VT=SNP;NS=2548,GT,0|0,0|0,0|0,1|0,1|0,0|1,0|0,1|0,0|0,0|0,0|0,1|0,0|0,1|0,0|0,1|1,0|1,1|0,0|1,0|0,1|0,0|1,1|0,0|1,0|0,0|1,0|0,0|1,0|0,0|1,0|0,0|0,0|0,0|1,0|0,1|0,0|0,0|0,0|0,0|1,0|0,0|1,1|0,0|1,0|1,0|1,0|0,1|0,0|1,0|0,1|1,0|0,0|0,0|1,0|1,0|1,1|0,0|0,1|0,1|1,0|0,0|1,1|0,0|1,0|0,0|1,1|0,0|0,0|1,0|0,0|0,0|0,0|0,0|1,0|0,1|1,1|0,0|1,1|0,0|0,0|0,1|0,0|0,1|0,0|1,0|1,1|0,1|0,0|1,0|0,0|1,0|0,0|1,1|0,0|0,0|0,0|1,0|0,0|0,0|0,1|0,0|0,0|0,0|0,1|0,0|0,1|0,0|0
15,78607377,.,G,A,.,PASS,AC=3060;AN=5096;DP=21252;AF=0.6;EAS_AF=0.53;EUR_AF=0.76;AFR_AF=0.66;AMR_AF=0.44;SAS_AF=0.53;VT=SNP;NS=2548,GT,1|1,0|1,1|1,1|1,1|0,0|1,1|1,1|1,0|0,0|1,0|0,1|1,1|0,1|0,1|0,1|1,0|1,1|1,0|1,1|1,1|0,1|1,1|0,1|1,0|1,1|1,0|0,1|1,0|0,1|1,1|0,1|1,0|1,0|1,1|1,1|0,0|0,1|1,1|1,1|1,1|1,0|1,1|1,0|1,1|1,1|1,1|1,1|1,1|1,0|0,1|1,1|1,0|0,1|1,0|1,1|1,1|0,1|1,1|0,1|1,1|1,0|1,1|1,1|1,0|0,1|1,1|1,1|0,1|1,0|1,1|1,1|0,1|1,1|1,0|1,1|1,1|0,1|1,1|1,1|1,1|1,1|0,1|1,1|1,1|1,0|1,1|0,1|1,1|1,1|1,1|1,1|1,1|1,1|1,1|1,0|1,1|1,0|1,1|1,1|1,1|0,0|1,0|1,1|1,1|1,1|1,1|0,0|0
15,78607448,.,C,T,.,PASS,AC=10;AN=5096;DP=20144;AF=0;EAS_AF=0;EUR_AF=0.01;AFR_AF=0;AMR_AF=0;SAS_AF=0;VT=SNP;NS=2548,GT,0|0,0|0,0|0,0|0,0|0,0|0,0|0,0|0,0|0,0|0,0|0,0|0,0|0,0|0,0|0,0|0,0|0,0|0,0|0,0|0,0|0,0|0,0|0,0|0,0|0,0|0,0|0,0|0,0|0,0|0,0|0,0|0,0|0,0|0,0|0,0|0,0|0,0|0,0|0,0|0,0|0,0|0,0|0,0|0,0|0,0|0,0|0,0|0,0|0,0|0,0|0,0|0,0|0,0|0,0|0,0|0,0|0,0|0,0|0,0|0,0|0,0|0,0|0,1|0,0|0,0|0,0|0,0|0,0|0,0|0,0|0,0|0,0|0,0|0,0|0,0|0,0|0,0|0,0|0,0|0,0|0,0|0,0|0,0|0,0|0,0|0,0|0,0|0,0|0,0|0,0|0,0|0,0|0,0|0,0|0,0|0,0|0,0|0,0|0,0|0,0|0,0|0,0|0,0|0,0|0,0|0,0|0,0|0
15,78607558,.,C,G,.,PASS,AC=51;AN=5096;DP=21049;AF=0.01;EAS_AF=0;EUR_AF=0;AFR_AF=0.04;AMR_AF=0;SAS_AF=0;VT=SNP;NS=2548,GT,0|0,0|0,0|0,0|0,0|0,0|0,0|0,0|0,0|0,0|0,0|0,0|0,0|0,0|0,0|0,0|0,0|0,0|0,0|0,0|0,0|0,0|0,0|0,0|0,0|0,0|0,0|0,0|0,0|0,0|0,0|0,0|0,0|0,0|0,0|0,0|0,0|0,0|0,0|0,0|0,0|0,0|0,0|0,0|0,0|0,1|0,0|0,0|0,0|0,0|0,0|0,0|0,0|0,0|0,0|0,0|0,0|0,0|0,0|0,0|0,0|0,0|0,0|0,0|0,0|0,0|0,0|0,0|0,0|0,0|0,0|0,0|0,0|0,0|0,0|0,0|0,0|0,0|0,0|0,0|0,0|0,0|0,0|0,0|0,0|0,0|0,0|0,0|0,0|0,0|0,0|0,0|0,0|0,0|0,0|0,0|0,0|0,0|0,0|0,0|0,0|0,0|0,0|0,0|0,0|0,0|0,0|0,0|0
15,78607654,.,T,C,.,PASS,AC=23;AN=5096;DP=23741;AF=0;EAS_AF=0;EUR_AF=0.01;AFR_AF=0;AMR_AF=0.01;SAS_AF=0;VT=SNP;NS=2548,GT,0|0,0|0,0|0,0|0,0|0,0|0,0|0,0|0,0|0,0|0,0|0,0|0,0|0,0|0,0|0,0|0,0|0,0|0,0|0,0|0,0|0,0|0,0|0,0|0,0|0,0|0,0|0,0|0,0|0,0|0,0|0,0|0,0|0,0|0,0|0,0|0,0|0,0|0,0|0,0|0,0|0,0|0,0|0,0|0,0|0,0|0,0|0,0|0,0|0,0|0,0|0,0|0,0|0,0|0,0|0,0|0,0|0,0|0,0|0,1|0,0|0,0|0,0|0,0|0,0|0,0|0,0|0,0|0,0|0,0|0,0|0,0|0,0|0,0|0,0|0,0|0,0|0,0|0,0|0,0|0,0|0,0|0,0|0,0|0,0|0,0|0,0|0,0|0,0|0,0|0,0|0,0|0,0|0,0|0,0|0,0|0,0|0,0|0,0|0,0|0,0|0,0|0,0|0,0|0,0|0,0|0,0|0,0|0
15,78607937,.,G,A,.,PASS,AC=24;AN=5096;DP=23486;AF=0;EAS_AF=0;EUR_AF=0.01;AFR_AF=0.01;AMR_AF=0;SAS_AF=0;VT=SNP;NS=2548,GT,0|0,0|0,0|0,0|0,0|0,0|0,0|0,0|0,0|0,0|0,0|0,0|0,0|0,0|0,0|0,0|0,0|0,0|0,0|0,0|0,0|0,0|0,0|0,0|0,0|0,0|0,0|0,0|0,0|0,0|0,0|0,0|0,0|0,0|0,0|0,0|0,0|0,0|0,0|0,0|0,0|0,0|0,0|0,0|0,0|0,0|0,0|0,0|0,0|0,0|0,0|0,0|0,0|0,0|0,0|0,0|0,0|0,0|0,0|0,0|0,0|0,0|0,0|0,0|0,0|1,0|0,0|0,0|0,0|0,0|0,0|0,0|0,0|0,0|0,0|0,0|0,0|0,0|0,0|0,0|0,0|0,0|0,0|0,0|0,0|0,0|0,0|0,0|0,0|0,0|0,0|0,0|0,0|0,0|0,0|0,0|0,0|0,0|0,0|0,0|0,0|0,0|0,0|0,0|0,0|0,0|0,0|0,0|0
15,78608178,.,C,A,.,PASS,AC=1;AN=5096;DP=22432;AF=0;EAS_AF=0;EUR_AF=0;AFR_AF=0;AMR_AF=0;SAS_AF=0;VT=SNP;NS=2548,GT,0|0,0|0,0|0,0|0,0|0,0|0,0|0,0|0,0|0,0|0,0|0,0|0,0|0,0|0,0|0,0|0,0|0,0|0,0|0,0|0,0|0,0|0,0|0,0|0,0|0,0|0,0|0,0|0,0|0,0|0,0|0,0|0,0|1,0|0,0|0,0|0,0|0,0|0,0|0,0|0,0|0,0|0,0|0,0|0,0|0,0|0,0|0,0|0,0|0,0|0,0|0,0|0,0|0,0|0,0|0,0|0,0|0,0|0,0|0,0|0,0|0,0|0,0|0,0|0,0|0,0|0,0|0,0|0,0|0,0|0,0|0,0|0,0|0,0|0,0|0,0|0,0|0,0|0,0|0,0|0,0|0,0|0,0|0,0|0,0|0,0|0,0|0,0|0,0|0,0|0,0|0,0|0,0|0,0|0,0|0,0|0,0|0,0|0,0|0,0|0,0|0,0|0,0|0,0|0,0|0,0|0,0|0,0|0
15,78608232,.,C,T,.,PASS,AC=987;AN=5096;DP=22574;AF=0.19;EAS_AF=0.14;EUR_AF=0.34;AFR_AF=0.06;AMR_AF=0.18;SAS_AF=0.29;VT=SNP;NS=2548,GT,0|0,0|0,0|0,1|0,1|0,0|1,0|0,1|0,0|0,0|0,0|0,1|0,0|0,1|0,0|0,1|1,0|1,1|0,0|1,0|0,1|0,0|1,1|0,0|1,0|0,0|1,0|0,0|1,0|0,0|1,0|0,0|0,0|0,0|1,0|0,1|0,0|0,0|0,0|0,0|1,0|0,0|1,1|0,0|1,0|1,0|1,0|0,1|0,0|1,0|0,1|1,0|0,0|0,0|1,0|0,0|1,1|0,0|0,1|0,1|1,0|0,0|1,1|0,0|1,0|0,0|1,1|0,0|0,0|1,0|0,0|0,0|0,0|0,0|1,0|0,1|1,1|0,0|1,1|0,0|0,0|0,1|0,0|0,1|0,0|1,0|1,1|0,1|0,0|1,0|0,0|1,0|0,0|1,1|0,0|0,0|0,0|1,0|0,0|0,0|0,1|0,0|0,0|0,0|0,1|0,0|0,1|0,0|0
15,78608359,.,T,G,.,PASS,AC=1236;AN=5096;DP=20989;AF=0.24;EAS_AF=0.29;EUR_AF=0.37;AFR_AF=0.16;AMR_AF=0.22;SAS_AF=0.19;VT=SNP;NS=2548,GT,1|1,0|1,1|1,0|1,0|0,0|0,0|0,0|1,0|0,0|1,0|0,0|1,1|0,0|0,0|0,0|0,0|0,0|1,0|0,1|1,0|0,0|0,0|0,1|0,0|1,1|0,0|0,1|0,0|0,1|0,1|0,1|1,0|1,0|0,1|1,0|0,0|0,1|1,1|1,1|0,0|1,0|0,0|1,0|0,1|0,1|0,1|1,0|1,1|0,0|0,0|0,0|0,0|0,0|0,0|0,1|0,0|0,0|1,0|0,0|0,0|1,0|0,0|1,1|0,0|0,1|0,0|1,1|0,1|0,0|1,1|1,1|0,1|1,1|0,0|1,0|0,0|0,1|0,0|1,1|1,1|1,0|0,1|1,0|1,1|0,0|0,0|0,0|1,0|0,1|1,0|0,1|1,1|0,0|0,1|1,0|1,1|0,0|0,1|1,1|1,0|0,0|1,0|1,1|0,0|1,1|1,0|0,0|0
15,78608566,.,C,T,.,PASS,AC=943;AN=5096;DP=24215;AF=0.19;EAS_AF=0.03;EUR_AF=0.37;AFR_AF=0.15;AMR_AF=0.22;SAS_AF=0.18;VT=SNP;NS=2548,GT,1|1,0|1,1|1,0|1,0|0,0|0,0|0,0|1,0|0,0|1,0|0,0|1,1|0,0|0,0|0,0|0,0|0,0|1,0|0,1|1,0|0,0|0,0|0,1|0,0|1,1|0,0|0,1|0,0|0,1|0,1|0,1|1,0|1,0|0,1|1,0|0,0|0,1|1,1|1,1|0,0|1,0|0,0|1,0|0,1|0,1|0,1|1,0|1,1|0,0|0,0|0,0|0,0|0,0|0,0|0,1|0,0|0,0|1,0|0,0|0,0|1,0|0,0|1,1|0,0|0,1|0,0|1,1|0,1|0,0|1,1|1,1|0,1|1,1|0,0|1,0|0,0|0,1|0,0|1,1|1,1|1,0|0,1|1,0|1,1|0,0|0,0|0,0|1,0|0,1|1,0|0,1|1,1|0,0|0,1|1,0|1,1|0,0|0,1|1,1|1,0|0,0|1,0|1,1|0,0|1,1|1,0|0,0|0
15,78608567,.,A,G,.,PASS,AC=2982;AN=5096;DP=24311;AF=0.59;EAS_AF=0.53;EUR_AF=0.76;AFR_AF=0.6;AMR_AF=0.44;SAS_AF=0.53;VT=SNP;NS=2548,GT,1|1,0|1,1|1,1|1,1|0,0|1,1|1,1|1,0|0,0|1,0|0,1|1,1|0,1|0,1|0,1|1,0|1,1|1,0|1,1|1,1|0,1|1,1|0,1|1,0|1,1|1,0|0,1|1,0|0,1|1,1|0,1|1,0|1,0|1,1|1,1|0,0|0,1|1,1|1,1|1,1|1,0|1,1|1,0|1,1|1,1|1,1|1,1|1,1|1,0|0,1|1,1|1,0|0,1|1,0|1,1|1,1|0,1|1,1|0,1|1,1|1,0|1,1|1,1|1,0|0,1|1,1|1,1|0,1|1,0|1,1|1,1|0,1|1,1|1,0|1,1|1,1|0,1|1,1|1,1|1,1|1,1|0,1|1,1|1,1|1,0|1,1|0,1|1,1|1,1|1,1|1,1|1,1|1,1|1,1|1,0|1,1|1,0|1,1|1,1|1,1|0,0|1,0|1,1|1,1|1,1|1,1|0,0|0
15,78608727,.,C,T,.,PASS,AC=8;AN=5096;DP=22943;AF=0;EAS_AF=0;EUR_AF=0;AFR_AF=0;AMR_AF=0;SAS_AF=0;VT=SNP;NS=2548,GT,0|0,0|0,0|0,0|0,0|0,0|0,0|0,0|0,0|0,0|0,0|0,0|0,0|0,0|0,0|0,0|0,0|0,0|0,0|0,0|0,0|0,0|0,0|0,0|0,0|0,0|0,0|0,0|0,0|0,0|0,0|0,0|0,0|0,0|0,0|0,0|0,0|0,0|0,0|0,0|0,0|0,0|0,0|0,0|0,0|0,0|0,0|0,0|0,0|0,0|0,0|0,0|0,0|0,0|0,0|0,0|0,0|0,0|0,0|0,0|0,0|0,0|0,0|0,0|0,0|0,0|0,0|0,0|0,0|0,0|0,0|0,0|0,0|1,0|0,0|0,0|0,0|0,0|0,0|0,0|1,0|0,0|0,0|0,0|0,0|0,0|0,0|0,0|0,0|0,0|0,0|0,0|0,0|0,0|0,0|0,0|0,0|0,0|0,0|0,0|0,0|0,0|0,0|0,0|0,0|0,0|0,0|0,0|0
15,78608771,.,C,T,.,PASS,AC=1235;AN=5096;DP=23056;AF=0.24;EAS_AF=0.29;EUR_AF=0.37;AFR_AF=0.16;AMR_AF=0.22;SAS_AF=0.19;VT=SNP;NS=2548,GT,1|1,0|1,1|1,0|1,0|0,0|0,0|0,0|1,0|0,0|1,0|0,0|1,1|0,0|0,0|0,0|0,0|0,0|1,0|0,1|1,0|0,0|0,0|0,1|0,0|1,1|0,0|0,1|0,0|0,1|0,1|0,1|1,0|1,0|0,1|1,0|0,0|0,1|1,1|1,1|0,0|1,0|0,0|1,0|0,1|0,1|0,1|1,0|1,1|0,0|0,0|0,0|0,0|0,0|0,0|0,1|0,0|0,0|1,0|0,0|0,0|1,0|0,0|1,1|0,0|0,1|0,0|1,1|0,1|0,0|1,1|1,1|0,1|1,1|0,0|1,0|0,0|0,1|0,0|1,1|1,1|1,0|0,1|1,0|1,1|0,0|0,0|0,0|1,0|0,1|1,0|0,1|1,1|0,0|0,1|1,0|1,1|0,0|0,1|1,1|1,0|0,0|1,0|1,1|0,0|1,1|1,0|0,0|0
15,78608831,.,GA,G,.,PASS,AC=1237;AN=5096;DP=22183;AF=0.24;EAS_AF=0.29;EUR_AF=0.37;AFR_AF=0.16;AMR_AF=0.22;SAS_AF=0.19;VT=INDEL;NS=2548,GT,1|1,0|1,1|1,0|1,0|0,0|0,0|0,0|1,0|0,0|1,0|0,0|1,1|0,0|0,0|0,0|0,0|0,0|1,0|0,1|1,0|0,0|0,0|0,1|0,0|1,1|0,0|0,1|0,0|0,1|0,1|0,1|1,0|1,0|0,1|1,0|0,0|0,1|1,1|1,1|0,0|1,0|0,0|1,0|0,1|0,1|0,1|1,0|1,1|0,0|0,0|0,0|0,0|0,0|0,0|0,1|0,0|0,0|1,0|0,0|0,0|1,0|0,0|1,1|0,0|0,1|0,0|1,1|0,1|0,0|1,1|1,1|0,1|1,1|0,0|1,0|0,0|0,1|0,0|1,1|1,1|1,0|0,1|1,0|1,1|0,0|0,0|0,0|1,0|0,1|1,0|0,1|1,1|0,0|0,1|1,0|1,1|0,0|0,1|1,1|1,0|0,0|1,0|1,1|0,0|1,1|1,0|0,0|0
15,78609579,.,C,T,.,PASS,AC=70;AN=5096;DP=22233;AF=0.01;EAS_AF=0.06;EUR_AF=0;AFR_AF=0;AMR_AF=0;SAS_AF=0;VT=SNP;NS=2548,GT,0|0,0|0,0|0,0|0,0|0,0|0,0|0,0|0,0|0,0|0,0|0,0|0,0|0,0|0,1|0,0|0,0|0,0|0,0|0,0|0,0|0,1|0,0|0,0|0,0|0,0|0,0|0,0|0,0|0,0|0,0|0,0|0,0|0,0|0,0|0,0|0,0|0,0|0,0|0,0|0,0|0,0|0,0|0,0|0,0|0,0|0,0|0,0|0,0|0,0|0,0|0,0|0,0|0,0|0,0|0,0|0,0|0,0|0,0|0,0|0,0|0,0|0,0|0,0|0,0|0,0|0,0|0,0|0,0|0,0|0,0|0,0|0,0|0,0|0,0|0,0|0,0|0,0|0,0|0,0|0,0|0,0|0,0|0,0|0,0|0,0|0,0|0,0|0,0|0,0|0,0|0,0|0,0|0,0|0,0|0,0|0,0|0,0|0,0|0,0|0,0|0,0|0,0|0,0|0,0|0,0|0,0|0,0|0
15,78609684,.,C,A,.,PASS,AC=1867;AN=5096;DP=22656;AF=0.37;EAS_AF=0.24;EUR_AF=0.39;AFR_AF=0.53;AMR_AF=0.23;SAS_AF=0.34;VT=SNP;NS=2548,GT,0|0,0|0,0|0,1|0,1|0,0|1,1|1,1|0,0|0,0|0,0|0,1|0,0|0,1|0,1|0,1|1,0|1,1|0,0|1,0|0,1|0,1|1,1|0,0|1,0|0,0|1,0|0,0|1,0|0,0|1,0|0,0|0,0|0,0|1,0|0,1|0,0|0,0|0,0|0,0|1,1|0,0|1,1|0,0|1,0|1,0|1,0|0,1|0,0|1,0|0,1|1,1|1,0|0,1|1,0|1,0|1,1|0,1|0,1|0,1|1,1|0,0|1,1|0,0|1,0|0,0|1,1|0,0|0,0|1,0|0,0|0,0|0,0|0,0|1,0|0,1|1,1|0,0|1,1|0,0|0,0|0,1|0,0|0,1|0,0|1,0|1,1|0,1|0,1|1,0|0,1|1,0|0,0|1,1|1,0|0,0|0,0|1,0|1,0|0,0|0,1|0,0|0,0|0,0|1,1|0,0|0,1|0,0|0
15,78610564,.,G,A,.,PASS,AC=1865;AN=5096;DP=23596;AF=0.37;EAS_AF=0.24;EUR_AF=0.39;AFR_AF=0.53;AMR_AF=0.23;SAS_AF=0.34;VT=SNP;NS=2548,GT,0|0,0|0,0|0,1|0,1|0,0|1,1|1,1|0,0|0,0|0,0|0,1|0,0|0,1|0,1|0,1|1,0|1,1|0,0|1,0|0,1|0,1|1,1|0,0|1,0|0,0|1,0|0,0|1,0|0,0|1,0|0,0|0,0|0,0|1,0|0,1|0,0|0,0|0,0|0,0|1,1|0,0|1,1|0,0|1,0|1,0|1,0|0,1|0,0|1,0|0,1|1,1|1,0|0,1|1,0|1,0|1,1|0,1|0,1|0,1|1,1|0,0|1,1|0,0|1,0|0,0|1,1|0,0|0,0|1,0|0,0|0,0|0,0|0,0|1,0|0,1|1,1|0,0|1,1|0,0|0,0|0,1|0,0|0,1|0,0|1,0|1,1|0,1|0,1|1,0|0,1|1,0|0,0|1,1|1,0|0,0|0,0|1,0|1,0|0,0|0,1|0,0|0,0|0,0|1,1|0,0|0,1|0,0|0
15,78610823,.,T,C,.,PASS,AC=1867;AN=5096;DP=19472;AF=0.37;EAS_AF=0.24;EUR_AF=0.39;AFR_AF=0.53;AMR_AF=0.23;SAS_AF=0.34;VT=SNP;NS=2548,GT,0|0,0|0,0|0,1|0,1|0,0|1,1|1,1|0,0|0,0|0,0|0,1|0,0|0,1|0,1|0,1|1,0|1,1|0,0|1,0|0,1|0,1|1,1|0,0|1,0|0,0|1,0|0,0|1,0|0,0|1,0|0,0|0,0|0,0|1,0|0,1|0,0|0,0|0,0|0,0|1,1|0,0|1,1|0,0|1,0|1,0|1,0|0,1|0,0|1,0|0,1|1,1|1,0|0,1|1,0|1,0|1,1|0,1|0,1|0,1|1,1|0,0|1,1|0,0|1,0|0,0|1,1|0,0|0,0|1,0|0,0|0,0|0,0|0,0|1,0|0,1|1,1|0,0|1,1|0,0|0,0|0,1|0,0|0,1|0,0|1,0|1,1|0,1|0,1|1,0|0,1|1,0|0,0|1,1|1,0|0,0|0,0|1,0|1,0|0,0|0,1|0,0|0,0|0,0|1,1|0,0|0,1|0,0|0
15,78611582,.,G,A,.,PASS,AC=15;AN=5096;DP=22426;AF=0;EAS_AF=0;EUR_AF=0.01;AFR_AF=0;AMR_AF=0;SAS_AF=0;VT=SNP;NS=2548,GT,0|0,0|0,0|0,0|0,0|0,0|0,0|0,0|0,0|0,0|0,0|0,0|0,0|0,0|0,0|0,0|0,0|0,0|0,0|0,0|0,0|0,0|0,0|0,0|0,0|0,0|0,0|0,0|0,0|0,0|0,0|0,0|0,0|0,0|0,0|0,0|0,0|0,0|0,0|0,0|0,0|0,0|0,0|0,0|0,0|0,0|0,0|0,0|0,0|0,1|0,0|0,0|0,0|0,0|0,0|0,0|0,0|0,0|0,0|0,0|0,0|0,0|0,0|0,0|0,0|0,0|0,0|0,0|0,0|0,0|0,0|0,0|0,0|0,0|0,0|0,0|0,0|0,0|0,0|0,0|0,0|0,0|0,0|0,0|0,0|0,0|0,0|0,0|0,0|0,0|0,0|0,0|0,0|0,0|0,0|0,0|0,0|0,0|0,0|0,0|0,0|0,0|0,0|0,0|0,0|0,0|0,0|0,0|0
15,78612618,.,C,A,.,PASS,AC=50;AN=5096;DP=14736;AF=0.01;EAS_AF=0.01;EUR_AF=0.02;AFR_AF=0.01;AMR_AF=0;SAS_AF=0.01;VT=SNP;NS=2548,GT,0|0,0|0,0|0,0|0,0|0,0|0,0|0,0|0,0|0,0|0,0|0,0|0,0|0,0|0,0|0,0|0,0|0,0|0,0|0,0|0,0|0,0|0,0|0,0|0,0|0,0|0,0|0,0|0,0|0,0|0,0|0,0|0,0|0,0|0,0|0,0|0,0|0,0|0,0|0,0|0,0|0,0|0,0|0,0|0,0|0,0|0,0|0,0|0,0|0,0|0,0|0,0|0,0|0,0|0,0|0,0|0,0|0,0|0,0|0,0|0,0|0,0|0,0|0,0|0,0|0,0|0,1|0,0|0,0|0,0|0,0|0,0|0,0|0,0|0,0|0,1|0,0|0,0|0,0|0,0|0,0|0,0|0,0|0,0|0,0|0,0|0,0|0,0|0,1|0,0|0,0|0,0|0,0|0,0|0,0|0,0|0,0|0,0|0,0|0,0|0,0|0,0|0,0|0,0|0,0|0,0|0,0|0,0|0
15,78613512,.,T,C,.,PASS,AC=708;AN=5096;DP=17575;AF=0.14;EAS_AF=0.07;EUR_AF=0.12;AFR_AF=0.01;AMR_AF=0.18;SAS_AF=0.37;VT=SNP;NS=2548,GT,0|0,0|0,0|0,0|0,0|1,0|0,0|0,0|0,0|1,0|0,1|0,0|0,0|1,0|1,0|1,0|0,1|0,0|0,0|0,0|0,0|1,0|0,0|0,0|0,0|0,0|0,0|1,0|0,0|0,0|0,0|0,0|0,0|0,0|0,0|0,0|0,1|1,0|0,0|0,0|0,0|0,0|0,0|0,0|0,0|0,0|0,0|0,0|0,0|0,1|0,0|0,0|0,1|0,0|0,1|0,0|0,0|0,0|0,0|0,0|0,0|0,0|0,0|0,0|0,0|1,0|0,0|0,0|0,0|0,0|0,0|0,0|1,0|0,0|0,0|0,0|0,0|0,0|0,0|0,0|0,0|0,0|1,0|0,0|0,0|0,1|0,0|1,0|0,0|0,0|0,0|0,0|0,0|0,0|0,0|0,1|0,0|0,0|0,0|0,0|0,0|1,0|0,0|0,0|0,0|0,0|0,0|0,0|1
15,78613761,.,C,A,.,PASS,AC=3101;AN=5096;DP=12948;AF=0.61;EAS_AF=0.75;EUR_AF=0.6;AFR_AF=0.4;AMR_AF=0.76;SAS_AF=0.65;VT=SNP;NS=2548,GT,1|1,1|1,1|1,0|1,0|1,1|0,0|0,0|1,1|1,1|1,1|1,0|1,1|1,0|1,0|1,0|0,1|0,0|1,1|0,1|1,0|1,0|0,0|1,1|0,1|1,1|0,1|1,1|0,1|1,1|0,1|1,1|1,1|1,1|0,1|1,0|1,1|1,1|1,1|1,1|0,0|1,1|0,0|1,1|0,1|0,1|0,1|1,0|1,1|0,1|1,0|0,0|0,1|1,0|0,1|0,1|0,0|1,0|0,0|1,0|0,0|1,1|0,0|1,1|0,1|1,1|0,0|1,1|1,1|0,1|1,1|1,1|1,1|1,1|0,1|1,0|0,0|1,1|0,0|1,1|1,1|1,0|1,1|1,0|1,1|0,1|0,0|1,0|1,0|0,1|1,0|0,1|1,1|0,0|0,1|1,1|1,0|0,1|0,1|1,1|1,0|1,1|1,1|1,1|0,0|1,1|1,0|1,1|1
15,78613765,.,C,A,.,PASS,AC=3096;AN=5096;DP=13070;AF=0.61;EAS_AF=0.75;EUR_AF=0.6;AFR_AF=0.4;AMR_AF=0.76;SAS_AF=0.65;VT=SNP;NS=2548,GT,1|1,1|1,1|1,0|1,0|1,1|0,0|0,0|1,1|1,1|1,1|1,0|1,1|1,0|1,0|1,0|0,1|0,0|1,1|0,1|1,0|1,0|0,0|1,1|0,1|1,1|0,1|1,1|0,1|1,1|0,1|1,1|1,1|1,1|0,1|1,0|1,1|1,1|1,1|1,1|0,0|1,1|0,0|1,1|0,1|0,1|0,1|1,0|1,1|0,1|1,0|0,0|0,1|1,0|0,1|0,1|0,0|1,0|0,0|1,0|0,0|1,1|0,0|1,1|0,1|1,1|0,0|1,1|1,1|0,1|1,1|1,1|1,1|1,1|0,1|1,0|0,0|1,1|0,0|1,1|1,1|1,0|1,1|1,0|1,1|0,1|0,0|1,0|1,0|0,1|1,0|0,1|1,1|0,0|0,1|1,1|1,0|0,1|0,1|1,1|1,0|1,1|1,1|1,1|0,0|1,1|1,0|1,1|1
15,78613777,.,C,A,.,PASS,AC=2840;AN=5096;DP=13250;AF=0.56;EAS_AF=0.69;EUR_AF=0.57;AFR_AF=0.34;AMR_AF=0.71;SAS_AF=0.61;VT=SNP;NS=2548,GT,1|1,1|1,1|1,0|1,0|1,1|0,0|0,0|1,1|1,1|1,0|1,0|1,1|1,0|1,0|1,0|0,1|0,0|1,1|0,1|1,0|1,0|0,0|1,1|0,1|1,1|0,1|1,1|0,1|1,1|0,1|1,1|1,0|1,1|0,1|1,0|1,1|1,0|1,1|1,1|0,0|0,1|0,0|1,1|0,1|0,1|0,0|1,0|1,1|0,1|1,0|0,0|0,1|1,0|0,1|0,1|0,0|1,0|0,0|1,0|0,0|1,1|0,0|1,1|0,1|1,1|0,0|1,1|1,1|0,1|0,1|0,1|1,1|1,1|0,1|1,0|0,0|1,1|0,0|1,1|1,1|1,0|1,1|1,0|1,1|0,1|0,0|1,0|1,0|0,1|1,0|0,1|1,1|0,0|0,1|1,1|1,0|0,1|0,1|1,1|1,0|1,1|1,0|1,1|0,0|1,1|1,0|1,1|1
15,78613778,.,A,AAAC,.,PASS,AC=3093;AN=5096;DP=13291;AF=0.61;EAS_AF=0.74;EUR_AF=0.59;AFR_AF=0.41;AMR_AF=0.75;SAS_AF=0.65;VT=INDEL;NS=2548,GT,1|1,1|1,1|1,0|1,0|1,1|0,0|0,0|1,1|1,1|1,1|1,0|1,1|1,0|1,0|1,0|0,1|0,0|1,1|0,1|1,0|1,0|0,0|1,1|0,1|1,1|0,1|1,1|0,1|1,1|0,1|1,1|1,1|1,1|0,1|1,0|1,1|1,1|1,1|1,1|0,0|1,1|0,0|1,1|0,1|0,1|0,1|1,0|1,1|0,1|1,0|0,0|0,1|1,0|0,1|0,1|0,0|1,0|0,0|1,0|0,0|1,1|0,0|1,1|0,1|1,1|0,0|1,1|1,1|0,1|1,1|1,1|1,1|1,1|0,1|1,0|0,0|1,1|0,0|1,1|1,1|1,0|1,1|1,0|1,1|0,1|0,0|1,0|1,0|0,1|1,0|0,1|1,1|0,0|0,1|1,1|1,0|0,1|0,1|1,1|1,0|1,1|1,1|1,1|0,0|1,1|1,0|1,1|1
15,78613786,.,C,A,.,PASS,AC=1626;AN=5096;DP=15226;AF=0.32;EAS_AF=0.24;EUR_AF=0.39;AFR_AF=0.35;AMR_AF=0.23;SAS_AF=0.34;VT=SNP;NS=2548,GT,0|0,0|0,0|0,1|0,1|0,0|1,1|1,1|0,0|0,0|0,0|0,1|0,0|0,1|0,1|0,1|1,0|1,1|0,0|1,0|0,1|0,1|1,1|0,0|1,0|0,0|1,0|0,0|1,0|0,0|1,0|0,0|0,0|0,0|1,0|0,1|0,0|0,0|0,0|0,0|1,1|0,0|1,1|0,0|1,0|1,0|1,0|0,1|0,0|1,0|0,1|1,0|1,0|0,1|1,0|1,0|1,1|0,1|0,1|0,1|1,1|0,0|1,1|0,0|1,0|0,0|1,1|0,0|0,0|1,0|0,0|0,0|0,0|0,0|1,0|0,1|1,1|0,0|1,1|0,0|0,0|0,1|0,0|0,1|0,0|1,0|1,1|0,1|0,1|1,0|0,1|1,0|0,0|1,1|1,0|0,0|0,0|1,0|1,0|0,0|0,1|0,0|0,0|0,0|0,1|0,0|0,1|0,0|0
15,78613835,.,A,T,.,PASS,AC=767;AN=5096;DP=15711;AF=0.15;EAS_AF=0.03;EUR_AF=0.36;AFR_AF=0.02;AMR_AF=0.21;SAS_AF=0.18;VT=SNP;NS=2548,GT,1|1,0|1,1|1,0|1,0|0,0|0,0|0,0|1,0|0,0|1,0|0,0|1,1|0,0|0,0|0,0|0,0|0,0|1,0|0,1|1,0|0,0|0,0|0,1|0,0|1,1|0,0|0,1|0,0|0,1|0,1|0,1|1,0|1,0|0,1|1,0|0,0|0,1|1,1|1,1|0,0|1,0|0,0|1,0|0,1|0,0|0,1|1,0|1,1|0,0|0,0|0,0|0,0|0,0|0,0|0,1|0,0|0,0|1,0|0,0|0,0|1,0|0,0|1,1|0,0|0,1|0,0|1,1|0,1|0,0|1,1|1,1|0,1|1,1|0,0|1,0|0,0|0,1|0,0|1,1|1,1|1,0|0,1|1,0|1,1|0,0|0,0|0,0|1,0|0,1|1,0|0,1|1,1|0,0|0,1|1,0|1,1|0,0|0,1|1,1|1,0|0,0|1,0|1,1|0,0|1,1|1,0|0,0|0
15,78613957,.,A,G,.,PASS,AC=1;AN=5096;DP=16050;AF=0;EAS_AF=0;EUR_AF=0;AFR_AF=0;AMR_AF=0;SAS_AF=0;VT=SNP;NS=2548,GT,0|0,0|0,0|0,0|0,0|0,0|0,0|0,0|0,0|0,0|0,0|0,0|0,0|0,0|0,0|0,0|0,0|0,0|0,0|0,0|0,0|0,0|0,0|0,0|0,0|0,0|0,0|0,0|0,0|0,0|0,0|0,0|0,0|0,0|0,0|0,0|0,0|0,0|0,0|0,0|0,0|0,0|0,0|0,0|0,0|0,0|0,0|0,0|0,0|0,0|0,0|0,0|0,0|0,0|0,0|0,0|0,0|0,0|0,0|0,0|0,0|0,0|0,0|0,0|0,0|0,0|0,0|0,0|0,0|0,0|0,0|0,0|0,0|0,0|0,0|0,0|0,0|0,0|0,0|0,0|0,0|0,0|0,0|0,0|0,0|0,0|0,0|0,0|0,0|0,0|0,0|0,0|0,0|0,0|0,0|0,0|0,0|0,0|0,1|0,0|0,0|0,0|0,0|0,0|0,0|0,0|0,0|0,0|0
15,78614115,.,G,A,.,PASS,AC=1;AN=5096;DP=20513;AF=0;EAS_AF=0;EUR_AF=0;AFR_AF=0;AMR_AF=0;SAS_AF=0;VT=SNP;NS=2548,GT,0|0,0|0,0|0,0|0,0|0,0|0,0|0,0|0,0|0,0|0,0|0,0|0,0|0,0|0,0|0,0|0,0|0,0|0,0|0,0|0,0|0,0|0,0|0,0|0,0|0,0|0,0|0,0|0,0|0,0|0,0|0,0|0,0|0,0|0,0|0,0|0,0|0,0|0,0|0,0|0,0|0,0|0,0|0,0|0,0|0,0|0,0|0,0|0,0|0,0|0,0|0,0|0,0|0,0|0,1|0,0|0,0|0,0|0,0|0,0|0,0|0,0|0,0|0,0|0,0|0,0|0,0|0,0|0,0|0,0|0,0|0,0|0,0|0,0|0,0|0,0|0,0|0,0|0,0|0,0|0,0|0,0|0,0|0,0|0,0|0,0|0,0|0,0|0,0|0,0|0,0|0,0|0,0|0,0|0,0|0,0|0,0|0,0|0,0|0,0|0,0|0,0|0,0|0,0|0,0|0,0|0,0|0,0|0
15,78614295,.,A,G,.,PASS,AC=156;AN=5096;DP=20825;AF=0.03;EAS_AF=0.05;EUR_AF=0.07;AFR_AF=0;AMR_AF=0.03;SAS_AF=0.01;VT=SNP;NS=2548,GT,0|0,1|0,0|0,0|0,0|0,1|0,0|0,0|0,1|0,0|0,0|1,0|0,0|0,0|0,0|0,0|0,0|0,0|0,0|0,0|0,0|0,0|0,0|0,0|0,1|0,0|0,0|0,0|0,0|0,0|0,0|1,0|0,1|0,1|0,0|0,0|1,0|0,0|0,0|0,0|0,0|0,0|0,0|0,1|0,0|0,0|0,0|0,0|0,0|0,0|0,0|0,0|0,0|1,0|0,0|0,0|0,0|0,0|0,0|0,0|0,0|0,1|0,0|0,0|0,1|0,0|0,0|0,0|1,0|0,0|0,0|0,0|0,0|0,0|0,1|0,0|0,0|1,0|0,0|0,0|0,0|0,0|0,0|0,0|0,0|0,0|0,0|0,0|0,0|0,0|0,0|0,0|0,0|0,0|0,0|0,0|0,0|0,0|0,0|0,0|0,0|0,0|0,1|0,0|0,0|0,0|0,0|0,1|0
15,78614724,.,G,T,.,PASS,AC=8;AN=5096;DP=21093;AF=0;EAS_AF=0;EUR_AF=0.01;AFR_AF=0;AMR_AF=0;SAS_AF=0;VT=SNP;NS=2548,GT,0|0,0|0,0|0,0|0,0|0,0|0,0|0,0|0,0|0,0|0,0|0,0|0,0|0,0|0,0|0,0|0,0|0,0|0,0|0,0|0,0|0,0|0,0|0,0|0,0|0,0|0,0|0,0|0,0|0,0|0,0|0,0|0,0|0,0|0,0|0,0|0,0|0,0|0,0|0,0|0,0|0,0|0,0|0,0|0,0|0,0|0,0|0,0|0,0|0,0|0,0|0,0|0,0|0,0|0,0|0,0|0,0|0,0|0,0|0,0|0,0|0,0|0,0|0,0|0,0|0,0|0,0|0,0|0,0|0,0|0,0|0,0|0,0|0,0|0,0|0,0|0,0|0,0|0,0|0,0|0,0|0,0|0,0|0,0|0,0|0,0|0,0|0,0|0,0|1,0|0,0|1,0|0,0|0,0|0,0|0,0|0,0|0,0|0,0|0,0|0,0|0,0|0,0|0,0|0,0|0,0|0,0|0,0|0
15,78615003,.,C,T,.,PASS,AC=3608;AN=5096;DP=20557;AF=0.71;EAS_AF=0.82;EUR_AF=0.65;AFR_AF=0.65;AMR_AF=0.8;SAS_AF=0.66;VT=SNP;NS=2548,GT,1|1,1|1,1|1,0|1,0|1,1|0,1|1,0|1,1|1,1|1,1|1,0|1,1|1,0|1,1|1,0|0,1|0,0|1,1|0,1|1,0|1,1|0,0|1,1|0,1|1,1|0,1|1,1|0,1|1,1|0,1|1,1|1,1|1,1|0,1|1,0|1,1|1,1|1,1|1,1|0,1|1,1|0,0|1,1|0,1|0,1|0,1|1,0|1,1|0,1|1,0|0,1|0,1|1,1|0,1|0,1|0,0|1,1|1,0|1,0|0,0|1,1|0,0|1,1|0,1|1,1|0,0|1,1|1,1|0,1|1,1|1,1|1,1|1,1|0,1|1,0|0,0|1,1|0,0|1,1|1,1|1,0|1,1|1,0|1,1|0,1|0,0|1,0|1,0|0,1|1,1|0,1|1,1|0,0|1,1|1,1|1,1|0,1|0,1|1,1|1,0|1,1|1,1|1,1|1,0|1,1|1,0|1,1|1
15,78615064,.,C,G,.,PASS,AC=2289;AN=5096;DP=19348;AF=0.45;EAS_AF=0.73;EUR_AF=0.24;AFR_AF=0.33;AMR_AF=0.55;SAS_AF=0.47;VT=SNP;NS=2548,GT,0|0,1|0,0|0,0|0,0|1,1|0,0|0,0|0,1|1,1|0,1|1,0|0,0|1,0|1,0|1,0|0,1|0,0|0,1|0,0|0,0|1,0|0,0|1,0|0,1|0,0|0,1|1,0|0,1|1,0|0,0|1,0|0,1|0,1|0,0|0,0|1,1|1,0|0,0|0,0|0,0|0,1|0,0|0,1|0,0|0,0|0,0|0,0|0,0|0,1|1,0|0,0|0,1|1,0|0,1|0,0|0,0|1,0|0,0|1,0|0,0|0,1|0,0|0,0|0,1|1,0|0,0|0,0|1,0|0,1|0,0|0,0|1,0|0,0|0,1|0,0|0,0|1,0|0,0|0,0|0,0|0,0|1,0|0,0|0,0|0,1|0,0|1,0|0,0|0,0|0,0|0,0|0,0|0,0|0,0|0,1|0,0|0,1|0,0|0,0|0,0|1,1|0,1|0,0|0,0|0,0|0,0|1,1|1
15,78615314,.,T,C,.,PASS,AC=2289;AN=5096;DP=23830;AF=0.45;EAS_AF=0.73;EUR_AF=0.24;AFR_AF=0.33;AMR_AF=0.55;SAS_AF=0.47;VT=SNP;NS=2548,GT,0|0,1|0,0|0,0|0,0|1,1|0,0|0,0|0,1|1,1|0,1|1,0|0,0|1,0|1,0|1,0|0,1|0,0|0,1|0,0|0,0|1,0|0,0|1,0|0,1|0,0|0,1|1,0|0,1|1,0|0,0|1,0|0,1|0,1|0,0|0,0|1,1|1,0|0,0|0,0|0,0|0,1|0,0|0,1|0,0|0,0|0,0|0,0|0,0|0,1|1,0|0,0|0,1|1,0|0,1|0,0|0,0|1,0|0,0|1,0|0,0|0,1|0,0|0,0|0,1|1,0|0,0|0,0|1,0|0,1|0,0|0,0|1,0|0,0|0,1|0,0|0,0|1,0|0,0|0,0|0,0|0,0|1,0|0,0|0,0|0,1|0,0|1,0|0,0|0,0|0,0|0,0|0,0|0,0|0,0|0,1|0,0|0,1|0,0|0,0|0,0|1,1|0,1|0,0|0,0|0,0|0,0|1,1|1
15,78615354,.,C,A,.,PASS,AC=21;AN=5096;DP=21803;AF=0;EAS_AF=0;EUR_AF=0.01;AFR_AF=0;AMR_AF=0.01;SAS_AF=0;VT=SNP;NS=2548,GT,0|0,0|0,0|0,0|0,0|0,0|0,0|0,0|0,0|0,0|0,0|0,0|0,0|0,1|0,0|0,0|0,0|0,0|0,0|0,0|0,0|0,0|0,0|0,0|0,0|0,0|0,0|0,0|0,0|0,0|0,0|0,0|0,0|0,0|0,0|0,0|0,0|0,0|0,0|0,0|0,0|0,0|0,0|0,0|0,0|0,0|1,0|0,0|0,0|0,0|0,0|0,0|0,0|0,0|0,0|0,0|0,0|0,0|0,0|0,0|0,0|0,0|0,0|0,0|0,0|0,0|0,0|0,0|0,0|0,0|0,0|0,0|0,0|0,0|0,0|0,0|0,0|0,0|0,0|0,0|0,0|0,0|0,0|0,0|0,0|0,0|0,0|0,0|0,0|0,0|0,0|0,0|0,0|0,0|0,0|0,0|0,0|0,0|0,0|0,0|0,0|0,0|0,0|0,0|0,0|0,0|0,0|0,0|0
15,78615394,.,G,A,.,PASS,AC=725;AN=5096;DP=20297;AF=0.14;EAS_AF=0.07;EUR_AF=0.12;AFR_AF=0.02;AMR_AF=0.18;SAS_AF=0.37;VT=SNP;NS=2548,GT,0|0,0|0,0|0,0|0,0|1,0|0,0|0,0|0,0|1,0|0,1|0,0|0,0|1,0|1,0|1,0|0,1|0,0|0,0|0,0|0,0|1,0|0,0|0,0|0,0|0,0|0,0|1,0|0,0|0,0|0,0|0,0|0,0|0,0|0,0|0,0|0,1|1,0|0,0|0,0|0,0|0,0|0,0|0,0|0,0|0,0|0,0|0,0|0,0|0,1|0,0|0,0|0,1|0,0|0,1|0,0|0,0|1,0|0,0|0,0|0,0|0,0|0,0|0,0|0,0|1,0|0,0|0,0|0,0|0,0|0,0|0,0|1,0|0,0|0,0|0,0|0,0|0,0|0,0|0,0|0,0|0,0|1,0|0,0|0,0|0,1|0,0|1,0|0,0|0,0|0,0|0,0|0,0|0,0|0,0|0,1|0,0|0,0|0,0|0,0|0,0|1,0|0,0|0,0|0,0|0,0|0,0|0,0|1
15,78615517,.,A,C,.,PASS,AC=2288;AN=5096;DP=19118;AF=0.45;EAS_AF=0.73;EUR_AF=0.24;AFR_AF=0.33;AMR_AF=0.55;SAS_AF=0.47;VT=SNP;NS=2548,GT,0|0,1|0,0|0,0|0,0|1,1|0,0|0,0|0,1|1,1|0,1|1,0|0,0|1,0|1,0|1,0|0,1|0,0|0,1|0,0|0,0|1,0|0,0|1,0|0,1|0,0|0,1|1,0|0,1|1,0|0,0|1,0|0,1|0,1|0,0|0,0|1,1|1,0|0,0|0,0|0,0|0,1|0,0|0,1|0,0|0,0|0,0|0,0|0,0|0,1|1,0|0,0|0,1|1,0|0,1|0,0|0,0|1,0|0,0|1,0|0,0|0,1|0,0|0,0|0,1|1,0|0,0|0,0|1,0|0,1|0,0|0,0|1,0|0,0|0,1|0,0|0,0|1,0|0,0|0,0|0,0|0,0|1,0|0,0|0,0|0,1|0,0|1,0|0,0|0,0|0,0|0,0|0,0|0,0|0,0|0,1|0,0|0,1|0,0|0,0|0,0|1,1|0,1|0,0|0,0|0,0|0,0|1,1|1
15,78615533,.,T,TC,.,PASS,AC=2285;AN=5096;DP=18528;AF=0.45;EAS_AF=0.73;EUR_AF=0.24;AFR_AF=0.32;AMR_AF=0.55;SAS_AF=0.47;VT=INDEL;NS=2548,GT,0|0,1|0,0|0,0|0,0|1,1|0,0|0,0|0,1|1,1|0,1|1,0|0,0|1,0|1,0|1,0|0,1|0,0|0,1|0,0|0,0|1,0|0,0|1,0|0,1|0,0|0,1|1,0|0,1|1,0|0,0|1,0|0,1|0,1|0,0|0,0|1,1|1,0|0,0|0,0|0,0|0,1|0,0|0,1|0,0|0,0|0,0|0,0|0,0|0,1|1,0|0,0|0,1|1,0|0,1|0,0|0,0|1,0|0,0|1,0|0,0|0,1|0,0|0,0|0,1|1,0|0,0|0,0|1,0|0,1|0,0|0,0|1,0|0,0|0,1|0,0|0,0|1,0|0,0|0,0|0,0|0,0|1,0|0,0|0,0|0,1|0,0|1,0|0,0|0,0|0,0|0,0|0,0|0,0|0,0|0,1|0,0|0,1|0,0|0,0|0,0|1,1|0,1|0,0|0,0|0,0|0,0|1,1|1
15,78615655,.,A,AT,.,PASS,AC=2286;AN=5096;DP=21486;AF=0.45;EAS_AF=0.73;EUR_AF=0.24;AFR_AF=0.32;AMR_AF=0.55;SAS_AF=0.47;VT=INDEL;NS=2548,GT,0|0,1|0,0|0,0|0,0|1,1|0,0|0,0|0,1|1,1|0,1|1,0|0,0|1,0|1,0|1,0|0,1|0,0|0,1|0,0|0,0|1,0|0,0|1,0|0,1|0,0|0,1|1,0|0,1|1,0|0,0|1,0|0,1|0,1|0,0|0,0|1,1|1,0|0,0|0,0|0,0|0,1|0,0|0,1|0,0|0,0|0,0|0,0|0,0|0,1|1,0|0,0|0,1|1,0|0,1|0,0|0,0|1,0|0,0|1,0|0,0|0,1|0,0|0,0|0,1|1,0|0,0|0,0|1,0|0,1|0,0|0,0|1,0|0,0|0,1|0,0|0,0|1,0|0,0|0,0|0,0|0,0|1,0|0,0|0,0|0,1|0,0|1,0|0,0|0,0|0,0|0,0|0,0|0,0|0,0|0,1|0,0|0,1|0,0|0,0|0,0|1,1|0,1|0,0|0,0|0,0|0,0|1,1|1
15,78615668,.,C,T,.,PASS,AC=1980;AN=5096;DP=20791;AF=0.39;EAS_AF=0.47;EUR_AF=0.24;AFR_AF=0.31;AMR_AF=0.55;SAS_AF=0.46;VT=SNP;NS=2548,GT,0|0,1|0,0|0,0|0,0|1,1|0,0|0,0|0,1|1,1|0,1|1,0|0,0|1,0|1,0|1,0|0,1|0,0|0,1|0,0|0,0|1,0|0,0|1,0|0,1|0,0|0,1|1,0|0,1|1,0|0,0|1,0|0,1|0,1|0,0|0,0|1,1|1,0|0,0|0,0|0,0|0,1|0,0|0,1|0,0|0,0|0,0|0,0|0,0|0,1|1,0|0,0|0,1|1,0|0,1|0,0|0,0|1,0|0,0|1,0|0,0|0,1|0,0|0,0|0,1|1,0|0,0|0,0|1,0|0,1|0,0|0,0|1,0|0,0|0,1|0,0|0,0|1,0|0,0|0,0|0,0|0,0|1,0|0,0|0,0|0,1|0,0|1,0|0,0|0,0|0,0|0,0|0,0|0,0|0,0|0,1|0,0|0,1|0,0|0,0|0,0|1,1|0,1|0,0|0,0|0,0|0,0|1,1|1
15,78615690,.,A,G,.,PASS,AC=2282;AN=5096;DP=19140;AF=0.45;EAS_AF=0.73;EUR_AF=0.24;AFR_AF=0.32;AMR_AF=0.55;SAS_AF=0.47;VT=SNP;NS=2548,GT,0|0,1|0,0|0,0|0,0|1,1|0,0|0,0|0,1|1,1|0,1|1,0|0,0|1,0|1,0|1,0|0,1|0,0|0,1|0,0|0,0|1,0|0,0|1,0|0,1|0,0|0,1|1,0|0,1|1,0|0,0|1,0|0,1|0,1|0,0|0,0|1,1|1,0|0,0|0,0|0,0|0,1|0,0|0,1|0,0|0,0|0,0|0,0|0,0|0,1|1,0|0,0|0,1|1,0|0,1|0,0|0,0|1,0|0,0|1,0|0,0|0,1|0,0|0,0|0,1|1,0|0,0|0,0|1,0|0,1|0,0|0,0|1,0|0,0|0,1|0,0|0,0|1,0|0,0|0,0|0,0|0,0|1,0|0,0|0,0|0,1|0,0|1,0|0,0|0,0|0,0|0,0|0,0|0,0|0,0|0,1|0,0|0,1|0,0|0,0|0,0|1,1|0,1|0,0|0,0|0,0|0,0|1,1|1
15,78615735,.,C,T,.,PASS,AC=755;AN=5096;DP=15099;AF=0.15;EAS_AF=0.33;EUR_AF=0.02;AFR_AF=0.11;AMR_AF=0.3;SAS_AF=0.03;VT=SNP;NS=2548,GT,0|0,0|0,0|0,0|0,0|0,0|0,0|0,0|0,0|0,1|0,0|0,0|0,0|0,0|0,0|0,0|0,0|0,0|0,0|0,0|0,0|0,0|0,0|0,0|0,0|0,0|0,0|0,0|0,0|1,0|0,0|0,0|0,0|0,0|0,0|0,0|0,0|0,0|0,0|0,0|0,0|0,0|0,0|0,0|0,0|0,0|0,0|0,0|0,0|0,0|1,0|0,0|0,0|0,0|0,0|0,0|0,0|1,0|0,0|0,0|0,0|0,0|0,0|0,0|0,0|0,0|0,0|0,0|0,0|0,0|0,0|0,0|0,0|0,0|0,0|0,0|0,0|0,0|0,0|0,0|0,0|0,0|0,0|0,0|0,0|0,0|0,0|0,0|0,0|0,0|0,0|0,0|0,0|0,0|0,0|0,0|0,0|0,1|0,0|0,0|0,0|0,0|0,0|0,0|0,0|0,0|0,0|0,0|0
15,78615738,.,TA,T,.,PASS,AC=128;AN=5096;DP=14726;AF=0.03;EAS_AF=0.02;EUR_AF=0.02;AFR_AF=0.02;AMR_AF=0.03;SAS_AF=0.03;VT=INDEL;NS=2548,GT,0|0,0|0,0|0,0|0,0|0,0|0,0|0,0|0,0|0,0|0,0|0,0|0,0|0,0|0,0|0,0|0,0|1,0|0,0|0,0|0,0|0,0|0,0|0,0|0,0|0,0|0,0|0,0|0,0|0,0|0,0|0,0|0,0|0,0|0,0|0,0|0,0|1,0|0,0|0,0|0,0|0,0|0,0|0,0|1,0|0,0|0,0|0,1|0,0|0,0|1,0|0,0|0,1|0,0|0,0|0,0|0,0|0,0|0,0|0,0|0,0|0,0|0,0|0,0|0,0|0,0|0,0|0,0|0,0|0,0|0,0|0,0|0,0|0,0|0,0|0,0|0,0|0,0|0,0|0,0|0,0|0,0|0,0|0,0|0,0|0,0|0,0|0,0|0,0|0,0|0,0|0,0|0,0|0,0|0,0|0,0|0,0|0,0|0,0|0,0|0,0|1,0|0,0|0,0|0,0|0,0|0,0|0,0|1
15,78615812,.,G,C,.,PASS,AC=2289;AN=5096;DP=11918;AF=0.45;EAS_AF=0.73;EUR_AF=0.24;AFR_AF=0.33;AMR_AF=0.55;SAS_AF=0.47;VT=SNP;NS=2548,GT,0|0,1|0,0|0,0|0,0|1,1|0,0|0,0|0,1|1,1|0,1|1,0|0,0|1,0|1,0|1,0|0,1|0,0|0,1|0,0|0,0|1,0|0,0|1,0|0,1|0,0|0,1|1,0|0,1|1,0|0,0|1,0|0,1|0,1|0,0|0,0|1,1|1,0|0,0|0,0|0,0|0,1|0,0|0,1|0,0|0,0|0,0|0,0|0,0|0,1|1,0|0,0|0,1|1,0|0,1|0,0|0,0|1,0|0,0|1,0|0,0|0,1|0,0|0,0|0,1|1,0|0,0|0,0|1,0|0,1|0,0|0,0|1,0|0,0|0,1|0,0|0,0|1,0|0,0|0,0|0,0|0,0|1,0|0,0|0,0|0,1|0,0|1,0|0,0|0,0|0,0|0,0|0,0|0,0|0,0|0,1|0,0|0,1|0,0|0,0|0,0|1,1|0,1|0,0|0,0|0,0|0,0|1,1|1
15,78615930,.,TG,T,.,PASS,AC=760;AN=5096;DP=12136;AF=0.15;EAS_AF=0.33;EUR_AF=0.02;AFR_AF=0.11;AMR_AF=0.31;SAS_AF=0.03;VT=INDEL;NS=2548,GT,0|0,0|0,0|0,0|0,0|0,0|0,0|0,0|0,0|0,1|0,0|0,0|0,0|0,0|0,0|0,0|0,0|0,0|0,0|0,0|0,0|0,0|0,0|0,0|0,0|0,0|0,0|0,0|0,0|1,0|0,0|0,0|0,0|0,0|0,0|0,0|0,0|0,0|0,0|0,0|0,0|0,0|0,0|0,0|0,0|0,0|0,0|0,0|0,0|0,0|1,0|0,0|0,0|0,0|0,0|0,0|0,0|1,0|0,0|0,0|0,0|0,0|0,0|0,0|0,0|0,0|0,0|0,0|0,0|0,0|0,0|0,0|0,0|0,0|0,0|0,0|0,0|0,0|0,0|0,0|0,0|0,0|0,0|0,0|0,0|0,0|0,0|0,0|0,0|0,0|0,0|0,0|0,0|0,0|0,0|0,0|0,0|0,1|0,0|0,0|0,0|0,0|0,0|0,0|0,0|0,0|0,0|0,0|0
15,78616025,.,A,G,.,PASS,AC=271;AN=5096;DP=12063;AF=0.05;EAS_AF=0.06;EUR_AF=0;AFR_AF=0.14;AMR_AF=0.02;SAS_AF=0;VT=SNP;NS=2548,GT,0|0,0|0,0|0,0|0,0|0,0|0,0|0,0|0,0|0,0|0,0|0,0|0,0|0,0|0,1|0,0|0,0|0,0|0,0|0,0|0,0|0,1|0,0|0,0|0,0|0,0|0,0|0,0|0,0|0,0|0,0|0,0|0,0|0,0|0,0|0,0|0,0|0,0|0,0|0,0|0,0|0,0|0,0|0,0|0,0|0,0|0,0|0,0|0,0|0,0|0,0|0,0|0,0|0,0|0,0|0,0|0,0|0,0|0,0|0,0|0,0|0,0|0,0|0,0|0,0|0,0|0,0|0,0|0,0|0,0|0,0|0,0|0,0|0,0|0,0|0,0|0,0|0,0|0,0|0,0|0,0|0,0|0,0|0,0|0,0|0,0|0,0|0,0|0,0|0,0|0,0|0,0|0,0|0,0|0,0|0,0|0,0|0,0|0,0|0,0|0,0|0,0|0,0|0,0|0,0|0,0|0,0|0,0|0
15,78616092,.,G,GC,.,PASS,AC=5096;AN=5096;DP=11176;AF=1;EAS_AF=1;EUR_AF=1;AFR_AF=1;AMR_AF=1;SAS_AF=1;VT=INDEL;NS=2548,GT,1|1,1|1,1|1,1|1,1|1,1|1,1|1,1|1,1|1,1|1,1|1,1|1,1|1,1|1,1|1,1|1,1|1,1|1,1|1,1|1,1|1,1|1,1|1,1|1,1|1,1|1,1|1,1|1,1|1,1|1,1|1,1|1,1|1,1|1,1|1,1|1,1|1,1|1,1|1,1|1,1|1,1|1,1|1,1|1,1|1,1|1,1|1,1|1,1|1,1|1,1|1,1|1,1|1,1|1,1|1,1|1,1|1,1|1,1|1,1|1,1|1,1|1,1|1,1|1,1|1,1|1,1|1,1|1,1|1,1|1,1|1,1|1,1|1,1|1,1|1,1|1,1|1,1|1,1|1,1|1,1|1,1|1,1|1,1|1,1|1,1|1,1|1,1|1,1|1,1|1,1|1,1|1,1|1,1|1,1|1,1|1,1|1,1|1,1|1,1|1,1|1,1|1,1|1,1|1,1|1,1|1,1|1,1|1
15,78616223,.,C,T,.,PASS,AC=1083;AN=5096;DP=11881;AF=0.21;EAS_AF=0.13;EUR_AF=0.22;AFR_AF=0.13;AMR_AF=0.24;SAS_AF=0.39;VT=SNP;NS=2548,GT,0|0,1|0,0|0,0|0,0|1,1|0,0|0,0|0,1|1,0|0,1|1,0|0,0|1,0|1,0|1,0|0,1|0,0|0,1|0,0|0,0|1,0|0,0|1,0|0,1|0,0|0,1|1,0|0,1|0,0|0,0|1,0|0,1|0,1|0,0|0,0|1,1|1,0|0,0|0,0|0,0|0,1|0,0|0,1|0,0|0,0|0,0|0,0|0,0|0,1|0,0|0,0|0,1|1,0|0,1|0,0|0,0|0,0|0,0|1,0|0,0|0,1|0,0|0,0|0,1|1,0|0,0|0,0|1,0|0,1|0,0|0,0|1,0|0,0|0,1|0,0|0,0|1,0|0,0|0,0|0,0|0,0|1,0|0,0|0,0|0,1|0,0|1,0|0,0|0,0|0,0|0,0|0,0|0,0|0,0|0,1|0,0|0,0|0,0|0,0|0,0|1,1|0,1|0,0|0,0|0,0|0,0|1,1|1
15,78616722,.,G,A,.,PASS,AC=6;AN=5096;DP=27857;AF=0;EAS_AF=0;EUR_AF=0;AFR_AF=0;AMR_AF=0;SAS_AF=0;VT=SNP;NS=2548,GT,0|0,0|0,0|0,0|0,0|1,0|0,0|0,0|0,0|0,0|0,0|0,0|0,0|0,0|0,0|0,0|0,0|0,0|0,0|0,0|0,0|0,0|0,0|0,0|0,0|0,0|0,0|0,0|0,0|0,0|0,0|0,0|0,0|0,0|0,0|0,0|0,0|0,0|0,0|0,0|0,0|0,0|0,0|0,0|0,0|0,0|0,0|0,0|0,0|0,0|0,0|0,0|0,0|0,0|0,0|0,0|0,0|0,0|0,0|0,0|0,0|0,0|0,0|0,0|0,0|0,0|0,0|0,0|0,0|0,0|0,0|0,0|0,0|0,0|0,0|0,0|0,0|0,0|0,0|0,0|0,0|0,0|0,0|0,0|0,0|0,0|0,0|0,0|0,0|0,0|0,0|0,0|0,0|0,0|0,0|0,0|0,0|0,0|0,0|0,0|0,0|0,0|0,0|0,0|0,0|0,0|0,0|0,0|0
15,78616728,.,A,G,.,PASS,AC=2307;AN=5096;DP=28253;AF=0.45;EAS_AF=0.73;EUR_AF=0.24;AFR_AF=0.33;AMR_AF=0.56;SAS_AF=0.48;VT=SNP;NS=2548,GT,0|0,1|0,0|0,0|0,0|1,1|0,0|0,0|0,1|1,1|0,1|1,0|0,0|1,0|1,0|1,0|0,1|0,0|0,1|0,0|0,0|1,0|0,0|1,0|0,1|0,0|0,1|1,0|0,1|1,0|0,0|1,0|0,1|0,1|0,0|0,0|1,1|1,0|0,0|0,0|0,0|0,1|0,0|0,1|0,0|0,0|0,0|0,0|0,0|0,1|1,0|0,0|0,1|1,0|0,1|0,0|0,0|1,0|0,0|1,0|0,0|0,1|0,0|0,0|0,1|1,0|0,0|0,0|1,0|0,1|0,0|0,0|1,0|0,0|0,1|0,0|0,0|1,0|0,0|0,0|0,0|0,0|1,0|0,0|0,0|0,1|0,0|1,0|0,0|0,0|0,0|0,0|0,0|0,0|0,0|0,1|0,0|0,1|0,0|0,0|0,0|1,1|0,1|0,0|0,0|0,0|0,0|1,1|1
15,78617008,.,C,T,.,PASS,AC=1;AN=5096;DP=164187;AF=0;EAS_AF=0;EUR_AF=0;AFR_AF=0;AMR_AF=0;SAS_AF=0;EX_TARGET;VT=SNP;NS=2548,GT,0|0,0|0,0|0,0|0,0|0,0|0,0|0,0|0,0|0,0|0,0|0,0|0,0|0,0|0,0|0,0|0,0|0,0|0,0|0,0|0,0|0,0|0,0|0,0|0,1|0,0|0,0|0,0|0,0|0,0|0,0|0,0|0,0|0,0|0,0|0,0|0,0|0,0|0,0|0,0|0,0|0,0|0,0|0,0|0,0|0,0|0,0|0,0|0,0|0,0|0,0|0,0|0,0|0,0|0,0|0,0|0,0|0,0|0,0|0,0|0,0|0,0|0,0|0,0|0,0|0,0|0,0|0,0|0,0|0,0|0,0|0,0|0,0|0,0|0,0|0,0|0,0|0,0|0,0|0,0|0,0|0,0|0,0|0,0|0,0|0,0|0,0|0,0|0,0|0,0|0,0|0,0|0,0|0,0|0,0|0,0|0,0|0,0|0,0|0,0|0,0|0,0|0,0|0,0|0,0|0,0|0,0|0,0|0
15,78617016,.,C,G,.,PASS,AC=269;AN=5096;DP=175001;AF=0.05;EAS_AF=0.06;EUR_AF=0;AFR_AF=0.14;AMR_AF=0.02;SAS_AF=0;EX_TARGET;VT=SNP;NS=2548,GT,0|0,0|0,0|0,0|0,0|0,0|0,0|0,0|0,0|0,0|0,0|0,0|0,0|0,0|0,1|0,0|0,0|0,0|0,0|0,0|0,0|0,1|0,0|0,0|0,0|0,0|0,0|0,0|0,0|0,0|0,0|0,0|0,0|0,0|0,0|0,0|0,0|0,0|0,0|0,0|0,0|0,0|0,0|0,0|0,0|0,0|0,0|0,0|0,0|0,0|0,0|0,0|0,0|0,0|0,0|0,0|0,0|0,0|0,0|0,0|0,0|0,0|0,0|0,0|0,0|0,0|0,0|0,0|0,0|0,0|0,0|0,0|0,0|0,0|0,0|0,0|0,0|0,0|0,0|0,0|0,0|0,0|0,0|0,0|0,0|0,0|0,0|0,0|0,0|0,0|0,0|0,0|0,0|0,0|0,0|0,0|0,0|0,0|0,0|0,0|0,0|0,0|0,0|0,0|0,0|0,0|0,0|0,0|0
15,78617056,.,C,T,.,PASS,AC=33;AN=5096;DP=224112;AF=0.01;EAS_AF=0;EUR_AF=0.02;AFR_AF=0;AMR_AF=0.01;SAS_AF=0;EX_TARGET;VT=SNP;NS=2548,GT,0|0,0|0,0|0,0|0,0|0,0|0,0|0,0|0,0|0,0|0,0|0,0|0,0|0,0|0,0|0,0|0,0|0,0|0,0|0,0|0,0|0,0|0,0|0,0|0,0|0,0|0,0|0,0|0,0|0,0|0,0|0,0|0,0|0,0|0,0|0,0|0,0|0,0|0,0|0,0|0,0|0,0|0,0|0,0|0,0|0,0|0,0|0,0|0,0|0,0|0,0|0,0|0,0|0,0|0,0|0,0|0,0|0,0|0,0|0,0|0,0|0,0|0,0|1,0|0,0|0,0|0,0|0,0|0,0|0,0|0,0|0,0|0,1|1,0|0,0|0,0|0,0|0,0|0,0|0,1|1,0|0,0|0,1|0,0|0,0|0,0|0,0|0,0|0,0|0,0|0,0|0,0|0,1|0,0|0,0|0,0|0,0|0,0|0,0|0,0|0,0|0,0|0,0|0,0|0,0|0,0|0,0|0,0|0
15,78617110,.,T,C,.,PASS,AC=3229;AN=5096;DP=229103;AF=0.63;EAS_AF=0.55;EUR_AF=0.66;AFR_AF=0.57;AMR_AF=0.8;SAS_AF=0.66;EX_TARGET;VT=SNP;NS=2548,GT,1|1,1|1,1|1,0|1,0|1,1|0,1|1,0|1,1|1,1|1,1|1,0|1,1|1,0|1,1|1,0|0,1|0,0|1,1|0,1|1,0|1,1|0,0|1,1|0,1|1,1|0,1|1,1|0,1|1,1|0,1|1,1|1,1|1,1|0,1|1,0|1,1|1,1|1,1|1,1|0,1|1,1|0,0|1,1|0,1|0,1|0,1|1,0|1,1|0,1|1,0|0,1|1,1|1,1|0,1|1,1|0,0|1,1|1,0|1,0|0,1|1,1|0,0|1,1|0,1|1,1|0,0|1,1|1,1|0,1|1,1|1,1|1,1|1,1|0,1|1,0|0,0|1,1|0,0|1,1|1,1|1,0|1,1|1,0|1,1|0,1|0,0|1,0|1,1|0,1|1,1|0,1|1,1|0,0|1,1|1,1|1,1|0,1|1,1|1,1|1,0|1,1|1,1|1,1|1,0|1,1|1,0|1,1|1
15,78617138,.,G,A,.,PASS,AC=3220;AN=5096;DP=188107;AF=0.63;EAS_AF=0.55;EUR_AF=0.65;AFR_AF=0.57;AMR_AF=0.8;SAS_AF=0.66;EX_TARGET;VT=SNP;NS=2548,GT,1|1,1|1,1|1,0|1,0|1,1|0,1|1,0|1,1|1,1|1,1|1,0|1,1|1,0|1,1|1,0|0,1|0,0|1,1|0,1|1,0|1,1|0,0|1,1|0,1|1,1|0,1|1,1|0,1|1,1|0,1|1,1|1,1|1,1|0,1|1,0|1,1|1,1|1,1|1,1|0,1|1,1|0,0|1,1|0,1|0,1|0,1|1,0|1,1|0,1|1,0|0,1|1,1|1,1|0,1|0,1|0,0|1,1|1,0|1,0|0,1|1,1|0,0|1,1|0,1|1,1|0,0|1,1|1,1|0,1|1,1|1,1|1,1|1,1|0,1|1,0|0,0|1,1|0,0|1,1|1,1|1,0|1,1|1,0|1,1|0,1|0,0|1,0|1,1|0,1|1,1|0,1|1,1|0,0|1,1|1,1|1,1|0,1|1,1|1,1|1,0|1,1|1,1|1,1|1,0|1,1|1,0|1,1|1
15,78617197,.,G,T,.,PASS,AC=3148;AN=5096;DP=102768;AF=0.62;EAS_AF=0.55;EUR_AF=0.65;AFR_AF=0.52;AMR_AF=0.8;SAS_AF=0.66;VT=SNP;NS=2548,GT,1|1,1|1,1|1,0|1,0|1,1|0,1|1,0|1,1|1,1|1,1|1,0|1,1|1,0|1,1|1,0|0,1|0,0|1,1|0,1|1,0|1,1|0,0|1,1|0,1|1,1|0,1|1,1|0,1|1,1|0,1|1,1|1,1|1,1|0,1|1,0|1,1|1,1|1,1|1,1|0,1|1,1|0,0|1,1|0,1|0,1|0,1|1,0|1,1|0,1|1,0|0,1|1,1|1,1|0,1|0,1|0,0|1,1|1,0|1,0|0,1|1,1|0,0|1,1|0,1|1,1|0,0|1,1|1,1|0,1|1,1|1,1|1,1|1,1|0,1|1,0|0,0|1,1|0,0|1,1|1,1|1,0|1,1|1,0|1,1|0,1|0,0|1,0|1,1|0,1|1,1|0,1|1,1|0,0|1,1|1,1|1,1|0,1|1,1|1,1|1,0|1,1|1,1|1,1|1,0|1,1|1,0|1,1|1
15,78617301,.,A,T,.,PASS,AC=1;AN=5096;DP=44930;AF=0;EAS_AF=0;EUR_AF=0;AFR_AF=0;AMR_AF=0;SAS_AF=0;VT=SNP;NS=2548,GT,0|0,0|0,0|0,0|0,0|0,0|0,0|0,0|0,0|0,0|0,0|0,0|0,0|0,0|0,0|0,0|0,0|0,0|0,0|0,0|0,0|0,0|0,0|0,0|0,0|0,0|0,0|0,0|0,0|0,0|0,0|0,0|0,0|0,0|0,0|0,0|0,0|0,0|0,0|0,0|0,0|0,0|0,0|0,0|0,0|0,0|0,0|0,0|0,0|0,0|0,0|0,0|0,0|0,0|0,0|0,0|0,0|0,0|0,0|0,0|0,0|0,0|0,0|0,0|0,0|0,0|0,0|0,0|0,0|0,0|0,0|0,0|0,0|0,0|0,0|0,0|0,0|0,0|0,0|0,0|0,0|0,0|0,0|0,0|0,0|0,0|0,1|0,0|0,0|0,0|0,0|0,0|0,0|0,0|0,0|0,0|0,0|0,0|0,0|0,0|0,0|0,0|0,0|0,0|0,0|0,0|0,0|0,0|0
15,78617681,.,A,C,.,PASS,AC=1;AN=5096;DP=23005;AF=0;EAS_AF=0;EUR_AF=0;AFR_AF=0;AMR_AF=0;SAS_AF=0;VT=SNP;NS=2548,GT,0|0,0|0,0|0,0|0,0|0,0|0,0|0,0|0,0|0,0|0,0|0,0|0,0|0,0|0,0|0,0|0,0|0,0|0,0|0,0|0,0|0,0|0,0|0,0|0,0|0,0|0,0|0,0|0,1|0,0|0,0|0,0|0,0|0,0|0,0|0,0|0,0|0,0|0,0|0,0|0,0|0,0|0,0|0,0|0,0|0,0|0,0|0,0|0,0|0,0|0,0|0,0|0,0|0,0|0,0|0,0|0,0|0,0|0,0|0,0|0,0|0,0|0,0|0,0|0,0|0,0|0,0|0,0|0,0|0,0|0,0|0,0|0,0|0,0|0,0|0,0|0,0|0,0|0,0|0,0|0,0|0,0|0,0|0,0|0,0|0,0|0,0|0,0|0,0|0,0|0,0|0,0|0,0|0,0|0,0|0,0|0,0|0,0|0,0|0,0|0,0|0,0|0,0|0,0|0,0|0,0|0,0|0,0|0
15,78617760,.,T,C,.,PASS,AC=15;AN=5096;DP=24204;AF=0;EAS_AF=0;EUR_AF=0.01;AFR_AF=0;AMR_AF=0;SAS_AF=0;VT=SNP;NS=2548,GT,1|0,0|0,0|0,0|0,0|0,0|0,0|0,0|0,0|0,0|0,0|0,0|1,0|0,0|0,0|0,0|0,0|0,0|0,0|0,0|0,0|0,0|0,0|0,0|0,0|1,0|0,0|0,0|0,0|0,0|0,0|0,0|0,0|0,0|0,0|0,0|0,0|0,0|0,0|0,0|0,0|0,0|0,0|1,0|0,0|0,0|0,0|0,0|0,0|0,0|0,0|0,0|0,0|0,0|0,0|0,0|0,0|0,0|0,0|0,0|0,0|0,0|0,0|0,0|0,0|0,0|0,0|0,0|0,0|0,0|0,0|0,0|0,0|0,0|0,0|0,0|0,0|0,0|0,0|0,0|0,0|0,0|0,0|0,0|0,0|0,0|0,0|0,0|0,0|0,0|0,0|0,0|0,0|0,0|0,0|0,0|0,0|0,0|0,0|0,0|0,0|0,0|0,0|0,0|0,0|0,0|0,0|0,0|0
15,78617916,.,C,T,.,PASS,AC=1870;AN=5096;DP=25590;AF=0.37;EAS_AF=0.47;EUR_AF=0.23;AFR_AF=0.24;AMR_AF=0.52;SAS_AF=0.46;VT=SNP;NS=2548,GT,0|0,1|0,0|0,0|0,0|1,1|0,0|0,0|0,1|1,1|0,1|1,0|0,0|1,0|1,0|1,0|0,1|0,0|0,1|0,0|0,0|1,0|0,0|1,0|0,1|0,0|0,1|1,0|0,1|1,0|0,0|1,0|0,1|0,1|0,0|0,0|1,1|1,0|0,0|0,0|0,0|0,1|0,0|0,1|0,0|0,0|0,0|0,0|0,0|0,1|1,0|0,0|0,1|1,0|0,1|0,0|0,0|1,0|0,0|1,0|0,0|0,1|0,0|0,0|0,1|1,0|0,0|0,0|1,0|0,1|0,0|0,0|1,0|0,0|0,1|0,0|0,0|1,0|0,0|0,0|0,0|0,0|1,0|0,0|0,0|0,1|0,0|1,0|0,0|0,0|0,0|0,0|0,0|0,0|0,0|0,1|0,0|0,1|0,0|0,0|0,0|1,1|0,1|0,0|0,0|0,0|0,0|1,1|1
15,78617925,.,C,A,.,PASS,AC=986;AN=5096;DP=25480;AF=0.19;EAS_AF=0.12;EUR_AF=0.21;AFR_AF=0.08;AMR_AF=0.21;SAS_AF=0.39;VT=SNP;NS=2548,GT,0|0,1|0,0|0,0|0,0|1,1|0,0|0,0|0,1|1,0|0,1|1,0|0,0|1,0|1,0|1,0|0,1|0,0|0,0|0,0|0,0|1,0|0,0|1,0|0,1|0,0|0,1|1,0|0,1|0,0|0,0|1,0|0,1|0,1|0,0|0,0|1,1|1,0|0,0|0,0|0,0|0,1|0,0|0,1|0,0|0,0|0,0|0,0|0,0|0,1|0,0|0,0|0,1|1,0|0,1|0,0|0,0|0,0|0,0|1,0|0,0|0,1|0,0|0,0|0,1|1,0|0,0|0,0|1,0|0,1|0,0|0,0|1,0|0,0|0,1|0,0|0,0|1,0|0,0|0,0|0,0|0,0|1,0|0,0|0,0|0,1|0,0|1,0|0,0|0,0|0,0|0,0|0,0|0,0|0,0|0,1|0,0|0,0|0,0|0,0|0,0|1,1|0,1|0,0|0,0|0,0|0,0|1,1|1
15,78618120,.,A,G,.,PASS,AC=2427;AN=5096;DP=22456;AF=0.48;EAS_AF=0.53;EUR_AF=0.28;AFR_AF=0.54;AMR_AF=0.56;SAS_AF=0.48;VT=SNP;NS=2548,GT,0|0,1|0,0|0,0|0,0|1,1|0,1|0,0|0,1|1,1|0,1|1,0|0,0|1,0|1,1|1,0|0,1|0,0|0,1|0,0|0,0|1,1|0,0|1,0|0,1|0,0|0,1|1,0|0,1|1,0|0,0|1,0|0,1|0,1|0,0|0,0|1,1|1,0|0,0|0,0|0,1|0,1|0,0|0,1|0,0|0,1|0,0|0,0|0,0|0,1|1,0|0,1|1,1|1,1|0,1|0,0|0,0|1,0|0,0|0,0|0,1|0,1|0,0|0,0|0,1|1,0|0,0|0,0|1,0|0,1|0,0|0,0|1,0|0,0|0,1|0,0|0,0|1,0|0,0|0,0|0,0|0,0|1,0|0,0|0,0|0,1|0,0|1,0|0,1|0,0|0,1|0,0|0,0|0,0|1,0|0,1|0,0|0,1|1,0|0,0|0,0|1,0|0,1|0,0|1,0|0,0|0,0|1,1|1
15,78618121,.,G,C,.,PASS,AC=2427;AN=5096;DP=22452;AF=0.48;EAS_AF=0.53;EUR_AF=0.28;AFR_AF=0.54;AMR_AF=0.56;SAS_AF=0.48;VT=SNP;NS=2548,GT,0|0,1|0,0|0,0|0,0|1,1|0,1|0,0|0,1|1,1|0,1|1,0|0,0|1,0|1,1|1,0|0,1|0,0|0,1|0,0|0,0|1,1|0,0|1,0|0,1|0,0|0,1|1,0|0,1|1,0|0,0|1,0|0,1|0,1|0,0|0,0|1,1|1,0|0,0|0,0|0,1|0,1|0,0|0,1|0,0|0,1|0,0|0,0|0,0|0,1|1,0|0,1|1,1|1,1|0,1|0,0|0,0|1,0|0,0|0,0|0,1|0,1|0,0|0,0|0,1|1,0|0,0|0,0|1,0|0,1|0,0|0,0|1,0|0,0|0,1|0,0|0,0|1,0|0,0|0,0|0,0|0,0|1,0|0,0|0,0|0,1|0,0|1,0|0,1|0,0|0,1|0,0|0,0|0,0|1,0|0,1|0,0|0,1|1,0|0,0|0,0|1,0|0,1|0,0|1,0|0,0|0,0|1,1|1
15,78618247,.,G,GA,.,PASS,AC=352;AN=5096;DP=27335;AF=0.07;EAS_AF=0.06;EUR_AF=0.04;AFR_AF=0.15;AMR_AF=0.03;SAS_AF=0.02;VT=INDEL;NS=2548,GT,0|0,0|0,0|0,0|0,0|0,0|0,1|0,0|0,0|0,0|0,0|0,0|0,0|0,0|0,1|0,0|0,0|0,0|0,0|0,0|0,0|0,1|0,0|0,0|0,0|0,0|0,0|0,0|0,0|0,0|0,0|0,0|0,0|0,0|0,0|0,0|0,0|0,0|0,0|0,0|0,1|0,0|0,0|0,0|0,0|0,0|0,0|0,0|0,0|0,0|0,0|0,1|1,0|0,1|0,0|0,0|0,0|0,0|0,0|0,0|0,1|0,0|0,0|0,0|0,0|0,0|0,0|0,0|0,0|0,0|0,0|0,0|0,0|0,0|0,0|0,0|0,0|0,0|0,0|0,0|0,0|0,0|0,0|0,0|0,0|0,0|0,0|0,0|0,1|0,0|0,1|0,0|0,0|0,0|1,0|0,0|0,0|0,0|1,0|0,0|0,0|0,0|0,0|0,0|1,0|0,0|0,0|0,0|0
15,78618256,.,C,CT,.,PASS,AC=1896;AN=5096;DP=28491;AF=0.37;EAS_AF=0.47;EUR_AF=0.23;AFR_AF=0.26;AMR_AF=0.52;SAS_AF=0.46;VT=INDEL;NS=2548,GT,0|0,1|0,0|0,0|0,0|1,1|0,0|0,0|0,1|1,1|0,1|1,0|0,0|1,0|1,0|1,0|0,1|0,0|0,1|0,0|0,0|1,0|0,0|1,0|0,1|0,0|0,1|1,0|0,1|1,0|0,0|1,0|0,1|0,1|0,0|0,0|1,1|1,0|0,0|0,0|0,0|0,1|0,0|0,1|0,0|0,0|0,0|0,0|0,0|0,1|1,0|0,0|0,1|1,0|0,1|0,0|0,0|1,0|0,0|1,0|0,0|0,1|0,0|0,0|0,1|1,0|0,0|0,0|1,0|0,1|0,0|0,0|1,0|0,0|0,1|0,0|0,0|1,0|0,0|0,0|0,0|0,0|1,0|0,0|0,0|0,1|0,0|1,0|0,0|0,0|0,0|0,0|0,0|0,0|0,0|0,1|0,0|0,1|0,0|0,0|0,0|1,1|0,1|0,0|0,0|0,0|0,0|1,1|1
15,78618696,.,C,CA,.,PASS,AC=359;AN=5096;DP=266443;AF=0.07;EAS_AF=0.06;EUR_AF=0.04;AFR_AF=0.16;AMR_AF=0.03;SAS_AF=0.02;EX_TARGET;VT=INDEL;NS=2548,GT,0|0,0|0,0|0,0|0,0|0,0|0,1|0,0|0,0|0,0|0,0|0,0|0,0|0,0|0,1|0,0|0,0|0,0|0,0|0,0|0,0|0,1|0,0|0,0|0,0|0,0|0,0|0,0|0,0|0,0|0,0|0,0|0,0|0,0|0,0|0,0|0,0|0,0|0,0|0,0|0,1|0,0|0,0|0,0|0,0|0,0|0,0|0,0|0,0|0,0|0,0|0,1|1,0|0,1|0,0|0,0|0,0|0,0|0,0|0,0|0,1|0,0|0,0|0,0|0,0|0,0|0,0|0,0|0,0|0,0|0,0|0,0|0,0|0,0|0,0|0,0|0,0|0,0|0,0|0,0|0,0|0,0|0,0|0,0|0,0|0,0|0,0|0,0|0,1|0,0|0,1|0,0|0,0|0,0|1,0|0,0|0,0|0,0|1,0|0,0|0,0|0,0|0,0|0,0|1,0|0,0|0,0|0,0|0
15,78618839,.,T,C,.,PASS,AC=1674;AN=5096;DP=263844;AF=0.33;EAS_AF=0.36;EUR_AF=0.42;AFR_AF=0.35;AMR_AF=0.28;SAS_AF=0.21;EX_TARGET;VT=SNP;NS=2548,GT,1|1,0|1,1|1,0|1,0|0,0|0,1|0,0|1,0|0,0|1,0|0,0|1,1|0,0|0,1|0,0|0,0|0,0|1,0|0,1|1,0|0,1|0,0|0,1|0,0|1,1|0,0|0,1|0,0|0,1|0,1|0,1|1,0|1,0|0,1|1,0|0,0|0,1|1,1|1,1|0,1|1,0|0,0|1,0|0,1|0,1|0,1|1,0|1,1|0,0|0,0|0,1|1,0|0,1|0,0|0,1|0,0|0,0|1,0|0,0|0,1|1,0|0,0|1,1|0,0|0,1|0,0|1,1|0,1|0,0|1,1|1,1|0,1|1,1|0,0|1,0|0,0|0,1|0,0|1,1|1,1|1,0|0,1|1,0|1,1|0,0|0,0|0,0|1,1|0,1|1,1|0,1|1,1|0,0|1,1|1,0|1,1|0,0|1,1|1,1|1,0|0,0|1,0|1,1|1,0|1,1|1,0|0,0|0
15,78618860,.,G,A,.,PASS,AC=1;AN=5096;DP=252391;AF=0;EAS_AF=0;EUR_AF=0;AFR_AF=0;AMR_AF=0;SAS_AF=0;EX_TARGET;VT=SNP;NS=2548,GT,0|0,0|0,0|0,0|0,0|0,0|0,0|0,0|0,0|0,0|0,0|0,0|0,0|0,0|0,0|0,0|0,0|0,0|0,0|0,0|0,0|1,0|0,0|0,0|0,0|0,0|0,0|0,0|0,0|0,0|0,0|0,0|0,0|0,0|0,0|0,0|0,0|0,0|0,0|0,0|0,0|0,0|0,0|0,0|0,0|0,0|0,0|0,0|0,0|0,0|0,0|0,0|0,0|0,0|0,0|0,0|0,0|0,0|0,0|0,0|0,0|0,0|0,0|0,0|0,0|0,0|0,0|0,0|0,0|0,0|0,0|0,0|0,0|0,0|0,0|0,0|0,0|0,0|0,0|0,0|0,0|0,0|0,0|0,0|0,0|0,0|0,0|0,0|0,0|0,0|0,0|0,0|0,0|0,0|0,0|0,0|0,0|0,0|0,0|0,0|0,0|0,0|0,0|0,0|0,0|0,0|0,0|0,0|0
15,78618888,.,C,T,.,PASS,AC=77;AN=5096;DP=237290;AF=0.02;EAS_AF=0;EUR_AF=0.04;AFR_AF=0.01;AMR_AF=0.02;SAS_AF=0.01;EX_TARGET;VT=SNP;NS=2548,GT,0|0,0|0,0|0,0|0,0|0,0|0,1|0,0|0,0|0,0|0,0|0,0|0,0|0,0|0,0|0,0|0,0|0,0|0,0|0,0|0,0|0,0|0,0|0,0|0,0|0,0|0,0|0,0|0,0|0,0|0,0|0,0|0,0|0,0|0,0|0,0|0,0|0,0|0,0|0,0|0,1|0,0|0,0|0,0|0,0|0,0|0,0|0,0|0,0|0,0|0,0|0,1|1,0|0,1|0,0|0,0|0,0|0,0|0,0|0,0|0,1|0,0|0,0|0,0|0,0|0,0|0,0|0,0|0,0|0,0|0,0|0,0|0,0|0,0|0,0|0,0|0,0|0,0|0,0|0,0|0,0|0,0|0,0|0,0|0,0|0,0|0,0|0,0|0,1|0,0|0,1|0,0|0,0|0,0|1,0|0,0|0,0|0,0|1,0|0,0|0,0|0,0|0,0|0,0|1,0|0,0|0,0|0,0|0
15,78618919,.,T,C,.,PASS,AC=5029;AN=5096;DP=201013;AF=0.99;EAS_AF=1;EUR_AF=1;AFR_AF=0.95;AMR_AF=0.99;SAS_AF=1;EX_TARGET;VT=SNP;NS=2548,GT,1|1,1|1,1|1,1|1,1|1,1|1,1|1,1|1,1|1,1|1,1|1,1|1,1|1,1|1,1|1,1|1,1|1,1|1,1|1,1|1,1|1,1|1,1|1,1|1,1|1,1|1,1|1,1|1,1|1,1|1,1|1,1|1,1|1,1|1,1|1,1|1,1|1,1|1,1|1,1|1,1|1,1|1,1|1,1|1,1|1,1|1,1|1,1|1,1|1,1|1,1|1,1|1,1|1,1|1,1|1,1|1,1|1,1|1,1|1,1|1,1|1,1|1,1|1,1|1,1|1,1|1,1|1,1|1,1|1,1|1,1|1,1|1,1|1,1|1,1|1,1|1,1|1,1|1,1|1,1|1,1|1,1|1,1|1,1|1,1|1,1|1,1|1,1|1,1|1,1|1,1|1,1|1,1|1,1|1,1|1,1|1,1|1,1|1,1|1,1|1,1|1,1|1,1|1,1|1,1|1,1|1,1|1,1|1
15,78619330,.,G,C,.,PASS,AC=1305;AN=5096;DP=26909;AF=0.26;EAS_AF=0.3;EUR_AF=0.37;AFR_AF=0.18;AMR_AF=0.25;SAS_AF=0.19;VT=SNP;NS=2548,GT,1|1,0|1,1|1,0|1,0|0,0|0,0|0,0|1,0|0,0|1,0|0,0|1,1|0,0|0,0|0,0|0,0|0,0|1,0|0,1|1,0|0,0|0,0|0,1|0,0|1,1|0,0|0,1|0,0|0,1|0,1|0,1|1,0|1,0|0,1|1,0|0,0|0,1|1,1|1,1|0,0|1,0|0,0|1,0|0,1|0,1|0,1|1,0|1,1|0,0|0,0|0,0|0,0|0,0|0,0|0,1|0,0|0,0|1,0|0,0|0,0|1,0|0,0|1,1|0,0|0,1|0,0|1,1|0,1|0,0|1,1|1,1|0,1|1,1|0,0|1,0|0,0|0,1|0,0|1,1|1,1|1,0|0,1|1,0|1,1|0,0|0,0|0,0|1,0|0,1|1,0|0,1|1,1|0,0|0,1|1,0|1,1|0,0|0,1|1,1|1,0|0,0|1,0|1,1|0,0|1,1|1,0|0,0|0
15,78619351,.,G,A,.,PASS,AC=8;AN=5096;DP=25904;AF=0;EAS_AF=0;EUR_AF=0;AFR_AF=0;AMR_AF=0.01;SAS_AF=0;VT=SNP;NS=2548,GT,0|0,0|0,0|0,0|0,0|0,0|0,0|0,0|0,0|0,0|0,0|0,0|0,0|0,0|0,0|0,0|0,0|0,0|0,0|0,0|0,0|0,0|0,0|0,0|0,0|0,0|0,0|0,0|0,0|0,0|0,0|1,0|0,0|0,0|0,0|0,0|0,0|0,0|0,0|0,0|0,0|0,0|0,0|0,0|0,0|0,0|0,0|0,0|0,0|0,0|0,0|0,0|0,0|0,0|0,0|0,0|0,0|0,0|0,0|0,0|0,0|0,0|0,0|0,0|0,0|0,0|0,0|0,0|0,0|0,0|0,0|0,0|0,0|0,0|0,0|0,0|0,0|1,0|0,0|0,0|0,0|0,0|0,0|0,0|0,0|0,0|0,0|0,0|0,0|0,0|0,0|0,0|0,0|0,0|0,0|0,0|0,0|0,0|0,0|0,0|0,0|0,0|0,0|0,0|0,0|0,0|0,0|0,0|0
15,78619438,.,G,A,.,PASS,AC=1075;AN=5096;DP=22849;AF=0.21;EAS_AF=0.17;EUR_AF=0.35;AFR_AF=0.06;AMR_AF=0.18;SAS_AF=0.32;VT=SNP;NS=2548,GT,0|0,0|0,0|0,1|0,1|0,0|1,0|1,1|0,0|0,0|0,0|0,1|0,0|0,1|0,0|0,1|1,0|1,1|0,0|1,0|0,1|0,0|1,1|0,0|1,0|0,0|1,0|0,0|1,0|0,0|1,0|0,0|0,1|0,0|1,0|0,1|0,0|0,0|0,0|0,0|1,0|0,0|1,1|0,0|1,0|1,0|1,0|0,1|0,0|1,0|0,1|1,0|0,0|0,0|1,0|1,0|1,1|0,1|0,1|0,1|1,0|0,0|1,1|0,0|1,0|0,0|1,1|0,0|0,0|1,0|0,0|0,0|0,0|0,0|1,0|0,1|1,1|0,0|1,1|0,0|0,0|0,1|0,0|0,1|0,0|1,0|1,1|0,1|0,0|1,0|0,0|1,0|0,0|1,1|0,0|0,0|0,0|1,0|0,0|0,0|0,1|0,0|0,0|0,0|0,1|0,0|0,1|0,0|0
15,78619481,.,T,C,.,PASS,AC=14;AN=5096;DP=20521;AF=0;EAS_AF=0;EUR_AF=0.01;AFR_AF=0;AMR_AF=0;SAS_AF=0;VT=SNP;NS=2548,GT,0|0,0|0,0|0,0|0,0|0,0|0,0|0,0|0,0|0,0|0,0|0,0|0,0|0,0|0,0|0,0|0,0|0,0|0,0|0,0|0,0|0,0|0,0|0,0|0,0|0,0|1,0|0,0|0,0|0,0|0,0|0,0|0,0|0,0|0,0|0,0|0,0|0,0|0,0|0,0|0,0|0,0|0,0|0,0|0,0|0,0|0,0|0,0|0,0|1,0|0,0|0,0|0,0|0,0|0,0|0,0|0,0|0,0|0,0|0,0|0,0|0,0|0,0|0,0|0,0|0,0|0,0|0,0|0,0|0,0|0,0|0,0|0,0|0,0|0,0|0,0|0,0|0,0|0,0|0,0|0,0|0,0|0,0|0,0|0,0|0,0|0,0|0,0|0,0|0,0|0,0|0,0|0,0|0,0|0,0|0,0|0,0|0,0|0,0|0,0|0,0|0,0|0,0|0,0|0,0|0,0|0,0|0,0|0
15,78619661,.,G,C,.,PASS,AC=3724;AN=5096;DP=22614;AF=0.73;EAS_AF=0.83;EUR_AF=0.61;AFR_AF=0.77;AMR_AF=0.79;SAS_AF=0.66;VT=SNP;NS=2548,GT,1|1,1|1,1|1,0|1,0|1,1|0,0|0,0|1,1|1,1|1,1|1,0|1,1|1,0|1,1|1,0|0,1|0,0|1,1|0,1|1,0|1,1|0,0|1,1|0,1|1,1|0,1|1,1|0,1|1,1|0,1|1,1|1,0|1,1|0,1|1,0|1,1|1,1|1,1|1,1|0,0|1,1|0,0|1,1|0,1|0,1|0,1|1,0|1,1|0,1|1,0|0,0|0,1|1,0|0,1|0,1|0,0|1,0|1,0|1,0|0,0|1,1|0,0|1,1|0,1|1,1|0,0|1,1|1,1|0,1|1,1|1,1|1,1|1,1|0,1|1,0|0,0|1,1|0,0|1,1|1,1|1,0|1,1|1,0|1,1|0,1|0,0|1,0|1,0|0,1|1,0|0,1|1,1|0,0|0,1|1,1|1,1|0,1|0,1|1,1|1,0|1,1|1,1|1,1|0,0|1,1|1,0|1,1|1
15,78619861,.,C,T,.,PASS,AC=2980;AN=5096;DP=20013;AF=0.58;EAS_AF=0.5;EUR_AF=0.6;AFR_AF=0.5;AMR_AF=0.77;SAS_AF=0.64;VT=SNP;NS=2548,GT,1|1,1|1,1|1,0|1,0|1,1|0,0|0,0|1,1|1,1|1,1|1,0|1,1|1,0|1,0|1,0|0,1|0,0|1,1|0,1|1,0|1,0|0,0|1,1|0,1|1,1|0,1|1,1|0,1|1,1|0,1|1,1|1,0|1,1|0,1|1,0|1,1|1,1|1,1|1,1|0,0|1,1|0,0|1,1|0,1|0,1|0,1|1,0|1,1|0,1|1,0|0,0|0,1|1,0|0,1|0,1|0,0|1,0|1,0|1,0|0,0|1,1|0,0|1,1|0,1|1,1|0,0|1,1|1,1|0,1|1,1|1,1|1,1|1,1|0,1|1,0|0,0|1,1|0,0|1,1|1,1|1,0|1,1|1,0|1,1|0,1|0,0|1,0|1,0|0,1|1,0|0,1|1,1|0,0|0,1|1,1|1,1|0,1|0,1|1,1|1,0|1,1|1,1|1,1|0,0|1,1|1,0|1,1|1
15,78619862,.,A,C,.,PASS,AC=3424;AN=5096;DP=20080;AF=0.67;EAS_AF=0.77;EUR_AF=0.6;AFR_AF=0.61;AMR_AF=0.77;SAS_AF=0.65;VT=SNP;NS=2548,GT,1|1,1|1,1|1,0|1,0|1,1|0,0|0,0|1,1|1,1|1,1|1,0|1,1|1,0|1,0|1,0|0,1|0,0|1,1|0,1|1,0|1,0|0,0|1,1|0,1|1,1|0,1|1,1|0,1|1,1|0,1|1,1|1,0|1,1|0,1|1,0|1,1|1,1|1,1|1,1|0,0|1,1|0,0|1,1|0,1|0,1|0,1|1,0|1,1|0,1|1,0|0,0|0,1|1,0|0,1|0,1|0,0|1,0|1,0|1,0|0,0|1,1|0,0|1,1|0,1|1,1|0,0|1,1|1,1|0,1|1,1|1,1|1,1|1,1|0,1|1,0|0,0|1,1|0,0|1,1|1,1|1,0|1,1|1,0|1,1|0,1|0,0|1,0|1,0|0,1|1,0|0,1|1,1|0,0|0,1|1,1|1,1|0,1|0,1|1,1|1,0|1,1|1,1|1,1|0,0|1,1|1,0|1,1|1
15,78619936,.,C,G,.,PASS,AC=3279;AN=5096;DP=19309;AF=0.64;EAS_AF=0.77;EUR_AF=0.6;AFR_AF=0.51;AMR_AF=0.77;SAS_AF=0.65;VT=SNP;NS=2548,GT,1|1,1|1,1|1,0|1,0|1,1|0,0|0,0|1,1|1,1|1,1|1,0|1,1|1,0|1,0|1,0|0,1|0,0|1,1|0,1|1,0|1,0|0,0|1,1|0,1|1,1|0,1|1,1|0,1|1,1|0,1|1,1|1,0|1,1|0,1|1,0|1,1|1,1|1,1|1,1|0,0|1,1|0,0|1,1|0,1|0,1|0,1|1,0|1,1|0,1|1,0|0,0|0,1|1,0|0,1|0,1|0,0|1,0|1,0|1,0|0,0|1,1|0,0|1,1|0,1|1,1|0,0|1,1|1,1|0,1|1,1|1,1|1,1|1,1|0,1|1,0|0,0|1,1|0,0|1,1|1,1|1,0|1,1|1,0|1,1|0,1|0,0|1,0|1,0|0,1|1,0|0,1|1,1|0,0|0,1|1,1|1,1|0,1|0,1|1,1|1,0|1,1|1,1|1,1|0,0|1,1|1,0|1,1|1
15,78620003,.,C,T,.,PASS,AC=8;AN=5096;DP=17814;AF=0;EAS_AF=0;EUR_AF=0.01;AFR_AF=0;AMR_AF=0;SAS_AF=0;VT=SNP;NS=2548,GT,0|0,0|0,0|0,0|0,0|0,0|0,0|0,0|0,0|0,0|0,0|0,0|0,0|0,0|0,0|0,0|0,0|0,0|0,0|0,0|0,0|0,0|0,0|0,0|0,0|0,0|0,0|0,0|0,0|0,0|0,0|0,0|0,0|0,0|0,0|0,0|0,0|0,0|0,0|0,0|0,0|0,0|0,0|0,0|0,0|0,0|0,0|0,0|0,0|0,0|0,0|0,0|0,0|0,0|0,0|0,0|0,0|0,0|0,0|0,0|0,0|0,0|0,0|0,0|0,0|0,0|0,0|0,0|0,0|0,0|0,0|0,0|0,0|0,0|0,0|0,0|0,0|0,0|0,0|0,0|0,0|0,0|0,0|0,0|0,0|0,0|0,0|0,0|0,0|1,0|0,0|1,0|0,0|0,0|0,0|0,0|0,0|0,0|0,0|0,0|0,0|0,0|0,0|0,0|0,0|0,0|0,0|0,0|0
15,78620130,.,C,A,.,PASS,AC=208;AN=5096;DP=16442;AF=0.04;EAS_AF=0.05;EUR_AF=0.09;AFR_AF=0;AMR_AF=0.05;SAS_AF=0.02;VT=SNP;NS=2548,GT,0|0,1|0,0|0,0|0,0|0,1|0,0|0,0|0,1|0,0|0,0|1,0|0,0|0,0|0,0|0,0|0,0|0,0|0,0|0,0|0,0|0,0|0,0|1,0|0,1|0,0|0,1|0,0|0,1|0,0|0,0|1,0|0,0|0,1|0,0|0,0|1,0|0,0|0,0|0,0|0,0|0,1|0,0|0,1|0,0|0,0|0,0|0,0|0,0|0,0|0,0|0,0|0,0|1,0|0,0|0,0|0,0|0,0|0,0|1,0|0,0|0,1|0,0|0,0|0,1|0,0|0,0|0,0|1,0|0,1|0,0|0,0|1,0|0,0|0,1|0,0|0,0|1,0|0,0|0,0|0,0|0,0|0,0|0,0|0,0|0,0|0,0|0,0|0,0|0,0|0,0|0,0|0,0|0,0|0,0|0,1|0,0|0,0|0,0|0,0|0,0|0,1|0,1|0,0|0,0|0,0|0,0|1,1|1
15,78620156,.,C,T,.,PASS,AC=41;AN=5096;DP=16792;AF=0.01;EAS_AF=0;EUR_AF=0.03;AFR_AF=0;AMR_AF=0.01;SAS_AF=0.01;VT=SNP;NS=2548,GT,0|0,0|0,0|0,0|0,0|0,0|0,0|0,0|0,0|0,0|0,0|0,0|0,0|0,0|0,0|0,0|0,0|0,0|0,0|0,0|0,0|0,0|0,0|0,0|1,0|0,0|0,0|0,0|0,0|0,0|0,0|0,0|0,0|0,0|0,0|0,0|0,0|0,0|0,0|0,0|0,0|0,0|0,0|0,0|0,0|1,0|0,0|0,0|0,0|0,0|0,0|0,0|0,0|0,0|0,0|0,0|0,0|0,0|0,0|0,0|0,0|0,0|1,0|0,0|0,0|0,0|0,1|0,0|0,0|0,0|0,0|0,0|0,0|0,0|0,0|0,0|0,0|0,0|1,0|0,0|0,0|0,0|0,0|0,0|0,0|1,0|0,0|0,0|0,0|0,0|0,0|0,0|0,0|0,0|0,0|0,0|0,0|0,0|0,0|0,0|0,0|0,0|0,0|0,0|0,0|0,0|0,0|0,0|0
15,78620364,.,C,A,.,PASS,AC=272;AN=5096;DP=16749;AF=0.05;EAS_AF=0.06;EUR_AF=0;AFR_AF=0.14;AMR_AF=0.02;SAS_AF=0;VT=SNP;NS=2548,GT,0|0,0|0,0|0,0|0,0|0,0|0,0|0,0|0,0|0,0|0,0|0,0|0,0|0,0|0,1|0,0|0,0|0,0|0,0|0,0|0,0|0,1|0,0|0,0|0,0|0,0|0,0|0,0|0,0|0,0|0,0|0,0|0,0|0,0|0,0|0,0|0,0|0,0|0,0|0,0|0,0|0,0|0,0|0,0|0,0|0,0|0,0|0,0|0,0|0,0|0,0|0,0|0,0|0,0|0,0|0,0|0,0|0,0|0,0|0,0|0,0|0,0|0,0|0,0|0,0|0,0|0,0|0,0|0,0|0,0|0,0|0,0|0,0|0,0|0,0|0,0|0,0|0,0|0,0|0,0|0,0|0,0|0,0|0,0|0,0|0,0|0,0|0,0|0,0|0,0|0,0|0,0|0,0|0,0|0,0|0,0|0,0|0,0|0,0|0,0|0,0|0,0|0,0|0,0|0,0|0,0|0,0|0,0|0
15,78620577,.,C,A,.,PASS,AC=1;AN=5096;DP=14140;AF=0;EAS_AF=0;EUR_AF=0;AFR_AF=0;AMR_AF=0;SAS_AF=0;VT=SNP;NS=2548,GT,0|0,0|0,0|0,0|0,0|0,0|0,0|0,0|0,0|0,0|0,0|0,0|0,0|0,0|0,0|0,0|1,0|0,0|0,0|0,0|0,0|0,0|0,0|0,0|0,0|0,0|0,0|0,0|0,0|0,0|0,0|0,0|0,0|0,0|0,0|0,0|0,0|0,0|0,0|0,0|0,0|0,0|0,0|0,0|0,0|0,0|0,0|0,0|0,0|0,0|0,0|0,0|0,0|0,0|0,0|0,0|0,0|0,0|0,0|0,0|0,0|0,0|0,0|0,0|0,0|0,0|0,0|0,0|0,0|0,0|0,0|0,0|0,0|0,0|0,0|0,0|0,0|0,0|0,0|0,0|0,0|0,0|0,0|0,0|0,0|0,0|0,0|0,0|0,0|0,0|0,0|0,0|0,0|0,0|0,0|0,0|0,0|0,0|0,0|0,0|0,0|0,0|0,0|0,0|0,0|0,0|0,0|0,0|0
15,78620601,.,G,A,.,PASS,AC=1855;AN=5096;DP=14390;AF=0.36;EAS_AF=0.47;EUR_AF=0.23;AFR_AF=0.24;AMR_AF=0.52;SAS_AF=0.46;EX_TARGET;VT=SNP;NS=2548,GT,0|0,1|0,0|0,0|0,0|1,1|0,0|0,0|0,1|1,1|0,1|1,0|0,0|1,0|1,0|1,0|0,1|0,0|0,1|0,0|0,0|1,0|0,0|1,0|0,1|0,0|0,1|1,0|0,1|1,0|0,0|1,0|0,0|0,1|0,0|0,0|1,1|1,0|0,0|0,0|0,0|0,1|0,0|0,1|0,0|0,0|0,0|0,0|0,0|0,1|1,0|0,0|0,1|1,0|0,1|0,0|0,0|1,0|0,0|1,0|0,0|0,1|0,0|0,0|0,1|1,0|0,0|0,0|1,0|0,1|0,0|0,0|1,0|0,0|0,1|0,0|0,0|1,0|0,0|0,0|0,0|0,0|1,0|0,0|0,0|0,1|0,0|1,0|0,0|0,0|0,0|0,0|0,0|0,0|0,0|0,1|0,0|0,1|0,0|0,0|0,0|1,1|0,1|0,0|0,0|0,0|0,0|1,1|1
15,78620608,.,G,A,.,PASS,AC=1;AN=5096;DP=14592;AF=0;EAS_AF=0;EUR_AF=0;AFR_AF=0;AMR_AF=0;SAS_AF=0;EX_TARGET;VT=SNP;NS=2548,GT,0|0,0|0,0|0,0|0,0|0,0|0,0|0,0|0,0|0,0|0,0|0,0|0,0|0,0|0,0|0,0|0,0|0,0|0,0|0,0|0,0|0,0|0,0|0,0|0,0|0,0|0,0|0,0|0,0|0,0|0,0|0,0|0,0|0,0|0,0|0,0|0,0|0,0|0,0|0,0|1,0|0,0|0,0|0,0|0,0|0,0|0,0|0,0|0,0|0,0|0,0|0,0|0,0|0,0|0,0|0,0|0,0|0,0|0,0|0,0|0,0|0,0|0,0|0,0|0,0|0,0|0,0|0,0|0,0|0,0|0,0|0,0|0,0|0,0|0,0|0,0|0,0|0,0|0,0|0,0|0,0|0,0|0,0|0,0|0,0|0,0|0,0|0,0|0,0|0,0|0,0|0,0|0,0|0,0|0,0|0,0|0,0|0,0|0,0|0,0|0,0|0,0|0,0|0,0|0,0|0,0|0,0|0,0|0
15,78620687,.,C,T,.,PASS,AC=12;AN=5096;DP=15671;AF=0;EAS_AF=0;EUR_AF=0;AFR_AF=0;AMR_AF=0;SAS_AF=0.01;EX_TARGET;VT=SNP;NS=2548,GT,0|0,0|0,0|0,0|0,0|0,0|0,0|0,0|0,0|0,0|0,0|0,0|0,0|0,0|0,0|0,0|0,0|0,0|0,0|0,0|0,0|0,0|0,0|0,0|0,0|0,0|0,0|0,0|0,0|0,0|0,0|0,0|0,0|0,0|0,0|0,0|0,0|0,0|0,0|0,0|0,0|0,0|0,0|0,0|0,0|0,0|0,0|0,0|0,0|0,0|0,0|0,0|0,0|0,0|0,0|0,0|0,0|0,0|0,0|0,0|0,0|0,0|0,0|0,0|0,0|0,0|0,0|0,0|0,0|0,0|0,0|0,0|1,0|0,0|0,0|0,0|0,0|0,0|0,0|0,0|0,0|0,0|0,0|0,0|0,0|0,0|0,0|0,0|0,0|0,0|0,0|0,0|0,0|0,0|0,0|0,1|0,0|0,0|0,0|0,0|0,0|0,0|0,0|0,0|0,0|0,0|0,0|0,0|1
15,78620702,.,T,C,.,PASS,AC=805;AN=5096;DP=15224;AF=0.16;EAS_AF=0.33;EUR_AF=0.04;AFR_AF=0.27;AMR_AF=0.04;SAS_AF=0.03;EX_TARGET;VT=SNP;NS=2548,GT,0|0,0|0,0|0,0|0,0|0,0|0,1|0,0|0,0|0,0|0,0|0,0|0,0|0,0|0,1|0,0|0,0|0,0|0,0|0,0|0,0|0,1|0,0|0,0|0,0|0,0|0,0|0,0|0,0|0,0|0,0|0,0|0,0|0,0|0,0|0,0|0,0|0,0|0,0|0,0|0,1|0,0|0,0|0,0|0,0|0,0|0,0|0,0|0,0|0,0|0,0|0,1|1,0|0,1|0,0|0,0|0,0|0,0|0,0|0,0|0,1|0,0|0,0|0,0|0,0|0,0|0,0|0,0|0,0|0,0|0,0|0,0|0,0|0,0|0,0|0,0|0,0|0,0|0,0|0,0|0,0|0,0|0,0|0,0|0,0|0,0|0,0|0,0|0,1|0,0|0,1|0,0|0,0|0,0|1,0|0,0|0,0|0,0|1,0|0,0|0,0|0,0|0,0|0,0|1,0|0,0|0,0|0,0|0
